"Transcript"	"Desiree"	"L10"	"L13"	"L15"	"L16"	"L17"	"L18"	"L19"	"L1"	"L20"	"L21"	"L22"	"L23"	"L24"	"L25"	"L26"	"L27"	"L28"	"L29"	"L2"	"L30"	"L31"	"L32"	"L33"	"L34"	"L35"	"L36"	"L37"	"L3"	"L4"	"L5"	"L6"	"L7"	"L8"	"L9"	"Sapomira"	"sw1015"
"c135677_g3_i2"	0.18	0.086	0.09	0	0.145	0.071	0.22	0	0	0.07	0.076	0.142	0	0	0.065	0.368	0.139	0.18	0	0.324	0.216	0	0.064	0.086	0.081	0.144	0.166	0	0.151	0	0	0.173	0.158	0.286	0.167	0.2	0.074
"c143367_g2_i1"	0	0	0	0	0	0	0	0	0	0	0	0	2.658	0	0	0	0	0	0	0	0	0	0	0	0	0	0	0	0	0	0	0	0	0	0	0	0
"c143478_g1_i2"	3.476	0.503	0.26	1.437	5.456	0.357	4.204	3.291	3.528	3.602	5.877	8.294	2.126	2.857	3.861	7.051	3.469	1.421	0.855	3.363	0.413	7.069	1.971	5.259	7.547	1.171	2.223	7.703	1.74	4.168	4.097	0.427	4.779	2.907	0.413	2.417	1.52
"c105146_g1_i2"	0.033	0	0	0.222	0	0	0.162	0	0.17	0.321	0	0	0.288	0.105	0.073	0.085	0	0	0.104	0.21	0	0.21	0	0	0	0.163	0	0	0.162	0	0.085	0.185	0.168	0.158	0.179	0.07	0.084
"c130048_g2_i4"	0.033	0.075	0	0	0.068	0.071	0	0.151	0.074	0.07	0.066	0	0.089	0.094	0.065	0.141	0	0	0	0.061	0.138	0.184	0	0.313	0	0	0	0	0.216	0.069	0.148	0.081	0.069	0.069	0.156	0	0.074
"c151117_g1_i1"	0	0	0	0	0	0	0	0	0	0.251	0.256	0	0	0	0	0	0	0	0	0	0	0	0	0	0	0	0.288	0	0	0.721	0	0.277	0	0.483	0	0	0
"c76174_g1_i3"	0	0	0	0	0	0	0	0	0	0	0	0	0	0	0	0	0	0	0.913	0	0	0	0	0	0	0	0	0.896	0	0	0	0	0.898	0	0	0.678	0
"c139598_g4_i2"	0.672	0.717	0.124	0.195	0.426	0	0.43	0.452	0.35	1.194	2.73	0.962	0.133	1.101	0.097	1.093	2.922	0.665	1.467	1.034	0.108	0	0	0.119	0.475	0	0	0.362	6.268	0.731	0.328	5.833	1.254	6.542	2.423	0.956	0.327
"c149696_g1_i1"	0	0	0	0	0	0	0	0	0	0	0	0	0	0	0.405	0	0	0	0	0	0.216	0	0	0	0.253	0	0	0.252	0.702	0	0	0	0.247	0	0	0	0
"c178646_g1_i1"	0.098	0.268	0	0	0	0	0	0	0.254	0	0.72	0	0	0	0	0	0	0	0	0.201	0	0	0	0	0	0.509	0	0	0	0	0	0	0.257	0.227	0	0	0
"c166854_g1_i1"	0	1.573	0	0	0	0	0	0	0	0	1.327	0	0	0	0	0	0	0	0	0	0	0	0	0	0	0	0	0	0	0	0	0	0	0	0	0	0
"c140882_g2_i3"	2.009	1.68	1.988	1.757	1.809	2.142	1.5	1.581	1.854	1.716	1.725	1.849	1.894	1.873	1.837	2.111	1.991	2.582	1.791	1.787	1.741	2.05	1.741	2.004	2.304	1.737	2.124	1.641	1.697	1.768	1.927	2.368	1.708	1.557	1.485	1.826	2.059
"c170138_g1_i1"	0	0	0	0	0	0.316	0	0	0	0	0	0	0	0	0	0	0	0	0	0	0	0	0	0	0	0	0	0	0.313	0	0	0	0	0.296	0	0	0
"c109633_g1_i2"	0	0.738	0	0	0.677	0	0	0	0	0	0	0	0	0	0	0	0	0	0.797	0	0	0	0	0	0	0	0	0	0	0	0	0	1.54	0.581	0	0	0
"c104272_g1_i1"	0.098	0	0	0	0.126	0	0	0	0	0.12	0	0.123	0	0	0.105	0	0	0	0	0.105	0	0	0	0	0	0.125	0.144	0.141	0	0.119	0	0	0.128	0	0.279	0	0
"c68248_g3_i1"	0	0	0	0	0	0	0.096	0	0	0.1	0.095	0	0	0	0	0	0	0	0	0	0	0	0	0	0	0	0	0	0.605	0	0	0.219	0	0.384	0	0	0
"c136211_g1_i1"	0.18	0.096	0.102	0.08	0.087	0.082	0	0	0.095	0	0.256	0	0	0	0	0.085	0.165	0	0.104	0.149	0.079	0	0.157	0.097	0	0	0	0	0.173	0	0	0	0	0.079	0	0.226	0
"c126181_g1_i1"	1.648	0.278	2.09	2.076	1.906	0.52	1.529	1.613	0.953	1.545	0.133	2.529	0.775	0.656	0.34	0.386	1.243	2.064	0.947	1.787	1.347	2.304	1.188	2.543	0.707	2.207	1.914	0.423	1.189	1.106	1.969	1.467	2.301	1.241	2.144	1.93	1.415
"c136748_g1_i1"	1.172	1.477	1.457	1.482	0.745	0.816	1.414	0.85	0.742	1.314	1.336	1.057	1.495	1.323	0.915	0.877	1.052	1.308	0.855	1.244	0.787	1.025	1.151	1.272	1.071	1.315	1.958	0.725	1.567	1.156	1.08	1.79	1.106	2.02	1.887	1.278	1.953
"c117202_g2_i1"	0.131	0	0.192	0	0.164	0	0	0	0	0	0	0	0.199	0	0	0	0	0	0	0	0	0.28	0.147	0.528	0	0	0	0	0.162	0.158	0.169	0	0	0	0	0	0
"c139721_g1_i4"	0.057	0.054	0.158	0.248	0	0	0.182	0	0	0.642	0.047	0.094	0.055	0	0.04	0.047	0	0	0.566	0.044	0.128	0.044	0.083	0.205	0.354	0	0.155	0.05	0.335	0	0.148	0.162	0	0.177	0	0.122	0.095
"c111409_g1_i2"	0	0	0	0	1.142	0	0	0	0	1.164	0	0	0	0	0	0	0	0	0	0	0	0	0	0	0	0	0	0	0	0	0	0	0	0	0	0	0
"c100065_g1_i1"	0	0	0	0.452	0	0	0	0.559	0	0	0	0	0	0	0	0	0	0	0.635	0.438	0	0.438	0	0	0	0	0	0	0	0	0.498	0	0.592	0	0	0	0
"c96010_g1_i1"	1.591	0	0.418	0.106	0.242	0	0.831	0.247	1.017	0.361	0	0.594	0	0.609	0.105	0	0.461	0.293	0.739	0.727	0	0.517	0.672	0	0.131	0.24	0	0.403	0	0	0.371	0.416	0.257	0	0	0	0
"c16717_g1_i1"	0.467	0.492	0	0	0.9	0	0	0.237	0	0	0.682	0	0	0.293	0.202	0	0.217	0.564	0.277	0	0.433	0.578	0.212	0.248	0	0	0	0.252	0	0.642	0.455	0	0.731	0.434	0.759	0.2	0
"c123907_g1_i2"	0	0	0	0.426	0.474	0.163	1.405	1.495	0.498	0.482	0.161	0.311	0.764	0.609	0.283	0	0.304	1.173	0	1.366	0.905	0.131	0.147	0.172	0.354	1.938	0.177	0.705	1.135	0.148	0.318	0.358	0.504	1.37	0.882	0	1.425
"c138325_g3_i1"	1.574	1.755	1.152	1.579	1.993	1.856	2.484	0.549	1.949	0.963	2.938	1.783	1.252	1.382	1.773	1.461	0.765	1.455	1.71	2.671	1.111	2.75	1.244	3.545	1.313	0.94	1.538	1.52	1.059	1.521	2.848	1.71	1.58	1.616	1.139	2.156	1.953
"c105684_g1_i1"	0.156	0	0	0.222	0	0.122	0.248	0.516	0.657	0.502	0	0	0	0	0	0	0	0	0	0.105	0	0	0	0	0	0	0	0	1.027	0.474	1.016	1.132	0	0.365	0.547	0	0.993
"c177476_g1_i1"	0	0	0	0	0	0	0	0	0	0	0	0	0	0	0	0	0	0	0	0	0	0	0	0	0	0	0	0	1.61	0	1.376	0	0	0	0	0	0
"c81041_g1_i1"	0.713	0	0.508	0.754	0.435	0	1.691	0.925	0.445	0.441	0.427	1.255	0	3.29	0.389	0.462	0.87	0	0.531	0	0	0	0.424	0.905	1.92	0.499	0.962	0	0.443	0.405	1.683	0	0	0.394	0.48	0	0
"c129801_g2_i1"	1.64	0.674	0	0.266	1.528	0.938	0.898	1.936	1.907	1.856	3.649	0.887	1.861	1.545	0.542	0.632	1.504	0.767	1.872	0.78	2.301	0.517	1.161	0	0.677	1.66	1.029	1.369	1.243	0.869	0.603	2.021	2.32	1.714	1.027	2.973	1.193
"c59756_g1_i1"	0	0	0	0	0	0	0	0	0	0	0	0	0	0	0	1.273	0	0	0	0	0	0	0.58	0	0	0	0	0	0	0	1.112	0.612	0	0	0	0	0.549
"c134202_g1_i2"	4.682	5.64	7.433	5.802	5.688	4.886	4.309	3.216	3.718	3.361	2.957	5.416	1.65	4.18	3.853	2.771	5.278	5.255	6.238	5.054	7.041	4.923	5.582	7.576	3.041	5.191	6.405	5.206	4.96	6.647	5.315	2.079	5.055	3.803	4.668	4.016	5.005
"c155074_g1_i1"	0	0	0	0	0	0	0	0	0	0	0	0.387	0	0	0	0	0	0	0	0	0	0	0	0.42	0	0.451	0	0	0	0	0	0.439	0	0	0	0	0
"c14740_g1_i1"	0	0	0	0	0	0	0	0	0	0	0	0	0	0	0	0	0	0	0	0	0	0	0	2.36	0	0	0	0	0	0	0	0	0	0	0	0	0
"c144087_g5_i1"	0.139	0	0.203	0	0	0.173	0.506	0	0.18	0	0	0.5	0	0	0	0.17	0	0	0.208	0	0.157	0	0	0	0	0	0	0.383	0	0.326	0	0	0	0.168	0	0.148	0.169
"c135838_g1_i1"	12.725	19.445	28.388	19.332	15.933	18.932	15.001	17.339	23.582	19.022	13.658	18.249	19.803	21.109	14.537	17.985	14.513	17.422	16.567	14.04	21.408	23.527	12.731	25.088	18.883	17.82	25.519	16.312	30.929	12.929	20.199	24.557	18.148	20.79	24.577	17.978	23.757
"c135035_g2_i2"	0	0	0	0	0	0.296	0.296	0.065	0	0	0.057	0.123	0	0	0.057	0.123	0	0	0	0.263	0.344	0.105	0.055	0.205	0	0.413	0.066	0	0.367	0	0	0	0	0	0	0	0.063
"c26988_g1_i1"	0.205	0	0	0	0.493	0	0	0	0	0	0	1.415	0	0	0.882	0.528	0	1.252	0	0	0	0.823	0	0.506	0	0	0	0	0	0.454	0	0	0	0	0	0	0
"c140623_g1_i4"	0.82	0.556	0.926	0.932	0.687	0.918	0.917	0.495	0.466	0.441	0.995	0.802	0.432	0.281	0.486	0.443	0.348	0.496	0.497	0.771	0.207	1.069	0.672	0.291	0.202	0.566	0.42	1.047	0.681	0.988	0.529	0.462	0.267	0.325	0.246	0.548	0.707
"c129562_g1_i2"	1.484	0.792	1.231	2.218	1.142	0.724	0.793	0.936	1.102	0.933	0.872	0.991	1.285	0.726	3.06	1.065	1.252	0.778	1.04	1.909	0.974	0.666	1.842	1.229	0.758	0.864	0.841	1.661	0.897	1.353	0.667	0.947	1.323	0.857	0.938	1.321	0.686
"c103986_g1_i1"	0.189	0	0	0.399	0	0	0	0	0	0	0	0	0	0	0	0	0.217	0	0	0	0	0	0	0	0.253	0.24	0	0	0.465	0	0	0	0	0.217	0	0	0
"c92745_g1_i1"	0.164	0.107	0.113	0	0.3	0.204	0.105	0.215	0.106	0.512	0	0	0	0	0.267	0.207	0.096	0.248	0.127	0	0	0	0	0.108	0	0.307	0.232	0.111	0.313	0	0.212	0.231	0	0	0.223	0.356	0.106
"c146262_g1_i1"	168.166	127.669	124.08	160.378	171.187	156.577	151.948	204.387	117.773	171.522	175.423	238.902	248.862	165.945	160.56	250.518	210.96	338.262	243.508	90.53	149.355	201.297	189.379	198.903	274.97	280.634	198.485	240.417	101.054	117.765	162.569	191.973	127.458	118.117	108.739	83.953	116.527
"c173547_g1_i1"	0	0	0	0	0	0	0	0	1.176	0	0	0	0	0	0	0	0	0	0	0.928	0	0.999	0	0	0	0	0	0	0	0	0	0	0	0	0	0	0
"c147611_g1_i3"	0	0	0.339	0.133	0	0.143	0	0.151	0	0.14	0	0.142	0.177	0.187	0	0.151	0	0.18	0.173	0.123	0	0	0	0.162	0.798	0	0	0	0.303	0	0.296	0.323	0.148	0.138	0.324	0	0.148
"c131406_g1_i3"	0.926	0	0	0	0.532	0.082	0.229	0.484	0.085	0.311	0.152	0.915	0.454	0.199	0.68	0.462	0.591	0.282	0.289	0.333	0.069	0.263	0	0.259	1.273	0.307	0.177	0.936	0	0.079	0.159	0.439	0.237	0.227	0.167	0.409	0
"c114829_g1_i1"	0.066	0	0.35	0.204	0.232	0.153	0	0.075	0.085	0.15	0	0.226	0	0	0	0.151	0.07	0.383	0.185	0.131	0.148	0.131	0.074	0.086	0	0.077	0.177	0.171	0.162	0	0.159	0.092	0	0.079	0	0.139	0.074
"c91883_g1_i1"	0.074	0.193	0	0	0	0.173	0.172	0	0	0	0	0.17	0	0	0.154	0	0.339	0	0	0	0.167	0.149	0	0	0	0.182	0.199	0	0	0	0	0	0	0.168	0	0	0
"c139877_g1_i2"	0.131	0.342	0.147	0.195	0.281	0.255	0.22	0.258	0.434	0.221	0.19	0.189	0.222	0.164	0.356	0.311	0.296	0.271	0.347	0.14	0.334	0.648	0.23	0.313	0.313	0.365	0.398	0.242	0.13	0.306	0.095	0.219	0.425	0.128	0.1	0.191	0.285
"c108929_g2_i1"	0	0.086	0	0	0.077	0	0.076	0	0	0	0.076	0	0	0	0	0	0	0	0.092	0.263	0	0	0	0.086	0.162	0	0.088	0.081	0	0	0.466	0	0	0	0	0	0
"c133065_g2_i1"	0.385	0	0	0	0	0	0	0	0	0	0	0	0	0	0.858	0	0	0	0	0	0	0.78	0	0	0	0	1.958	0	0	0	0	0	0	0	0	0	0
"c100905_g1_i1"	3.099	1.199	0.791	1.464	0.135	1.377	0.946	1.71	1.441	1.505	1.365	4.02	2.293	2.26	0	4.553	4.209	3.203	0	0	1.426	3.022	1.391	1.498	3.304	3.867	3.883	0.151	2.107	5.087	1.387	2.021	0	1.714	0	5.538	1.637
"c61625_g1_i1"	0	0	0	0	0	0	0	0	0	0	0	0	0	0	0	0	0	0	0	0	0	0	0	0	0	0	0	0	0	0	0	0	0	0	0	0	0
"c117675_g1_i1"	1.468	1.22	0.26	1.766	3.744	1.357	3.058	1.162	2.32	1.786	1.554	0.868	2.149	1.124	0.785	1.593	0.435	0.282	1.363	1.524	1.682	1.699	0.829	0	0.738	1.862	0.254	1.732	0.681	0.84	1.779	1.744	1.422	0.847	1.485	1.565	2.407
"c125519_g1_i2"	0.123	0	0	0	0.29	0	0.296	0	0.159	0.15	0	0	0	0	0	0	0.139	0	0	0.131	0.138	0	0	0	0.162	0.154	0	0	0.151	0	0.148	0.173	0.158	0	0.335	0	0.296
"c156567_g1_i1"	0	0	0	0	0	0	0	0	0	0	0	0	0	0	0	0	0	0	0	0	0	0	0	1.013	0	0	1.128	0	0	0	0	0	0	0.897	0	0	0
"c119165_g1_i1"	0.131	0.171	0	0.142	0.155	0.153	0.459	0.323	0.159	0.311	0	0.151	0	0.597	0.413	0	0.304	0	0	0	0	0	0	0	0.344	0.317	0.177	0.342	0.324	0.148	0.159	0.173	0.168	0.148	0.179	0.278	0
"c174570_g1_i1"	0	0	0	0	0	0	0	0	0	0	0.872	0	0	0	0	0	0	0	0	0	0	0	0	0	0	0	0	0	0.443	0	0	0.728	0	0.207	0.246	0	0
"c144975_g1_i4"	0.803	0.653	0.531	0.958	0.832	0.704	0.64	0.538	0.477	0.682	0.72	0.953	0.731	0.562	1.295	0.924	0.983	0.947	0.624	1.428	0.875	0.78	0.94	0.614	0.616	0.518	0.597	0.594	0.465	0.909	0.508	0.716	0.8	0.453	0.592	0.556	0.602
"c133359_g1_i2"	0.082	0	0.237	0.532	0	0.204	0.984	0.419	0.625	0	0	0.198	0.244	0.258	0.356	0.405	0	0	0.243	1.034	0.384	0	0	0.873	0.667	0	0	0	0	0	0	0	0	0.187	0.893	0.704	0.201
"c182394_g1_i1"	0	0	0	0	0	0	0	0	0	0	0	0	0	0	0	0	0	0	0	0	0	0	0	0	0	0	0	0	1.146	0	0	0	0	0	0	0	0
"c77119_g2_i1"	0	0.075	0	0	0	0	0	0.151	0	0.07	0.142	0	0	0	0	0	0	0	0	0	0	0	0	0	0.081	0	0	0	0.378	0	0	0.254	0	0.138	0	0	0
"c144942_g7_i2"	0.82	0	0	0.106	0.464	0.347	0	0	0	0	0.588	0	0	0.152	0.202	0	0	0.147	0.578	0.105	0.993	0.394	0.433	0.129	0.384	0	0.398	0.896	0	0.336	0.36	0.139	0.612	0	0	1.026	0
"c131838_g1_i1"	0.172	0.171	0.056	0.142	0.203	0.214	0	0.054	0.117	0.05	0.322	0.057	0.31	0.07	0.186	0.16	0.148	0.124	0.127	0.096	0.256	0.131	0.046	0	0.172	0	0	0.06	0.216	0.405	0.159	0.058	0.109	0.158	0.112	0.139	0.106
"c171895_g1_i1"	0	0	0	0	0.842	0	0	0	0	0	0	0.764	0	0	0	0	0	0	0	0	0	0	0	0	0	0	0	0	0	0	0	0	0	0	0	0	0
"c114990_g1_i1"	0.057	0.321	0	0	1.142	0	0	0	0	0.431	1.014	0.283	0.343	0.187	0.13	0	0.139	0.18	0	0	0	0	0	0	0	0.441	0.166	0.161	0	0	0	0	0.76	0.7	0	0.13	0
"c147412_g1_i3"	2.894	2.108	2.045	2.218	2.689	2.091	1.663	2.194	2.288	2.388	2.701	2.501	2.293	2.4	2.744	3.054	2.739	2.706	2.934	1.839	2.527	2.619	2.791	2.295	2.354	2.351	2.4	2.588	2.086	2.133	1.81	2.553	2.962	2.365	1.72	2.782	2.439
"c129249_g3_i2"	0	0	0	0	0.387	0	0	0	0	0	0	0	0	0	0	0	0.765	0	0.474	0.324	0	0	0	0	0	0	0	0.433	0	0	0	0	0	0	0	0	0
"c124690_g1_i1"	5.87	7.801	7.591	9.44	9.016	7.171	16.463	4.722	5.604	11.056	7.374	8.275	6.579	7.411	2.525	5.929	6.948	10.792	3.327	8.575	3.186	4.318	9.138	1.121	8.962	9.346	4.137	10.431	8.581	7.852	5.505	8.605	8.235	6.089	5.393	5.06	4.371
"c136491_g4_i1"	0.172	0.118	0.418	0.47	0.464	0.734	0.258	0.269	1.218	0.261	0.682	0.151	0.31	0.866	0.413	0.886	0.296	0.068	0.323	0.368	0.403	0.272	0.387	0.119	0.172	0.557	0.785	0.282	1.027	0.849	0.434	1.028	0.543	0.207	0.983	0.043	1.003
"c180489_g1_i1"	0	0	0	0	0	0	0.583	0	0	0	0	0	0	0	0	0	0.626	0.789	0.739	0	0	0	0	0	0	0	0.664	0	0	0	0	0	0.701	0	0	0	0
"c143898_g1_i1"	2.287	1.776	1.559	2.183	1.954	2.316	2.809	1.947	1.526	2.408	2.616	1.991	1.65	1.581	2.25	1.848	2.643	1.793	1.791	2.882	1.809	2.356	2.257	1.67	1.313	1.468	1.405	2.195	1.578	2.647	1.323	1.686	1.994	1.734	1.63	1.739	1.869
"c136122_g1_i2"	0.205	0.161	0.497	0.195	0.706	0.214	0	0.452	0.307	0.14	0	0.283	0.343	0.187	0.065	0.075	0.417	0.801	0.439	1.76	1.377	0.245	0.461	0.399	0.242	0.144	0	0.312	0.367	0.415	0.593	1.155	0.079	0.424	0.246	0.191	1.161
"c116238_g1_i1"	0	0	0	0	0	0	0	0	0	0	0	0	0	0	0	0	0	0	0	0	0	0	0	0	0	0	0	0	0	0	0	0	0	0	0	0	0
"c111104_g3_i1"	0	0	0	0	0.31	0.102	0.105	0.108	0.222	0	0.209	0.104	0	0.129	0	0	0.096	0	0	0	0.197	0.088	0	0.119	0.222	0.307	0	0	0.108	0.099	0	0	0.109	0.099	0.112	0	0
"c48149_g1_i1"	0	0	0	0.479	0	0	0	0	0.572	0.582	0	0	0	0	0	0	0.574	0	0	0.928	0	0	0	0	0	0	0	0	0	0.523	0	0	0	0	0	0	0
"c45291_g1_i1"	0	0.321	0	0	0	0	0	0	0	0	0	0	0	0	0.518	0	0	0	0	0	0	0	0	0	0	0	0	0	0	0	0	0	0	0	0.324	0	0
"c58973_g1_i2"	0	0	0	0.763	0	0	0	0	0	0	0	0	0	0	0	0	0	0	0	0	0.836	0	0	0	0	0	0	0	0	0	0	0	0	0	0	0	0
"c162013_g1_i1"	0	0	0	0	0	0.255	0	0	0.265	0	0	0	0	0	0.227	0	0	0	0	0	0	0	0	0	0	0.269	0	0	0.259	0	0	0	0	0	0	0	0
"c105535_g1_i1"	0.336	0	0	0.479	0	0	0.526	0	0.286	0	0	0	0	0.34	0	0	0	0	0.335	0.228	0	0	0	0.291	0	0.288	0	0.302	0	0	0	0	0	0	0	0	0
"c144168_g5_i3"	0.246	0.139	0	0.151	0.193	0.326	0.755	0.753	0.879	0.622	0.597	0.264	1.052	0.796	0.348	0.292	0.313	0.688	0.162	0.114	0.885	0.368	0.276	0.291	1.02	0.835	0.155	0.222	1.091	0.099	0.614	0.693	0.306	0.394	0.145	0.2	0.433
"c63541_g1_i1"	0.205	0	0	0	0	0	0	0	0	0	0	0.472	0	0.621	0.445	0.528	0	0	0	0	0.462	0.42	0	0	0	0	0	0.564	0	0	0	0	0	0	0	0	0
"c139055_g2_i1"	0.156	0	0.215	0	0.368	0	0.182	0.387	0	0	0	0.359	0	0.468	0	0	0	0	0	0.315	0	0	0.175	0	0.202	0	0.21	0	0	0.178	0	0.208	0	0	0.201	0	0
"c163831_g1_i1"	0	0	0	0	0	0	0	0	0	0	0	0	0	0	0	0.905	0	2.12	0	0	0	0	0	0	0	0	0	0	0	0	0	0	0	0	0	0	0
"c119662_g1_i1"	0.074	0.385	0.407	0.151	0	0	0.344	0.183	0	0.171	0.171	0.34	0.21	0.667	0	0.179	0.339	0	0	0.298	0	0	0	0	0.384	0	0.199	0	0	0.168	0	0.196	0.188	0.168	0	0.156	0.348
"c119119_g3_i1"	1.107	1.776	1.92	0.94	1.828	0.908	0.717	4.302	3.401	1.074	0.986	1.614	2.359	2.658	2.574	1.169	0.991	2.909	1.895	1.542	2.96	0.692	2.653	3.944	2.293	3.915	3.838	0.745	4.928	2.005	1.143	2.83	1.116	1.025	3.406	1.382	1.89
"c64841_g2_i1"	0	0	0.508	0	0.435	0	0	0	0.445	0	0.427	0	0	0	0	0	0.435	0	0	0	0	0.368	0	0	0.485	0	0	0.493	0.443	0	0	0.474	0	0	0	0	0
"c61688_g1_i1"	0	0	0	0	0	0	0	0	2.129	0.732	0	0.67	0	0	0	0.782	0.73	0.925	0	0	0	0.587	0	0.69	0.778	0	0	0	0.702	0	0.656	0	0	0	1.574	0.626	0
"c98243_g1_i1"	0	0	0	0	0	0	0	0	0	0	0	0	0	0	0	0	0	5.548	0	0	0	0	0	0	0	0	0	0	0	0	0	0	0	0	0	0	0
"c117819_g1_i1"	0.459	0	0	0.488	0	0	0.545	0	0	0.562	0	0.538	0	0	0.243	0	0	0.688	0.335	0.701	0.256	0.937	0.258	0	0.606	0.297	0.31	0.926	0.281	0.257	0.551	0	0.296	0	0	0.73	0.275
"c5609_g1_i1"	0.148	0	0	0	0	0	0.172	0	0	0	0.18	0	0	0	0	0	0	0	0	0.307	0.167	0	0.166	0	0	0	0	0.191	0.184	0	0	0.601	0.188	0	0	0.156	0
"c140481_g2_i1"	0.648	0.46	1.706	1.251	0.987	1.428	0.898	1.484	1.176	1.334	0.701	0.547	1.141	0.773	0.988	1.018	0.383	0.756	1.548	1.323	0.747	0.648	1.225	0.614	0.445	1.142	1.305	0.876	0.929	0.919	0.54	1.005	1.718	1.054	0.815	0.774	2.238
"c92939_g1_i2"	0.467	0.31	0.983	0.497	0.842	0	0.554	0.592	2.924	1.134	0.284	0.274	1.706	1.065	0.996	0	0	2.109	0.693	1.2	0	0.237	0.267	0.302	0.616	0.912	0	0.946	0	0	0.836	0	1.827	0.798	0	0.252	0
"c141088_g4_i1"	0	0.342	0	0	0	0	0.306	0	0	0	0	0	0	0.398	0	0.33	0	0	0	0.272	0	0	0	0	0.354	0	0.708	1.42	0	0	0	0	0	0	0	0	0.306
"c24932_g1_i1"	0	2.943	0	1.854	0	0	2.226	0	0	2.99	0	0	0	0	2.558	0	0	3.834	2.9	3.486	0	0	0	0	0	0	0	0	0	0	3.716	0	0	0	0	2.304	0
"c144037_g1_i1"	19.357	18.803	17.476	21.665	19.202	16.872	18.918	17.091	19.313	20.347	20.037	20.476	19.227	18.264	22.138	20.983	23.747	20.907	21.222	21.214	21.093	23.965	21.86	18.827	19.641	19.748	23.041	20.108	16.761	20.189	18.103	17.869	19.244	18.425	19.061	18.491	16.789
"c128446_g1_i1"	0.139	0.064	0.26	0.151	0.164	0.112	0.22	0.054	0.064	0.281	0.284	0.217	0.199	0.281	0.097	0.273	0.209	0.203	0.069	0.193	0.157	0.14	0.101	0	0.061	0.106	0.133	0.121	0	0.109	0.053	0.069	0.118	0.059	0.067	0	0.169
"c48704_g1_i1"	0	0	0	0	0.416	0	0	0	0	0	0.815	0.793	0	0.515	0	0.434	0	0.519	0	0	0.767	0	0	0	0	0	0.454	0.936	1.243	0	0	0.45	0	0	0	0	1.183
"c147660_g1_i1"	12.684	10.338	9.139	11.001	9.809	13.199	10.147	12.187	15.923	9.702	11.734	10.399	8.927	10.385	8.604	9.049	16.774	11.716	8.549	7.804	11.673	11.685	10.299	10.744	10.123	11.131	11.924	12.546	9.975	7.872	13.159	12.764	14.208	11.055	10.295	17.561	10.517
"c118077_g1_i2"	1.681	7.534	1.774	3.141	4.808	3.886	5.742	2.936	11.145	10.274	3.554	3.218	5.549	5.163	3.61	2.884	3.478	3.496	4.043	6.946	9.362	1.945	5.997	3.545	7.577	4.865	6.858	3.403	5.457	6.025	6.331	7.358	7.395	4.089	4.534	2.921	8.489
"c122175_g2_i1"	0	0	0.215	0	0.184	0.184	0	0	0.191	0.181	0	0	0	0	0	0	0	0.226	0.451	0.158	0.177	0.307	0.341	0	0	0	0	0.403	0	0.178	0.18	0.208	0.583	0	0.201	0	0.18
"c101691_g1_i1"	0	0	0	0.364	0	0	0	0.28	0.138	0	0	0	0	0.34	0	0.273	0	0	0	0	0.384	0.342	0.129	0.151	0	0	0	0	0.14	0	0	0	0	0	0	0	0.137
"c48071_g1_i1"	0	0	0	0	0	0	0	0	0	0	0	0.226	0	0	0	0	0	0	0	0	0.216	0	0.212	0	0	0	0	0	0	0	0.233	0	0	0	0	0	0
"c128635_g1_i2"	1.033	0.621	0.497	1.295	0.948	1.469	1.462	0.484	1.292	1.324	2.521	1.274	0.631	0.597	1.667	1.141	1.6	0.834	0.797	3.574	1.062	1.34	1.474	0.636	0.748	0.413	0.498	0.544	0.811	1.136	1.037	1.074	0.82	1.202	0.48	0.852	0.834
"c78985_g1_i1"	2.246	0	2.338	1.411	0	0	0	0	0	2.067	0	0	0	0	1.789	0	0	0	2.149	0	0	0	2.238	0	0	0	0	0	0	0	0	0	0	1.36	0	0	2.935
"c104525_g1_i1"	0.082	0.214	0.689	0	0.193	0.204	0	0	0	0.201	0	0	0.244	0	0.348	0.613	0	0.248	0.243	0.342	0.187	0	0	0	0	0.614	0	0	0.411	0	0.603	0	0	0	0.223	0.174	0.201
"c35214_g1_i1"	0	0	0	0	0	0	0	0	0	0	0	0.642	0	0	0	0	0	0	0	0	0	0	0	0	0	0	0	0	0.67	0	0	0	0	0	0	0	0
"c143141_g4_i7"	0.221	0.31	0.192	0.24	0.222	0.449	0.268	0.301	0.54	0.431	0.417	0.226	0.166	0.421	0.235	0.349	0.139	0.271	0.196	0.289	0.256	0.35	0.221	0.323	0.242	0.154	0.332	0.332	0.292	0.415	0.275	0.358	0.237	0.305	0.614	0.304	0.338
"c142710_g1_i3"	5.977	5.105	4.575	5.518	5.185	4.366	5.14	5.808	6.145	7.585	5.393	5.133	7.354	7.61	5.553	8.493	7.695	4.68	5.187	6.157	8.939	7.016	6.411	6.132	6.092	7.437	6.194	4.018	5.728	3.625	5.367	7.496	6.813	5.202	6.767	6.946	5.121
"c94614_g1_i1"	4.411	0	0	3.238	1.432	4.549	0	0	5.191	0	2.578	0	0	0	0	0	0	3.789	0	1.025	3.619	3.337	0	0	3.041	0	0	3.393	1.297	2.38	2.287	1.271	3.614	3.202	0	10.928	0
"c140114_g2_i9"	0.082	0.225	0.045	0.186	0.164	0.122	0.124	0.086	0.265	0.241	0.085	0.085	0.244	0.047	0.251	0.283	0	0.101	0.046	0.219	0.118	0.035	0.147	0.14	0.091	0.202	0.232	0.272	0.13	0.079	0.042	0.289	0.336	0.118	0.089	0.035	0.338
"c26173_g1_i1"	0	0	0	0	0	0	0	0	0	0	0	0	0	2.271	0	0	0	0	0	1.34	0	0	0	0	0	0	0	0	0	0	0	0	0	0	0	0	0
"c166330_g1_i1"	0	0	0	0	0	0	0	0	0	0	0.227	0	0	0	0	0	0	0	0	0	0	0	0	0	0	0	0	0	0.908	0	0	0	0	0	0	0	0
"c103052_g1_i1"	0.541	0.289	0.305	0.461	0	0	0	0	0	0.793	0.265	0.255	0	0	0.696	0.273	0.765	0.327	0	0.666	0.492	0.219	0	0.28	0.293	0.278	0.299	0	0	0.988	0.265	0.289	0.286	0	0	0	0
"c156156_g1_i1"	0	1.573	0	1.109	0	0	0	0	0	0	0	0	0	0	0	0	0	0	0	0	0	0	0	1.229	0	0	0	0	0	0	0	0	0	0	0	0	1.172
"c68867_g1_i1"	0	0	0	0	0	0.887	0	0	0	0.873	0	0	0	0	0	0	0	0	0	0	0.767	0	0	0	0	0	0	0	0.821	0	0	0	0	0	0	0	0
"c137152_g1_i1"	0.435	0.738	0.52	0.728	0.571	0.632	0.373	0.409	0.614	0.492	0.37	0.387	0.532	0.702	0.575	0.556	0.548	0.575	0.508	0.613	0.708	0.368	0.617	0.83	0.404	0.748	0.542	0.403	0.724	0.454	0.508	0.45	0.444	0.552	0.681	0.4	0.528
"c109730_g1_i1"	0.23	0.064	0.068	0.222	0.184	0.122	0.248	0.194	0.466	0.251	0.123	0.245	0.078	0.082	0.275	0	0.357	0.158	0.15	0.105	0.354	0.158	0	0	0.071	0.182	0.144	0.201	0.389	0.365	0.064	0.139	0.128	0.305	0.346	0.165	0.127
"c99619_g1_i1"	35.968	30.831	36.804	36.872	33.375	21.125	33.671	30.537	28.053	24.791	47.315	46.935	34.544	33.098	35.866	41.371	41.564	47.429	25.139	28.334	40.997	30.78	25.259	34.248	38.706	38.605	45.495	22.011	33.685	24.051	39.202	29.651	27.597	23.588	55.106	52.613	30.937
"c83105_g1_i1"	0.377	0	0	0	0	0	0	0	0	0	0	0	0	0	0	0	0	0	0	0	0	0	0	0	0	0	0	0	0	0	0	0	0	0.778	0	0	0
"c166639_g1_i1"	0	0	0	0	0	0	2.991	0	0	0	0	0	0	0	0	0	0	0	0	0	0	0	0	0	0	0	0	0	0	0	0	0	0	0	0	0	0
"c120297_g1_i1"	0.238	0.642	0	0.169	0.387	0.592	0.764	0.613	0.201	0.391	0.389	0.377	0.941	0.246	0.34	0.396	0.374	1.207	0	0.499	0.551	0	0.544	0.42	0.212	0.403	0.221	0.644	0.195	0	0	0.219	0.622	0.187	0	0.174	0.19
"c170110_g1_i1"	0.197	0	0	0	0.484	0	0	0	0	0	0	0.462	0	0	0	1.546	0	0	0	1.2	0	0	0	0	0	0	0	0	0	0	0	0	0	0	0	0	0
"c122852_g2_i1"	3.64	0.963	1.435	3.611	2.97	3.213	5.57	6.83	1.854	2.478	2.825	3.963	1.695	3.138	1.4	5.92	5.8	2.188	1.733	3.039	4.848	5.387	2.625	3.265	3.89	7.072	3.794	0.785	5.782	5.037	1.419	1.398	0.938	4.907	0.782	3.112	3.506
"c132907_g1_i2"	0.033	0.171	0.09	0.142	0.077	0.082	0.076	0.323	0.328	0.161	0.076	0.075	0.089	0.503	0	0	0.078	0.485	0.092	0.07	0.079	0.07	0	0.086	0.172	0.077	0	0.091	0.238	0.079	0.085	0.266	0.079	0.158	0	0.07	0
"c132026_g1_i1"	0.451	0	0.712	0.346	0.609	0.388	0.306	0.075	0.572	0	1.327	0.453	0.365	1.089	0	0.933	0.226	0.383	0.185	0.543	0	0.131	0.286	0.172	0.424	0.835	0.088	0.252	0.4	0.523	0.953	0.531	0.405	0.374	0.77	0.956	0.465
"c84910_g1_i1"	0	0	0	0	0	0	0	0	0	0.261	0.256	0	0	0	0	0	0	0	0	0	0	0.219	0	0	0	0	0	0.282	0	0	0	0	0	0	0	0	0.253
"c141348_g2_i3"	6.256	8.005	4.394	5.847	7.101	5.131	4.816	6.819	5.244	4.836	7.052	8.323	6.357	7.481	7.374	7.4	7.678	8.424	9.15	5.553	5.359	6.053	6.559	6.164	8.234	6.477	5.564	6.917	4.863	7.023	5.156	7.219	6.151	6.069	4.645	6.842	5.438
"c134925_g1_i1"	5.6	11.215	4.993	4.977	8	6.538	7.023	5.733	5.763	5.949	6.767	8.162	7.177	6.744	6.014	8.71	8.078	11.626	9.889	4.449	7.159	7.296	5.011	7.533	7.749	5.345	5.055	10.905	6.127	8.514	4.764	5.833	9.261	7.36	7.761	9.311	4.709
"c171999_g1_i1"	0	0	0	0.763	0	0	0	0	0	0	0	0.859	0	0	0	0	0	0	0	0	0	0	0	0	0	1.382	0.962	0	0	0	0	0	0	0	0	0	0
"c13187_g1_i1"	0	1.017	0	0	0	0	0	0	0	0	0	0	0	0	0	0	0	0	0	0	0	0	0	0	0	0	0.962	0	0	0	0.826	0	0	0	0	0	0
"c115331_g1_i1"	0.935	0	2.982	0	0	0	0	0	0	0	0	0	0	2.81	0	0	0	0	0	0	0	1.857	0	0	0	0	0	0	0	1.906	0	0	0	0	0	0	0
"c112016_g1_i1"	1.041	0	0.994	0.736	1.267	0.877	3.287	0.893	1.303	1.294	0.417	0.406	0.521	0	1.133	0.443	0.843	0	1.537	0	0.393	0.359	0.405	0	0.465	0.489	0.465	0	0.854	1.185	0.413	0	0	1.163	1.418	0	1.214
"c73883_g1_i1"	0	0	0	0	0	0	0	0	0	0	0	0	0	0	0	0	0	0	0	1.542	0	0	0	0	0	0	0	0	0	0	0	0	0	0	0	0	0
"c96282_g1_i1"	0.721	0	0	0	0	2.071	0	0	0	0	0	0	0	0	0	0	0	0	0	1.296	0	0	0	0	0	0	0	0	0	0	0	0	0	0	0	0	0
"c142365_g1_i4"	0.631	0.407	0.779	0.586	0.59	0.704	0.65	0.602	0.456	0.502	0.758	0.519	0.676	0.738	0.988	0.424	0.33	0.857	0.497	0.569	0.738	0.534	0.433	0.647	0.657	0.413	0.52	0.514	0.724	0.652	0.752	0.728	0.829	0.67	0.692	0.417	0.919
"c146764_g4_i1"	1.14	0.278	0	0.444	0	0	0.248	0.269	0	0.251	0.749	0.981	0.609	0.316	1.117	0.255	0.243	0.316	0.312	0.219	0.954	0.21	0	0.808	0.556	0	0.288	0	0.259	0	0.752	0	0	0	0.558	0.443	0
"c132256_g1_i3"	6.313	11.097	9.274	9.688	8.523	8.64	7.864	14.252	12.617	9.1	8.701	8.691	8.506	11.485	8.361	7.183	6.365	9.529	9.531	7.524	8.841	6.464	5.739	11.574	11.548	10.248	11.88	8.69	12.806	7.803	11.91	9.206	8.165	8.809	13.433	7.146	8.679
"c100420_g2_i1"	0	0	0	1.029	1.345	0	0	0	0	0	0	0	0	0	0	3.148	0	0	0	0	0	0	0	0	0	4.952	0	0	0	0	0	0	0	0	0	0	0
"c83843_g1_i1"	0.312	0	0	0	0	0	0	0.258	0.265	0	0	0	0	0	0.219	0	0	0	0	0.21	0	0	0.47	0	0	0	0	0	0	0	0	0	0	0.473	0.279	0	0
"c146439_g7_i2"	2.517	2.686	1.435	3.185	3.27	7.14	9.908	4.313	4.195	6.642	5.241	3.142	3.511	0.515	6.192	0.858	2.435	6.202	1.49	3.416	2.665	4.467	3.141	2.964	5.405	5.115	3.606	2.306	2.475	1.906	5.145	6.619	4.957	2.621	0.904	1.8	7.433
"c135244_g3_i1"	0.549	0	0.52	0	0.445	0.459	0	0	0	0	0	0.425	0.543	0	0	0	0	0	0	0	0	0.745	0.433	0.463	0	0	0	0	0	0.415	0	0	0	0	0	0	1.267
"c146266_g2_i1"	0.139	0.075	0.384	0	0.455	0	0.334	0	0.138	0.271	0.398	0.132	0	0.164	0.178	0.066	0.322	0.406	0.081	0	0.187	0.053	0.184	0.075	0.071	0.192	0.232	0.07	0.065	0.188	0.138	0.081	0.069	0.256	0.078	0.174	0.201
"c140668_g2_i2"	0.23	0.161	0.316	0.151	0.174	0.265	0.315	0.183	0.148	0.201	0.218	0.189	0.233	0.14	0.17	0.113	0.191	0.068	0.081	0.254	0.207	0.131	0.175	0.216	0.071	0.173	0.144	0.151	0.097	0.168	0.159	0.139	0.227	0.148	0.179	0.087	0.074
"c129924_g1_i2"	2.394	0.235	2.892	3.15	0.919	1.867	4.328	0.968	2.807	5.067	4.313	0.142	1.528	1.639	1.255	0.358	1.983	2.109	2.726	3.486	2.586	2.076	2.828	0.237	2.041	2.744	0.166	3.766	3.62	3.576	0.656	1.155	3.13	3.498	3.819	0.695	0.718
"c152584_g1_i1"	0.057	0	0	0.115	0	0	0.134	0.14	0	0.13	0.133	0	0	0.164	0.113	0.132	0.13	0.158	0	0	0.128	0.114	0	0.291	0.141	0	0	0	0	0	0	0	0.138	0.128	0.29	0	0.264
"c118433_g2_i1"	0.139	0.375	0.395	0.452	0.503	0.51	0.162	0.527	0.53	0	0	0.17	1.218	0.855	0.146	0.518	0.817	1.263	0	0.876	0.639	0.14	0.626	0.366	0	0.518	0.387	0.936	0.346	1.126	0.169	0.381	0.178	0.325	0.748	0.148	0.169
"c100223_g1_i1"	5.247	18.053	15.939	5.288	8.281	8.66	3.134	11.864	22.491	7.595	4.569	3.689	15.317	20.43	7.204	20.087	9.261	29.635	16.324	6.657	23.316	6.911	5.942	18.719	8.103	35.678	35.728	9.928	28.281	4.721	11.783	14.508	15.877	15.932	19.463	6.842	18.108
"c173993_g1_i1"	0	0	0	0	0	0	0	0	0	0	0	0	2.791	0	0	0	0	2.819	0	0	0	0	0	0	0	0	1.836	0	0	0	0	0	0	0	0	0	0
"c132854_g1_i2"	0.09	0.118	0.237	0.098	0.106	0.204	0.411	0.161	0.106	0.05	0.209	0.151	0.188	0.269	0.089	0.104	0.2	0.192	0.127	0.184	0	0.175	0.286	0	0.232	0.048	0.122	0.171	0.162	0.148	0.053	0.3	0.267	0.207	0	0	0.317
"c118438_g2_i1"	1.484	0	1.423	0	0.609	0.632	0.583	1.291	0.614	1.856	0	0.576	0	0	0	0.66	0.617	0.778	2.183	0.49	0.561	0	1.188	1.81	0	0	0	0.695	1.2	1.669	0.572	0	0.691	1.074	0	0	1.119
"c134999_g4_i2"	1.566	0.524	1.118	0.825	2.873	0.49	1.844	2.022	1.949	0.973	3.289	0	0.587	4.8	0.85	0.509	0.478	4.251	2.311	0	0	0.403	1.852	1.951	2.637	1.123	4.701	1.087	0.475	0	1.831	4.586	1.6	0	2.658	0.417	0.908
"c127590_g1_i1"	4.641	3.724	3.965	4.188	5.146	4.6	3.631	3.947	4.269	4.154	4.512	4.86	3.599	3.782	5.18	4.553	6.165	4.138	5.199	4.082	4.602	5.063	4.735	3.653	5.607	3.973	2.699	4.118	3.826	3.911	3.938	3.615	5.954	3.311	4.165	5.938	4.023
"c129953_g2_i3"	0.344	0.15	0.474	0.612	0.406	0.551	0.134	0.14	0.148	0.692	0	0.406	0.82	0.351	0.607	0.273	0.53	0	0.508	0.236	0.266	0	0.507	0.603	0.152	0	0	0.302	0.281	0	0	0	0.434	0.128	0.916	0.365	0.412
"c156442_g1_i1"	0	0	0	0	0	0	0	0.29	0	0.281	0	0	0.332	0	0	0.283	0	0.35	0	0	0	0	0.267	0	0	0	0	0	0	0	0	0	0.296	0	0	0	0
"c146727_g3_i1"	0	0.268	0	0	0	0	0	0	0	0.12	0	0.245	0.443	0.152	0.219	0	0	0.147	0	0.21	0	0	0	0.14	0	0	0	0.131	0.13	0	0	0	0	0	0	0	0
"c141332_g1_i3"	0.197	0.011	0.316	0.346	0.348	0.214	0.143	0.097	0.127	0.632	0	0.179	0	0.012	0.186	0	0.009	0.226	0.012	0.324	0	0.149	0.028	0.043	0.01	0.106	0.044	0.131	0.011	0.227	0.011	0.15	0.01	0.03	0	0.043	0
"c103330_g1_i2"	0	0	0	0	0	0	0.535	0	0	0	0	0	0	0	0	0	0	0	1.352	0	0	0	0	0	0	0	0	0	0	0	0	0	0	0	0	0	0
"c144612_g1_i10"	0.107	0	0	0.115	0	0.255	0.029	0	0	0.161	0.161	0	0	0	0.081	0.066	0.026	0.034	0.116	0	0	0	0	0	0	0	0.033	0	0.065	0	0	0	0	0	0.145	0.087	0
"c123929_g1_i1"	0.107	0	0.147	0	0.242	0.122	0.124	0	0.127	0.371	0.246	0.368	0.144	0	0.769	0.123	0.122	0.462	0.15	0.219	0.118	0.105	0.691	0.269	0.141	0.125	0.288	0	0	0.474	0.508	0.289	0	0.118	0.413	0.33	0.127
"c68348_g1_i1"	0	0	0	0	0	0	0	0	0	0	0.844	0	0	0	0	0	0	0	0	0	0	0	0	0	0	0	0	0	0.854	0	0	0	0	0.739	0	0	0
"c141719_g2_i1"	8.822	6.785	7.546	6.086	7.236	8.375	7.835	7.142	8.804	8.267	6.625	6.115	5.859	9.448	7.018	8.276	10.878	9.63	9.138	7.436	8.369	5.72	8.549	7.21	6.628	9.174	11.637	8.629	7.748	8.287	8.543	9.841	9.765	7.124	7.638	10.032	8.859
"c7733_g1_i1"	0	0	0	0	0	0	0	0	0	0	0	0	0	0	0	0	0	0	0	0	0	0	0	0	0	0	0	0	0.443	0	0.423	0.947	0	0.798	0	0	0
"c145669_g3_i5"	0.098	0.246	0.102	0.027	0.222	0.112	0.268	0.183	0.011	0.261	0.607	0.34	0	0.023	0.049	0.33	0.217	0.316	0.231	0	0.285	0.21	0.055	0.226	0.303	0.182	0.166	0.121	0.292	0.079	0.286	0.3	0.03	0.325	0.156	0.061	0.232
"c136176_g4_i1"	0.771	0.578	0.508	0.319	0.261	0.173	0.612	0.742	1.314	0.973	0.711	1.047	0.952	0	1.093	1.065	0.852	0.44	0.439	0.692	0.757	1.06	0.894	0.593	0.192	0.259	0.509	0.876	0.551	0.593	0.18	0.208	0.928	0.69	0.391	0.235	0.264
"c134326_g1_i1"	2.279	0	2.169	0.798	0.464	0.479	0.898	0.979	0.943	2.358	0.455	0.887	1.717	1.744	0.413	0.98	0.461	0.586	0	2.304	2.154	1.945	0.451	0.474	0.515	1.084	1.018	0	2.788	1.294	1.779	0.497	1.027	1.261	3.607	1.226	1.32
"c53535_g1_i1"	0	0	0	0	0	0	0	0	0	0	0	0	0	0	0	0	0	0	0	0	0	0	0	0	0	0	0	0	0	0	0	0	0	0	0	0	0
"c170154_g1_i1"	0.172	0	0	0	0.416	0	0.401	0	0	0.421	0	0	0	0	0.737	0	0	0	0	0	0	0	0.396	0	0	0	0	0	0	0	0	0	0	0	0.458	0	0
"c59639_g1_i1"	0.18	0	0	0.373	0	0	0	0	0.445	0.441	0	0.83	0	0	0.389	0	0.426	0	0	0	0	0	0	0.442	0.475	0.499	0	0.493	0.432	0	0	0.936	0	0.394	0.48	0	0
"c111874_g1_i1"	1.976	4.067	2.971	6.84	1.267	0	0	2.668	0	1.294	0	1.113	0	1.499	2.266	0	0	0	1.433	0	0	0	0	1.099	1.354	0	1.228	0	0	3.22	0	3.477	3.14	0.975	0	3.251	0
"c38369_g1_i1"	0	1.134	0	0	0	0	0	0	0	0	0	0	1.34	0	0	0	0	0	0	0	0	0	0	0	0	0	0	0	0	0	0	0	0	0	0	0	0
"c164972_g1_i1"	0	0	0	0	0	0	0	0	0	0	0	0	0	0	0	0	0	1.06	0	0	0.738	0	0	0	0	0	0	0	0	0	0	0	0	0	0	0	0.729
"c122521_g1_i1"	0.115	0	0.158	0.124	0	0	0.277	0.151	0.297	0.14	0.284	0.142	0.166	0.351	0.121	0.141	0	0.169	0.52	0.123	0.138	0.123	0	0.313	0.465	0.144	0	0.151	0.14	0.405	0.286	0.474	0.592	0.266	0.156	0.243	0.285
"c49233_g1_i1"	0	0	0	0	0	0	0.296	0	0	0	0	0	0	0	0.267	0	0	0	0	0	0	0.254	0	0	0	0	0	0	0	0	0	0	0	0.286	0	0	0
"c164788_g1_i1"	0.336	0	0	0	0	0	0	0	0	0	0.796	0	0	0	0	0	0	0	0	0	0	0	0	0	0	0	0	0	0	0	0	0	0	0	0	0	0
"c13096_g1_i1"	0	0	0	0	0	0	0	0	0	0	0	0	0	0	0	0	0	0	0	0.534	0	0	0	0	0	0	0	1.52	0	0	0	0.681	0	0	0	0	0
"c112242_g1_i1"	0.828	1.509	2.248	1.357	1.054	2.081	1.682	2.743	1.197	2.448	1.45	1.548	2.68	1.92	1.376	1.32	0.956	2.154	0.924	0.876	1.554	1.34	0.811	1.466	1.586	2.274	1.15	1.792	1.686	1.748	2.583	2.818	0.918	1.843	1.887	0.835	1.204
"c174413_g1_i1"	0	0	0	0.435	0	0.52	0	0	0	0	0	0	0	0	0	0	0	0	0	0	0	0	0	0	0	0	0	0	0	0	0	0	0.563	0	0	0.443	0.475
"c147564_g2_i1"	6.157	4.206	4.394	4.959	5.456	4.417	4.682	4.152	2.956	4.806	5.223	6.049	4.951	4.051	5.585	5.156	6.139	5.582	5.164	5.185	5.094	5.65	6.411	4.936	4.435	5.316	5.088	4.44	3.869	5.511	3.494	4.251	5.253	4.385	3.998	5.494	4.076
"c137238_g1_i1"	1.427	0.161	0	0.532	0.745	0.755	1.481	0.161	3.634	0	0.749	0	0.177	0.574	0	0.302	0.287	0.372	0.924	0.385	0.423	0.385	0.976	2.457	0.162	1.065	1.195	0.997	1.081	0.286	0.762	0.335	0.948	1.015	0.335	0.791	0
"c85834_g1_i1"	0.221	0.203	0.215	0.648	0.184	0	0.535	0.764	0	0.542	0	0.528	0.432	0.457	0.324	0.368	0	0	0	0	0.167	0.307	0.166	0.399	0	0.374	0	0	0.184	0.859	1.101	0.404	0	0.177	0.201	0	0.18
"c71874_g1_i1"	0	0	0	0	0	0	0	0	0	0	2.208	0	0	0	0	0	0	0	0	0	0	0	0	0	0	0	0	0	0	0	0	0	0	0	0	0	0
"c157875_g1_i1"	0	0	0	0	0	0	0	0	0	0	0	0	0	0	0	0	0	0	0.67	0	0	0	0	0	0	0	0	0.312	0	0	0	0	0	0	0	0	0
"c144832_g5_i8"	0.164	0.171	0.407	0.186	0.097	0.102	0.048	0.108	0.106	0.201	0	0.198	0.177	0.07	0.227	0.047	0.191	0.124	0	0.219	0.098	0.175	0.046	0.119	0.222	0.202	0.354	0.111	0.108	0.148	0.159	0.347	0.158	0.197	0.112	0.13	0
"c143109_g3_i1"	0	0	0	0	0	0	0	0.678	0	0	0	0	0	0.796	0	0	0	0	0	0	0	0	0	0	1.414	0	0	0	0	0	0	0	0	0	0	0	0
"c142079_g1_i4"	1.869	1.562	2.677	2.786	2.96	3.009	2.752	1.85	3.411	2.548	2.294	2.878	2.226	2.002	2.372	2.291	2.087	2.346	2.264	2.146	2.999	2.164	2.017	2.446	2.556	2.84	3.274	1.933	2.345	3.437	2.064	2.945	2.123	2.444	2.323	2.356	3.136
"c140622_g4_i1"	0.189	0.128	0	0.204	0.116	0.347	0	0.118	0.117	0	0.455	0.226	0	0	0.299	0.113	0	0.282	0.555	0.394	0.216	0	0.313	0.129	0	0	0	0	0.238	0.217	0	0.393	0.355	0.325	0.257	0.4	0
"c136136_g1_i3"	1.746	1.209	2.304	2.032	1.867	1.897	1.328	2.14	1.716	1.013	1.441	2.038	1.506	1.979	2.695	2.206	1.87	2.176	2.264	2.496	1.79	0.569	1.916	0.679	2.748	1.046	1.858	1.802	1.146	1.709	1.376	1.582	2.36	1.872	1.619	2.034	1.066
"c102991_g1_i2"	0.156	0.268	0	0.222	0	0.122	0	0	0	0	0.626	0	0	0	0	0	0	0.158	0	0	0.236	0	0.111	0	0	0.125	0	0.141	0	0	0	0	0.257	0.601	0.279	0	0.127
"c144682_g1_i6"	0.189	0	0	0	0	0.224	0.564	0	0.244	0	0.796	0.443	0	0	0.202	0	0.435	0.417	0.139	0.201	0.325	0.096	0	0.129	0.121	0.23	0	0	0	0	0.116	0	0	0	0.38	0.104	0.232
"c38227_g1_i1"	0.115	0	0	0	0	0	0	0	0.583	0	1.118	0	0	0	0	0	0	0	0	0	0.266	0	0	0	0	0	0	0	0	0.267	0	0.312	0	0	0	0	0
"c1288_g2_i1"	0	0	0	0	0	0	0	0	0	0	1.118	0	0	0	0	0	0	0	0	0	0	0	0	0	0	0	0	0	0.292	0	0	0	0	0	0	0	0
"c125030_g2_i3"	0.041	0	0	0	0	0.184	0.086	0	0.191	0	0	0	0.111	0	0.081	0	0.087	0.226	0.116	0.079	0	0	0.083	0	0	0	0	0.101	0	0	0	0	0	0.089	0.1	0.313	0
"c148935_g1_i1"	0.599	0	0	0	0	0	0	0	0	0	0	0	0	0	0	0	0	0	0	0	0	0.604	0	0	0	0	0	0	0	0	0	0	0	0	0	0	0
"c136516_g1_i4"	0.5	0.653	1.389	0.408	0.667	0	0.373	0	1.112	0.672	0.303	1.113	2.049	2.962	0.526	0.829	0.217	0.834	2.495	0.263	0.856	0.061	0.341	1.918	1.647	1.036	1.383	1.48	1.243	1.007	0.307	0.693	1.649	0.591	0.837	1.391	0.76
"c142141_g1_i2"	0.033	0.075	0.023	0.035	0	0.061	0.019	0.022	0.021	0.09	0.54	0	0.022	0.023	0.016	0.019	0.017	0.023	0.023	0.149	0.059	0.07	0.055	0.119	0.02	0.038	0.055	0.02	0.065	0.059	0.064	0.023	0.02	0.039	0.045	0	0.042
"c150642_g1_i1"	0	0	0.181	0	0	0.163	0	0.172	0	0.161	0	0	0	0	0	0	0	0	0	0	0	0	0	0	0	0	0	0.181	0	0.148	0.487	0	0	0	0	0	0
"c73442_g1_i2"	0.107	0	0	0.062	0.193	0	0.134	0.549	0	0	0.066	0	0.078	0.34	0.178	0.462	0.13	0.079	0.323	0	0.187	0.053	0.368	0.075	0.071	0.259	0.155	0.141	0.065	0.188	0.201	0.081	0.207	0.256	0	0.348	0.201
"c61668_g1_i1"	0.066	0	0	0	0	0	0	0	0	0.161	0	0	0	0	0	0	0.148	0	0	0.272	0	0	0	0.172	0	0.96	0	0	0	0	0	0	0	0	0.346	0	0
"c146943_g1_i3"	4.083	3.531	4.01	3.655	4.053	3.57	3.975	3.722	4.312	3.451	3.801	3.803	4.02	3.372	4.063	3.865	4.026	3.372	3.859	3.766	3.993	4.301	4.081	4.699	3.617	3.598	4.214	3.736	3.869	3.378	3.557	3.569	4.206	4.02	3.897	4.408	3.917
"c134723_g1_i1"	0.476	0.631	0.666	0.248	0.29	0.296	0.277	0.301	0.593	1.164	0.284	0.274	0.343	0.363	0.761	0.594	0.565	1.083	0.705	0.727	0	0.245	0	0.302	0.637	0.614	0.962	1.279	0	0.267	1.133	0	0.306	0	0	0	0.285
"c60219_g1_i1"	0.361	0	0	1.464	0	0	0	0	0	0	1.716	0	0	0	0.809	0	0	0	0	0	0	1.472	0	0	0	0	0	0	0	0	0	0	0	0	0	0	0
"c165427_g1_i1"	0	0	0.904	0.337	0.387	0	0	0	0	0.391	0	0	0	0	0	0	0	0	0.462	0	0	0	0	0	0	0	0	0	0	0.356	0	0	0	0	0	0.339	0
"c142953_g1_i4"	1.172	0.91	0.983	0.914	1.054	1.265	1.108	1.043	0.742	0.783	0.73	1.038	1.528	0.749	0.955	0.999	0.87	1.5	1.248	0.902	0.521	0.876	0.94	0.862	0.919	1.017	0.885	0.856	0.929	0.691	0.498	0.681	0.948	0.946	1.485	1.174	0.686
"c136402_g1_i5"	0.066	0	0	0.071	0	0.163	0.076	0	0	0.08	0.161	0.085	0.199	0.105	0.219	0.085	0.078	0.101	0.104	0.07	0.079	0.14	0.074	0	0.091	0	0.088	0.181	0.335	0.079	0	0.092	0	0	0	0.07	0
"c93175_g1_i1"	0.164	0.15	0	0.124	0.397	0.133	0	0.14	0	0.672	0	0.132	0.487	0	0	0.132	0.13	0.169	0.335	0.937	0	0.455	0.129	0.593	0.152	0	0	0	0.411	0.257	0.138	0	0	0.128	0.301	0	0.275
"c132462_g1_i1"	0	0	0	0	1.171	0	0	0	0	0	0	0	0	0	0	0	1.226	0	0	0	0	1.857	0	0	0	0	0	0	0	0	0	0	0	0	0	0	0
"c79195_g1_i1"	0	0	0	0	0	0	0	0.43	0	0	0	0	0	0	0	0	0	0	0	1.375	0.384	0	0.396	0	0	0	0	0	0	0	0	0	0	0	0.458	0	0
"c139576_g1_i2"	15.545	9.193	9.918	16.662	24.155	3.948	5.742	4.625	19.281	2.247	23.914	34.97	16.989	11.052	21.539	16.844	29.304	16.013	7.821	4.519	4.386	26.576	20.524	7.059	15.771	11.333	7.024	14.54	11.347	22.332	18.749	14.138	12.223	9.419	10.999	6.19	8.194
"c171598_g1_i1"	0	0	0	0	0	0	0	0	0	0	0	0	0	0	0	0	0	0	0	0	0	0	0	0	0	0	0	0	0	0	0	0	0	0	0	0	0
"c152644_g1_i1"	0	0	0	0	0	0	0	0	0	0	0	0	0	0.503	0	0	0	0	0	0	0	0	0	0	0	0	0	0	0	0.375	0	0	0	0	0	0	0
"c143850_g2_i7"	0.213	0.428	0.226	0.231	0.803	0.306	0.334	0.355	0.212	0.221	0.54	0.84	0.299	0.258	0.299	0.141	0.348	0.316	0	0.35	0.246	0.263	0.332	0.345	0.434	0.106	0.232	0.373	0.054	0.217	0.18	0.231	0.405	0.079	0.19	0.174	0.148
"c92644_g1_i1"	0	0	0	0	0	0	0	0	0	0	0	2.387	0	0	0	0	0	0	0	0	2.39	0	0	0	0	0	0	0	0	0	0	0	0	0	0	0	0
"c141955_g2_i1"	73.306	35.465	59.882	62.396	47.73	99.495	88.457	64.988	60.269	78.066	61.343	44.661	47.07	46.339	57.243	43.982	46.782	50.068	44.986	50.879	45.53	51.908	64.014	48.624	40.757	55.839	44.489	60.122	47.009	48.032	61.879	59.983	60.989	38.614	59.473	49.266	39.68
"c113277_g1_i1"	0	0	0	0	0	0	0	0	0	0	0	0	0	0	0	0	0	0	0	0	0	0	0	0	0	20.42	0	0	0	0	0	0	0	0	0	0	0
"c144750_g2_i1"	0.361	0.706	1.243	0.648	0.358	0.581	0.497	0.678	2.362	0.211	0.436	0.708	0.941	1.288	0.826	0.792	0.139	2.21	1.421	1.007	2.95	0.429	0.995	2.403	1.425	1.555	4.214	0.312	1.416	0.761	0.741	0.913	0.454	0.286	1.921	0.765	1.383
"c140485_g3_i1"	0.992	0.631	0.249	0.79	0.793	0.806	0.143	0.301	0.233	0.221	0.806	0.434	0.609	0.281	0.259	0.292	0.557	0.451	0.266	0.823	0.551	0.561	0.737	0.571	0.485	0.787	0.42	0.483	0.53	0.701	0.296	0.335	0.306	0.355	0.569	1.026	0.37
"c149428_g1_i1"	0.082	0	0	0	0.203	0	0	0	0	0.201	0	0.293	0	0.129	0.178	0.104	0.096	0.124	0	0	0	0.175	0.092	0	0	0	0.232	0.111	0	0.099	0	0	0.207	0	0	0	0
"c122101_g1_i2"	0.902	2.75	1.717	6.796	2.206	3.764	2.819	1.151	2.098	2.097	0.976	3.548	1.639	2.681	4.541	3.846	2.33	2.03	1.918	1.48	2.242	3.127	2.211	3.319	2.809	2.006	0	2.789	1.47	3.062	2.139	1.363	2.33	2.719	0.536	2.069	4.107
"c10475_g1_i1"	0	0	0	0	3.821	0	0	0	0	0	0	0	0	0	0	5.26	0	0	0	0	2.832	0	0	0	0	0	0	0	0	0	2.308	0	0	0	0	0	0
"c65160_g1_i1"	0	0	0	0	0	0	0	1.549	0	0	0	2.529	0	0	0	0	0	0	0	0	0	0	0	0	0	0	0	0	0	0	0	0	0	0	0	0	0
"c82862_g1_i1"	0.107	0.867	0.61	0	0.522	0	0	0.549	0.551	0.261	0	0.255	0.321	0	0.235	0.273	0.513	0	0	0.228	0	0	0	0	0.576	0	0.586	0.584	0	0	0	0.289	0	0	0	0.695	0
"c142099_g1_i2"	1.607	1.102	1.593	1.748	1.538	1.907	3.153	2.678	2.182	1.896	2.597	1.293	2.082	1.897	1.376	1.895	1.843	1.511	1.744	1.629	1.318	1.016	1.363	2.048	1.596	2.313	2.234	1.349	1.891	1.403	2.308	1.594	1.55	1.685	1.865	1.347	1.246
"c144181_g1_i8"	0.18	0	0.407	0.231	0.339	0.265	0.086	0.183	0.275	0.873	0.872	0.859	1.041	1.218	0.227	0	0.252	0.101	0	0.307	0.246	1.857	0.083	0.388	0.283	0.173	0.299	1.047	0.086	0.672	0.54	0.196	0.089	0	0.48	0	0.612
"c131846_g2_i3"	0	0	0	0	0.6	0	0.401	0.635	0.424	0.201	0.408	0	0	0	0	0	0.2	0	0	0.175	0	0	0	0	0	0	0	0	0.627	0	0	0	0	0.581	0.447	0	0
"c147132_g1_i2"	15.455	14.8	13.013	16.404	17.422	13.985	14.342	11.982	13.529	14.939	18.397	16.136	13.146	13.944	18.819	17.24	18.739	16.486	17.733	15.284	12.292	18.062	15.817	12.544	12.265	13.377	10.077	16.221	13.163	24.772	13.816	13.988	18.839	14.287	13.355	16.257	15.374
"c155575_g1_i1"	12.339	0	7.67	0.754	0.435	0	10.138	3.689	0	3.1	6.881	0	0.532	0	0.389	0	0	0	4.76	0.359	4.465	0.368	3.786	0.905	2.89	0	2.389	0.493	0.443	0	0	0.474	1.935	0	0.48	0	0
"c116995_g1_i2"	0.353	1.209	0	1.295	0	0	0.592	1.151	0.085	0.592	0.938	0.415	1.008	3.465	0.299	0.509	0.73	0.417	0.843	0.219	0.649	1.524	0.313	0.938	1.586	0.422	0.973	0.936	0.789	0.494	0.434	0	1.066	0.414	0.19	0	1.806
"c112277_g1_i1"	0.238	0.182	0.576	0.222	0.242	0.337	0.162	0.344	0.53	0.251	0.417	0.245	0.986	0.527	0.146	0.255	0.157	0.304	0.208	0.289	0.157	0.21	0.765	0.28	0.091	0.576	0.376	0.181	0.854	0.316	0.508	0.474	0.178	0.158	0.19	0.217	0.919
"c135319_g1_i1"	0	0	0	0	0.242	0.245	0	0	0	0.241	0	0	0	0	0	0	0	0	0	0	0	0	0	0	0	0	0	0	0	0.227	0	0	0	0	0	0	0
"c129331_g1_i1"	0.221	0	0	0.932	0	0	0.526	0	0	0	0	0	0	0	0.494	0.584	0	0	0	0	0	0.455	0	0	0	0.662	0	0	0	0	0	0	0	0.493	0	0	0
"c52457_g1_i1"	0	0	0	0	0	0	0	0	0	0	0.142	0	0	0	0	0	0	0	0	0.245	0	0	0	0	0	0	0	0	0.573	0	0	0	0	0.266	0	0	0
"c79209_g1_i1"	0	0	0	0	2.215	0	0	0	0	0	0	0	1.418	0	0	0	1.165	0	0	0	0	0	0	0	0	0	0	0	0	0.958	0	1.04	0	0	0	0.956	0
"c23794_g1_i1"	0	0	0	0	0	0	0	0	0	0	0	0	0	0	0	3.101	0	0	0	0	0	0	0	0	2.485	0	0	0	0	0	0	0	0	0	0	0	0
"c144540_g1_i1"	1.369	0.995	1.197	0.843	0.426	0.377	1.08	0.86	1.102	0.973	0.398	0.613	1.108	0.421	1.166	0.518	0.435	0.564	0.693	1.147	0.216	0.902	0.608	0.744	0.364	0.796	0.719	0.634	0.886	0.316	0.752	1.421	0.405	0.719	0.67	0.626	0.507
"c43095_g1_i1"	0.558	0	0	0	0	0	0	0	0.689	0	0	0	0	0	0	0	0	0	0	0	0	0	0	0.679	0	0	0	0	0	0	0	0	0	0	0	0	0
"c150707_g1_i1"	0	0	0	0	0	0	0	0	0	0	0	0.491	0	0	0	0	0	0	0	0	0	0	0	0	0	0	0	0	0	0	0	0	0.583	0	0.569	0	0
"c109051_g1_i1"	4.559	4.987	4.033	2.112	4.305	2.642	2.771	5.905	1.589	3.933	3.251	1.481	4.186	2.751	2.882	4.213	2.948	10.792	7.96	3.153	3.078	0.736	4.265	3.977	2.627	7.255	4.159	1.692	4.431	6.173	4.129	5.579	5.095	3.508	4.098	1.339	3.854
"c139382_g1_i6"	1.025	0.642	0.757	0.745	1.654	0.908	1.385	0.785	0.795	1.094	1.45	1.378	0.753	0.784	1.797	1.244	1.426	1.173	1.017	1.699	0.59	1.656	1.409	0.636	0.899	1.123	0.708	1.148	0.594	0.859	1.112	0.554	1.55	0.985	0.681	1.043	0.739
"c97776_g1_i3"	0.041	0.118	0.124	0	0.106	0.214	0.105	0.118	0	0.11	0.55	0.104	0	0	0	0	0	0	0	0.096	0	0.096	0	0	0.121	0.221	0	0	0	0	0.106	0.127	0.227	0	0	0.096	0
"c147402_g1_i4"	1.246	4.345	0.904	1.242	2.951	2.989	3.745	1.248	2.564	3.963	2.066	4.124	1.384	1.85	5.294	1.885	2.774	2.052	4.402	4.782	2.291	3.031	4.081	4.365	2.142	1.948	3.175	4.773	1.783	3.714	3.377	1.34	2.735	1.291	3.249	1.139	2.334
"c107556_g2_i1"	0	0	0	0	0	0	0	0	0	0	0	0	0	0	0	0	0	0	0	0	0	0	0	0	0	0	0	0	0	0	0	0	0	0	0	0	0
"c91006_g1_i1"	0.123	0.321	0	0.133	0.435	0	0.287	0.301	0.922	0	0.142	0.142	0.177	0.187	0.13	0.292	0.565	0.361	0.531	0.254	0	0.123	0.267	0.162	0.162	0.441	0.332	0.161	0.151	0	0.296	0.162	0.158	0.286	0.167	0.13	0.148
"c145743_g2_i2"	0.312	0	0.633	0	0.106	0.112	0.325	0.118	0.35	0.331	0.768	0.321	0	0.281	0	0	0.209	0.135	0.139	0	0.315	0.184	0.101	0.959	0.364	0.106	0.498	0.362	0.67	0.109	0.551	0.243	0.118	0.108	0.357	0.287	0.327
"c111568_g1_i1"	0	0	0	0	0	0	0	0	0	0	0	0	0	0	0	0	0	0	0	0	0	0	0	0	0	0	0	0	0	0	0	0	0	0	0	0	0
"c170643_g1_i1"	0	0	0	0	0	0	0	0	0	0	0	0	0	0	0	0	0	0	0	0	0	0	0	0	0	0	0	0	0.27	0.257	0.265	0	0	0	0	0	0
"c136685_g3_i2"	2.451	2.922	2.609	2.324	2.312	1.591	1.328	1.829	1.239	1.585	3.024	2.057	2.691	3.302	5.885	2.177	1.843	2.165	2.056	5.825	0.482	2.566	3.233	1.293	2.667	1.823	1.25	1.379	1.21	4.168	1.546	1.051	3.318	1.389	2.97	2.878	2.196
"c121061_g1_i1"	0.336	0.396	0.102	0.08	0.087	0.184	0	0.097	0	0.09	0.37	0	0	0.117	0.243	0.094	0	0	0	0.236	0.433	0	0.507	0.506	0.303	0.365	0	0	0	0.257	0.191	0.104	0.099	0.177	0.301	0.643	0.095
"c147250_g5_i7"	0	0	0	0	0.977	0	0.105	0.118	0.117	0	0.332	0	0.266	0	0	0.443	0.209	0	0.543	0	0	0	0.507	0.603	0.121	0	0	0	0	0	0.116	0.254	0	0	0.737	0	0
"c77954_g1_i1"	1.377	0	0	4.738	7.642	0	0	0	0	4.244	0	2.793	0	0	0	5.26	0	0	0	0	0	2.68	0	0	0	0	2.942	0	2.993	16.08	0	2.541	0	0	0	3.06	0
"c145033_g3_i5"	0.402	0	0	0	0	0	0	0	0	0	0	0	0	0	0	0	0	0	0	0	0	0	0	0	0	0	0	0	0	0.879	0	0	1.205	0.818	0	0	0
"c179959_g1_i1"	0	0	0	0	0	0	0	0	0.18	0	0.171	0	0	0	0	0.17	0	0.203	0	0	0.157	0	0	0	0	0	0	0	0	0.158	0.339	0	0	0	0	0	0
"c139506_g3_i3"	0.123	0	0	0	0	0	0	0	0	0	0	0	0	0	0	0	0	0	0	0	0	0	0	0	0	0	0	0	0	0	0	0	0	0	0	0	0
"c108784_g1_i1"	0.615	1.156	0.734	0.373	0.629	0.857	0.831	0.441	0.445	1.495	1.27	1.029	0.764	0	0.939	0.434	0.826	1.319	0.774	0.727	0.6	0.543	0.396	1.832	1.637	0.883	0.476	0.232	0.216	0.603	0.635	0	1.353	0.808	0.234	0.748	0.422
"c144653_g1_i5"	1.345	0.771	0.757	1.109	1.993	1.316	0.831	1.237	0.752	1.224	1.109	1.17	0.986	1.452	1.578	1.056	1.47	2.097	1.352	1.156	1.131	1.235	1.492	1.282	1.738	1.286	1.261	1.44	1.459	1.61	1.175	1.12	1.234	1.645	1.128	1.121	0.982
"c153246_g1_i1"	0	0	0	0	0	0	0	0	0	0	0	0	0	0	0	2.498	0	0	0	0	0	0	0	0	0	0	0	0	0	0	0	0	0	0	0	0	0
"c125234_g1_i1"	0	0.086	0.09	0.204	0.145	0	0	0.075	0.159	0.07	0.076	0.151	0.443	0	0.065	0.226	0	0.09	0	0.263	0.069	0.061	0	0.162	0.081	0	0.177	0.332	0.151	0	0.159	0	0.079	0.217	0	0.261	0.306
"c155347_g1_i1"	0	0	0	0.177	0	0.204	0	0	0	0	0	0	0	0	0	0	0	0	0	0	0	0	0	0	0.222	0	0	0	0	0	0.201	0	0	0	0	0	0
"c163683_g1_i1"	0	0	0	0	0	0	0	0	0	0	0	0	0	0	0	0.179	0	0	0.439	0	0	0	0	0	0.192	0	0	0	0	0	0	0	0	0	0	0	0
"c141228_g7_i1"	0.32	0	0.192	0.381	0.59	0	0.927	0.538	0.095	0.421	0.171	0.17	0.41	0	0	0.255	0	0	0	0	0.167	0	0.24	0	0	0.758	0	0.091	0.086	0.978	0	0	0.178	0.079	0.759	0.374	0
"c148962_g1_i1"	0	0	0	0	0	0	0	0	0	0	0	0	0	0	0	0	0	0	0	0	0	0	0	0	0	0	0	0	0	0	0	0	0	0	0	0	0
"c140682_g5_i1"	1.32	1.862	1.502	1.34	1.906	1.306	2.054	1.076	1.621	1.886	1.81	1.595	1.384	2.002	2.291	1.254	1.243	2.368	2.553	1.261	2.409	1.34	1.852	1.713	2.031	1.746	1.504	1.379	1.027	0.998	1.62	1.502	1.491	1.241	1.597	1.113	1.098
"c130526_g1_i1"	0.59	0	0.294	0.373	0.377	0.255	0	0.559	0.265	0	0.54	0.406	0.377	0.89	0.275	0.98	0.026	0.158	0.196	0.114	0.698	0.569	0.838	0.819	0.384	0	0	0.242	0.13	0.425	0.423	1.282	0.75	0.434	0.558	0.669	0
"c126997_g1_i2"	0	0.15	0.158	0.124	0.271	0.408	0.401	0.29	0	0.14	0.275	0.264	0.332	0.351	0.478	1.103	0.13	0.677	0	0.35	0.649	0.815	0.378	0.302	0.152	0.278	0.155	0	0	0.78	0.413	0	1.007	0.128	0.156	0	0.412
"c127154_g1_i4"	0	0	0	0	0	0	0	0	0	0	0	0	0	0	0	0.434	0	0	0	0.342	0	0	0	0	0	0.47	0	0	0	0	0	0	0.454	0	0	0	0
"c134140_g1_i1"	1587.093	2367.35	2764.332	2316.636	2307.808	2430.533	2083.096	2630.803	2590.999	2568.699	2875.726	2609.265	2212.421	2348.453	1544.015	1805.66	1926.73	2442.318	2181.244	1876.175	1568.575	1459.07	1771.471	1599.165	1929.125	1484.005	1428.773	2047.761	2259.681	3250.869	2462.51	2844.568	1834.103	2628.942	2109.544	1944.497	2615.718
"c111264_g2_i1"	0.189	0	0	0.133	0	0.153	0	0.161	0	0	0	0	0.177	0	0	0	0	0	0.185	0	0.138	0	0	0	0	0	0	0.332	0.151	0.138	0.455	0.173	0	0	0.335	0	0
"c169375_g1_i1"	0	0	0	0	0	0	0	0	0	0	0	0	0	0	0	0	0	0.789	1.294	0	0	0	0	0	0	0	0	0	0	0	0	0	0	0	0	0	0
"c147185_g6_i2"	0.09	0.043	0.079	0.098	0.068	0.551	0.22	0.226	0.117	0.181	0	0.075	0.089	0.094	0.097	0.141	0.104	0	0	0.096	0.108	0.061	0.037	0.162	0.081	0.144	0.166	0.161	0.151	0.109	0.116	0.127	0.118	0.177	0.123	0.035	0.042
"c99536_g2_i1"	0.549	0	0	0	0	0	0	0	0	0	0	0	0	0	1.279	0	0	0	0	0	0	0	0	0	0	0	0	0	0	1.185	0	1.271	0	0	0	0	0
"c145921_g3_i1"	0.254	0	0	0	1.209	0	0	0	0.318	0	0.303	0.887	0	0	0	0.311	0.296	0.767	0	0	0	0	0.286	0	0.333	0	0	0.342	0.313	0.286	0.603	0.335	0.662	0.286	0.681	0.269	0.296
"c145665_g1_i3"	4.878	3.264	3.717	2.253	4.044	3.978	3.698	4.238	4.471	3.893	3.175	4.775	4.519	5.444	2.623	4.77	3.469	6.191	3.893	4.686	3.766	4.826	5.951	6.735	6.072	7.83	5.608	6.001	3.674	4.277	6.288	8.675	4.799	5.084	4.924	5.242	5.216
"c136969_g4_i1"	0.541	0.717	0.384	0.293	0.484	0.663	0.411	0.516	0.265	0.823	0.493	0.321	0.199	0.316	0.793	0	0.47	0.406	0.104	0	0.079	0.28	0.755	0.366	0.091	0.326	0.564	0.181	0.259	0.553	1.101	0.381	0.434	0.325	0.458	0.148	0.412
"c123789_g1_i1"	0	0.268	0	0	0.242	0	0	0.774	0	0	0	0.236	0.598	0.316	0.874	0	0	0.304	0	0	0	0	0.23	0	0	0	0	0	0	0.237	0	0	0.79	0	0	0	0
"c116449_g1_i1"	0.353	0	0.249	0.186	0.213	0	0	0	0.222	0.863	0.218	0	0	0	0	0.434	0.417	0	0.266	0.368	0	0.184	0.203	0	0	0.672	0.487	0	0.432	0.405	0	0	0.227	0	0	0	0
"c178462_g1_i1"	0	0	0	0	0	0	0	0	0	0	0	0	0	0	0	0	0	0	0	0	0	0	0	0	0	0	0	0	0	0	0	0	2.231	0	0	0	0
"c108666_g1_i1"	0.435	0	0	0.932	0.416	0	0.621	0	0	0.211	0	0	1.274	0	0	0	0.409	0	0.254	0.359	0	0	0.193	0	0	0	0	0.232	0	0	0.212	0	0.227	0	0.234	0.183	0
"c146440_g1_i2"	0.033	0	0.102	0.08	0	0	0	0	0	0.09	0	0	0	0.105	0.154	0	0	0.214	0	0	0	0	0	0	0	0	0	0	0	0.079	0	0	0	0	0	0.078	0
"c118469_g1_i1"	0.131	0.118	0.068	0.044	0.058	0	0.105	0	0.17	0	0	0.264	0	0.07	0.235	0.104	0.104	0	0.139	0.14	0	0.096	0.101	0	0.061	0.163	0.188	0.242	0.054	0.573	0	0	0.227	0	0.056	0.235	0.106
"c80928_g1_i1"	0	0.46	0	0	0	0	0	0	0	0.211	0	0	0	0	0.372	0	0	0	0	0	0	0	0	0	0	0	0.243	0	0.432	0.405	0.212	0	0	0.601	0	0.183	1.045
"c89083_g1_i1"	0	0	0	0	0	1.591	0.717	0	0	0.783	0	0	0	0	0	0	0	0	0	0	0	0	0	0	0	0	0	0	0.746	0	0.688	0	0	0.65	0.837	0	0
"c139614_g1_i1"	23.449	37.883	35.832	40.749	37.505	37.436	40.254	34.473	26.527	39.54	43.581	34.13	33.126	31.154	30.038	35.197	29.025	31.292	27.033	27.064	29.285	27.434	28.013	24.01	31.714	25.679	21.371	33.6	30.68	52.457	37.837	38.891	31.131	41.195	25.951	31.844	40.187
"c130097_g1_i1"	0.262	0.171	0.723	0.213	0.619	0.235	1.166	0.409	0.328	0.231	1.261	0.236	0.188	0.304	0.275	0.075	0.974	0.293	0.092	0.613	0.679	0.272	0.719	0.345	0.778	0.23	0.542	0.262	0.573	0.751	0.73	0.543	0.82	0.158	0.703	0.626	0.401
"c113874_g1_i2"	0.131	0.696	0.746	0	0	0.326	0.306	0	0.657	0	1.261	0.302	0.388	0	0	0	0	0	0	0.272	0	0	0	0	0.354	0	0	0	0.648	0	0.307	0.347	0	0	0.703	0	0
"c5211_g1_i2"	0	0	0	0	0	0	0	0	0	0	0	0	0	0	0	0	0	0	0	0	0	0	0	0	0	0	2.942	0	0	0	0	0	0	0	0	0	0
"c152288_g1_i1"	0	0	0	0	0	0	0	0	0	1.334	0	0	0	0	0	0	0	0	0	0	0	0	0	0	0	0	0	0	2.399	0	0	0	0	0	0	0	0
"c168330_g1_i1"	0	0	0	0	0	0	0	0	0	0	0	1.378	0	1.897	0	0	0	0	0	0	0	0	0	0	0	0	0	0	0	0	0	0	0	0	0	0	0
"c108083_g1_i2"	0	0	0	0	0	0	0.392	0	0	0	0	0	0	0	0	0	0	0	0	0	0	0	0	0	0	0	0	0	0	0	0	0	0	0	0	0	0
"c158583_g1_i1"	0	0	0	0	0	0	0	0	0	0	0	0.67	0	0	0	0	0	0.925	0	0	0	0	0	0	0	0	0	0	0	0	0	0	0	0	0	0	0
"c95598_g1_i1"	1.09	0	0	0.772	0	0	0.43	0.473	0.911	0.451	0	0.849	0.543	1.124	0.793	0.471	0	0	0.543	1.848	1.652	0	0.857	0.463	0	0	0.487	0	0.443	0.415	0.423	0.474	0.987	0	0.491	1.174	0.422
"c140805_g1_i1"	0.254	0.043	0.384	0.231	0.222	0.02	0.124	0.129	0.042	0.12	0.152	0.104	0.277	0.269	2.493	0.17	0.183	0.304	0.15	0.701	0.118	0.175	0.461	0.097	0.141	0.125	0.122	0.775	0.108	0.198	0.212	0.046	0.148	0.099	0.045	0.33	0.042
"c159963_g1_i1"	1.377	1.38	0.983	0	0	1.295	2.446	0.882	0.434	2.137	1.659	2.821	1.03	0.527	0	0.886	0	2.131	0	1.051	0	1.769	0.811	0.431	0.465	0	0.929	0	0	0.78	0.402	1.813	0	0	0.469	1.852	0
"c156835_g1_i1"	0	0	0	0	0.571	0	0	1.205	0	0	0	0	0	0	0.51	0	0.574	0.722	0	0.928	0	0	0	0	0	0	0	0	0	0	0	0	0	0	0	0	0
"c161406_g1_i1"	0	0	0	0.807	0	0	0	0	0	0	0	0	0.576	0	0	0	0	0.598	0	0	0	0	0	0	0	0	0	0	0	0	0	0	0	0	0	0	0
"c95942_g1_i2"	0	0	0	0	0	0	0	0	0	0	0	0	0	0	0	0	0	0	0	0	0	0	0	0	0	0	0	0	0.756	0	0	0	0	0	0	0	0
"c171337_g1_i1"	0	0	0	0	0	0	0	0	0	0	0	0	0	0	0	0	0	0	0	0	0	0	0	0	0	0	0	0	0	0	0	0	0	0	0	0	0
"c158878_g1_i1"	0	0	0	0	0	0	0	0	0	0	0	0	0	0	0	0	0	0	0	0	0	0	0	0	0	0	0	0	0	0	0	0	0	0	0	0	0
"c111174_g1_i1"	0	0	0.147	0	0	0	0	0	0	0	0	0.123	0	0	0	0	0	0	0	0	0	0.412	0	0	0	0	0	0	0	0.119	0	0	0	0	0	0	0
"c52295_g1_i2"	0.262	0	0	0	0	0	0	1.355	0	0	0	0	0	0	0	0	0	0	0	0	0	0	0	0	0	0	0.686	0	0	0	0	0	0	0	0	0	0
"c38006_g1_i1"	0	0	0	0	0	0	0	0	0	0	0	0	0	0	0	0	0	0	0	0	0	0	0	2.586	0	0	0	0	0	0	0	0	0	0	0	0	0
"c9293_g1_i1"	0.484	0	0	0	0	2.601	0	0	0	1.264	0	0	0	0	0	2.856	0	0	0	0	0	0	0	0	0	0	0	0	0	0	0	0	0	0	0	0	0
"c178697_g1_i1"	0	0	0	0	0	0	0	0	0	0	0	0	0	0	0	0	0	1.5	0.728	0	0	0	0	0	0	0	0	0	0	0	0	0	0	0	0	0	0
"c173722_g1_i1"	0	0	0	0	0	0	0	0	0	0	0	0	0	0	0	0	0.757	0	0	0	0	0	0	0	0	0	0	0	0	0	0	0	0	0	0	0	0
"c33625_g1_i1"	0	0	0	0	0	0	0	0	0	0	0.578	0	0	0	0	0	0.6	0.756	0	0	0	0	0.58	0	0	0	0	0	0	0	0	0	0	0	0	0	0
"c144764_g1_i1"	17.234	6.785	3.841	14.798	11.386	12.077	12.908	6.443	8.602	7.394	17.563	19.872	8.019	4.332	22.745	10.642	19.617	10.544	11.021	21.993	10.64	33.907	16.913	6.38	11.679	7.993	8.362	16.594	3.998	12.445	6.839	5.775	13.783	7.242	8.911	17.935	4.055
"c92619_g1_i2"	0	0.471	0	0	0.435	0.449	0.42	0	0.445	0	0	0	0	0.539	0.389	0.452	0.426	0.553	0.52	0.359	0	0	1.244	0	0	0.499	0.476	0	0	0	0	0.462	0.474	0	0.48	0	0
"c142092_g2_i1"	0.09	0	0.52	0.195	0	0	0	0	0.922	0.441	0	0.217	0.532	0.281	0	0	0	1.376	0	0.193	0.207	0.184	0.203	0.474	0	0	0.498	0	0	0.84	0.445	0	0.711	0.207	0.491	0.191	0.655
"c135211_g1_i1"	0.5	0.439	0.531	0.577	0.803	1.448	0.688	0.85	1.165	1.043	0.464	0.34	0.62	0.445	0.154	0.754	0	2.131	1.074	0.35	0.275	0.35	0.424	0.776	0.192	0.566	2.268	0.322	1.437	0.78	0.476	0.797	0.908	1.025	0.77	0.304	1.531
"c146647_g2_i1"	0	0	0	0	0	0	0	0	0	0	0	0	0	0	0	0	0	0	0	0.762	0	0	0	0	0	0	0	0.332	0	0	0	0	0	0	0	0	0
"c126184_g2_i1"	0	0	0	0	0	0	0	0	0	0	0	0	0	0	0	0	0	0	0	0	0	0	0	0	0	0	0	0	0	0	0	0	0	0	0	0	0
"c116195_g2_i2"	1.894	2.6	2.203	3.247	3.134	1.918	3.44	4.475	2.829	3.501	2.066	1.708	3.799	2.213	2.096	4.666	3.522	2.154	2.53	1.909	3.304	7.27	4.274	1.552	3.486	2.581	1.261	2.457	1.956	3.171	4.171	0.901	4.69	3.202	2.468	0.139	1.584
"c181423_g1_i1"	0	0	0	0	0	0	0	0	0	0	0	0	0	0	0	0	0	0	0	0	0	0	0.516	0	0	0.374	0.21	0	0	0	0	0	0	0	0	0	0
"c133643_g2_i1"	0.287	0	0	0	0	0	0	0	0	0.732	0	0.67	0	0	0	0.782	0.73	0	0	0	0	0	0	0	0	0	0	0	0	0	0	0	0	0	0	0	0
"c148852_g1_i1"	0	0	0	0.479	0.271	0	0	0	0	0	0	0	0	0	0.243	0.283	0	0	0	0	0.511	0.228	0.765	0	0	0	0	0	0	0	0	0	0.286	0.759	0.301	0.235	0
"c129435_g1_i2"	2.55	2.44	1.084	3.221	2.834	2.785	2.226	1.603	2.32	2.92	1.753	3.623	1.473	1.639	5.14	1.734	2.696	1.951	3.004	3.258	2.468	3.136	2.681	1.444	3.172	2.514	1.77	3.373	1.902	1.719	2.054	1.086	2.893	2.148	1.876	2.93	1.658
"c1230_g1_i1"	0	0	0	0	0	0	0	0	0	0.05	0.237	0	0	0	0	0	0	0	0	0.044	0	0	0	0	0	0	0	0	0.389	0	0	0.439	0	0	0	0	0
"c120492_g2_i1"	2.009	2.001	1.491	1.153	2.177	0.826	2.092	1.721	0.583	1.104	0.834	2.529	1.307	1.171	9.851	3.874	3.165	2.143	0.901	3.109	2.095	5.396	4.145	0.808	1.313	2.37	1.571	3.836	0.475	2.291	0.942	1.259	4.226	0.443	1.63	1.295	1.668
"c10056_g1_i1"	0	0	0	0	0	0	0	0	0	0.783	0	0	0	0	0	0	0	0	0	0	0	0	0	0	0	0	0	0	0	0	0	0	0	0	0.837	0	0
"c113713_g1_i1"	0.041	0.214	0	0.089	0.097	0	0.287	0.204	0.106	0	0.294	0.576	0	0.621	0.089	0.386	0.374	0.124	0.243	0.088	0.551	0	0	0.108	0.111	0.288	0.221	0	0.097	0.089	0	0.335	0.405	0	0	0.087	0.296
"c106275_g1_i1"	0	0.439	0	0	0	0	0.382	0	0.816	0	0	0	0	0	0.356	0.415	0	0	0	0.998	0.374	0	0	0.41	0	0	0	0	0	0.375	0	0.427	0	0	0.447	0	0.38
"c144136_g1_i1"	7.018	8.048	4.541	7.985	8.097	6.763	4.94	5.475	5.869	5.879	9.308	7.341	6.623	6.919	8.41	6.693	7.852	8.243	8.953	8.233	5.487	9.819	7.849	6.272	8.295	6.103	5.818	8.841	6.225	9.344	5.42	4.782	7.741	7.981	6.253	8.033	5.67
"c18422_g1_i1"	0	0	0	0.736	0	0	0	0	0	0	0	0	0	0	1.619	0	0	0	0	0	0	0	0	0.841	0	0	0	0	0	0	0	0	0	0	0	0	0
"c129798_g2_i1"	0	0	0	0	0	0	0	0	0	0	0	0.661	0.277	0	0.202	0.236	0	0	0	0.193	0	0	0.212	0	0	0	0	0	0	0	0	0.254	0	0	0	0.2	0
"c160512_g1_i1"	0	1.145	0	0	0	0.541	0	0	0	0	0	0	0	0	0	0	0.522	0	0	0.858	0	0	0.507	0	0.576	0	0	0	0	0.484	0.498	0	0	0	0	0	0
"c132798_g1_i2"	0.943	2.504	2.926	1.624	2.041	0.928	0.449	0.484	0.477	2.308	8.455	1.783	1.108	1.744	5.674	0.707	2.896	4.849	4.482	1.366	4.111	3.688	1.502	2.705	4.031	0.72	1.549	2.547	0.702	2.39	0.91	1.028	2.695	2.828	2.289	1.208	0.222
"c87955_g2_i1"	0.131	0	0.079	0.231	0.068	0.133	0	0.14	0.35	0	0	0	0	0.082	0.227	0	0	0.316	0.081	0.228	0.128	0	0.055	0.431	0	0.125	0.221	0.07	0	0	0.064	0	0.069	0.059	0.145	0.174	0
"c162965_g1_i1"	0	0	0	0	0	0	0	0	0	0	0	0	0	0	0	0	0	0	0	0	0	0	0	0	0	0	0	0	1.232	0	0	0.647	0	0	0	0	0
"c144365_g1_i1"	0.713	0.899	0.768	0.79	0.6	0.561	0.42	0.549	0.625	0.582	0.749	0.755	0.72	0.679	0.834	1.263	0.983	0.643	0.947	0.561	1.111	1.331	0.82	0.442	1.192	0.95	0.608	0.524	0.908	0.82	0.551	0.947	0.77	0.966	0.614	0.791	0.781
"c136099_g1_i4"	0.197	0.075	0.554	0.612	0.135	0.133	0.268	0.14	0.36	0.341	0.133	0.066	0	0.258	0.898	0	0.191	0.338	0.254	0.893	0.325	0.289	0.064	0	0	0.134	0.232	0.151	0	0.198	0.074	0.162	0.138	0.266	0.156	0.061	0.211
"c175978_g1_i1"	0	0	0	0	0	0	0	0	0	0	0	0	0	0	0	0.877	0	0	1.872	0	0	0	0	0	0	0	0	0	0	0	0	0	0	0	0	0	0
"c120926_g1_i2"	1.181	1.562	1.028	0.958	1.316	1.071	0.268	1.398	0.943	0.893	1.081	0.613	1.063	1.475	0.469	1.169	0.6	0.654	0.774	0.701	0.846	1.594	1.069	0.787	1.768	1.593	2.754	0.977	0.832	1.027	0.371	0.924	1.027	0.956	1.887	1.026	0.718
"c107674_g1_i1"	0.623	1.734	0	1.207	0	1.754	5.618	0	5.816	0	0	0	0	0	0	0	0	0	0	0	0	0	1.769	0	1.738	3.618	0	0	1.459	2.667	2.53	0	4.265	0	0	0	0
"c141618_g2_i1"	0.197	0	0.328	0.106	0.281	0.122	0.076	0.215	0.254	0.08	0.161	0.075	0.1	0.047	0.146	0.038	0.304	0.147	0.046	0.245	0.344	0.307	0.037	0.14	0.04	0.24	0.088	0.181	0.13	0.346	0.169	0.139	0.168	0.158	0.313	0.139	0.084
"c95855_g1_i1"	0	0.696	0	0	0.319	0.326	0	0.333	0	0	0	0.613	0	0	0	0.33	0.626	0	0	0	0.895	0	0	0	0.354	0.345	0.354	0	0	0	0	0.347	0	0.296	0	0	0
"c134805_g2_i4"	0	0	0	0	0.106	0	0.105	0.108	0.222	0.1	0	0	0	0	0	0.104	0.296	0	0	0.175	0.393	0	0	0.119	0.111	0	0.232	0.111	0	0	0.106	0.116	0.109	0.305	0.234	0.183	0.106
"c60827_g1_i1"	0	0	0	0	0	0	0	0	0	0	0	0	0	0	0	0	0	0	0	0	0	0	0	0	0	0	0	0	0	0	0	0	0	0	0.681	0	0
"c146600_g1_i1"	0	0	0	1.322	0	0	0	0	0	0	0	1.519	0	0	0	0	0	0	0	0	0	0	2.027	0	0	0	0	0	0	0	0	0	2.449	0	0	0	0
"c142504_g1_i9"	0.992	0	0.779	0.807	0.368	0.826	1.118	0.075	0.953	1.204	2.417	0	0.354	0.574	0.13	0	0.791	0.925	0.092	0.92	1.072	1.218	0.755	0	0.828	0.595	0	1.158	0.151	0.573	0	0.254	1.254	1.025	1.083	0.4	0
"c108799_g1_i3"	0	0	0	0	0	1.418	0	0	0	0	0	0	0	0	0	0	0	0	0	0	0	0	0	0	0	0	0	0	0	0	0	0	0	0	0	0	0
"c26603_g1_i1"	0	0	0	0	0	0	0	0	0	0	0	0	0	0	0	0	0	0	0	0	0	0	0	0	0.899	1.132	0	0	0	0	0	0	0	0	0	0	0
"c142900_g4_i5"	2.763	0.385	4.134	4.33	1.412	5.437	0	0	2.193	0	0	4.784	1.728	0	12.287	2.592	0	3.124	6.47	4.178	0	0	4.726	1.487	3.516	0	0	5.578	3.231	6.311	1.736	0.381	0	0	0	2.504	2.735
"c135050_g2_i1"	2.82	1.926	2.361	2.209	2.438	2.826	2.905	1.775	2.468	2.719	2.597	3.029	2.902	2.447	2.42	2.102	2.835	2.537	3.142	2.312	2.37	2.488	2.321	2.5	2.758	3.061	3.285	2.135	1.448	2.39	2.89	2.299	2.794	1.774	2.099	2.269	1.605
"c142900_g1_i1"	0	0	0	0	1.064	0	0	0	0	0.271	0	0.264	0.321	0	0	0	0.522	0	0.982	0.228	0	0	0	0	1.182	0	0	0	0	0	0.265	0	0.583	0	0	0	0
"c97208_g1_i1"	0.156	0.417	0	0	0	0.398	0	0	0.392	0.783	0.758	0	0	0	0	0	0	0	0	0.324	0.364	0.324	0.368	0.797	0	0	0	0	0	1.077	0	1.247	0	0.709	0	0	0
"c138339_g4_i1"	0.164	0	0	0.479	0.135	0.673	1.194	0.419	0.424	0.803	0	0.264	0.642	0	0.591	0.273	0.261	0	0	0.464	0.757	0.342	0.746	0.733	0.445	0.134	0.31	0.151	0.27	0.385	0.413	0	0	0.256	0.301	0.122	0.264
"c139654_g1_i2"	0	0	0	0	0.242	0	0.239	0	0	0	0	0	0	0	0	0.255	1.191	0	0	0	0	0	0	0	0.273	0	0	0	0	0.227	0	0	0.267	0	0.268	0	0.243
"c135005_g1_i1"	22.555	19.808	19.791	17.54	18.961	15.535	12.564	17.414	25.065	13.083	26.387	24.109	20.977	22.057	20.495	18.06	15.13	20.816	30.707	20.679	15.459	19.2	12.501	20.788	26.127	11.39	25.22	16.795	15.054	19.962	14.514	21.496	17.713	12.218	20.814	16.918	14.212
"c100643_g1_i1"	0.59	0	1.706	3.62	0.726	0	2.054	0.764	0	2.97	0.701	3.378	0	0.901	0.648	0	0.739	0	0	2.321	1.977	0	0.719	0.7	0	0	0.763	0.836	0	0	0	0	0.839	1.251	1.597	0	0
"c147739_g1_i1"	0.197	0.171	0	0.284	0	0	0.153	0	0	0	0	0	0	0	0	0	0	0	0	0.14	0	0	0	0	0	0	0.177	0	0	0.148	0.159	0	0	0	0	0	0
"c144854_g1_i4"	0.549	0.439	0.249	0.648	0.368	0.53	0.277	0.419	0.392	0.492	0.749	0.519	0.41	0.48	0.898	0.49	0.861	0.609	0.924	0.412	0.679	1.034	0.682	0.7	0.576	0.576	0.431	1.047	0.324	0.207	0.487	0.393	0.869	0.739	0.38	0.217	0.348
"c97936_g1_i2"	0	0	0	0	0	0	0	0	0	0	0	0	1.34	0	0	0	0	0	0	0.797	0	0	0	0	0	0	0	0	0	0	0	0	0	0	0	0	0
"c131723_g1_i1"	0	1.659	0	0	1.528	0	0	0	0	1.565	0	0.708	0.964	0	0	0.839	0.783	2.954	1.802	0	0	0	0	1.466	0.839	0	0	0.876	0	0.682	0.688	1.536	0.889	0.65	0	0.669	0
"c144086_g4_i3"	0.795	0.193	1.107	1.561	0.358	0.898	2.14	1.248	0.636	1.254	2.047	0.528	0.498	0.609	0.68	1.197	0.574	0.812	0.37	1.147	0.629	1.025	0.986	1.735	0.919	0.883	0.752	0.524	0.746	0.632	1.355	0.693	1.056	0.759	0.804	0.374	0.729
"c129089_g3_i1"	0.451	0.235	0.124	0.195	0.213	0.551	0.43	0.118	0.117	0.11	0.218	0	0.133	0.14	0.097	0.113	0	0	0	0.193	0.315	0	0.203	0.356	0.121	0.221	0.498	0.121	0.108	0.207	0.116	0.127	0.346	0.108	0.246	0.096	0.433
"c124296_g1_i1"	0	0	0	0.204	0.232	0	0.229	0	0	0	0	0	0	0.293	0.202	0.481	0	0.293	0.566	0.201	0	0	0	0	0	0	0	0.514	0.238	0.217	0.233	0	0	0	0	0	0.232
"c109658_g1_i1"	0.066	0.182	0	0.142	0.164	0.163	0	0	0.17	0.492	0	0.321	0	0	0.437	0	0	0.203	0	0	0	0.14	0	0.183	0	0	0	0	0	0.158	0	0	0	0	0.179	0.148	0.327
"c6363_g1_i1"	0.262	0.717	0	0	0	0	0	0.688	0	0	0	0	0	0	0	0	0	0	0	0.526	0	0	0	0	0	0	0	0.745	0	0	0	0	0	0	0	0	0
"c126875_g1_i1"	0.23	0.407	0.068	0.115	0.184	0.245	0.124	0.387	0.201	0.431	0.436	0.123	0.299	0.234	0.162	0.311	0.296	0.451	0.15	0.166	0.059	0.053	0.055	0	0.344	0.182	0.498	0	0.259	0.415	0.127	0.139	0.197	0.118	0.067	0.269	0.127
"c55624_g1_i1"	3.107	17.593	3.31	3.584	5.64	1.928	5.847	13.574	3.92	9.872	4.692	5.784	8.428	19.493	5.035	7.843	3.096	12.246	7.671	13.313	2.36	1.06	0.599	6.994	13.185	3.781	5.265	11.64	8.635	5.63	11.772	10.731	6.497	3.527	2.803	5.277	6.42
"c130662_g1_i1"	0.32	0.118	0.26	0.195	0.329	0.449	0.22	0.237	0.117	0	0	0.113	0.266	0.14	0.389	0.113	0.426	0.406	0	0.193	0.207	0.193	0.304	0.366	0.364	0.998	0.509	0.242	0.454	0.217	0.572	0.254	0	0.759	0.368	0.2	0.898
"c562_g1_i1"	0.312	0	0	0	0.252	0.51	0.497	0	0.265	0	0	0.245	0	0.316	0.227	0	0	0	0	0.219	0.236	0	0	0	0	0.537	0.564	0	0	0	0	0	0	0.236	0.558	0.669	0
"c131570_g1_i4"	1.927	0.803	0	2.591	2.293	1.04	0.669	0.387	0.127	0.973	2.891	0.962	0.288	1.089	2.793	0.669	1.348	0.079	1.132	3.898	0.295	0.832	3.989	0	0.535	0.182	0.144	0.534	1.135	1.235	0.508	0.277	0.701	0.236	0.48	1.617	0.063
"c38939_g1_i1"	0.164	0	0	0	0.193	0	0	0	0	0	0.389	0	0	0	0	0	0	0	0	0	0.374	0.166	0	0	0	0	0	0	0	0	0	0.439	0	0.374	0	0	0
"c156131_g1_i1"	0	0	0	0	0	0.592	0	0.602	0	0	0	0.538	0	0	0.51	0	0.574	0	0	0	0	0	0	0.571	0	0	0	0	0.562	0	0	0	0	0	0	0	0
"c125216_g1_i1"	0.066	0	0.181	0.275	0.6	0.459	0.449	0.161	0.159	0	0	0.151	0	0	0.138	0	0	0	0.37	0.131	0.285	0	0.286	0	0	0.47	0.177	0	0	0	0	0	0	0.148	0.514	0	0
"c99053_g1_i1"	0.115	0	0	0	0.271	0	0	0.85	0	0.271	0.54	0	0.332	0.34	0.243	0	0.53	0.338	0	0.692	0.256	0.455	0.516	0.291	0.596	0.288	0	0	0.281	0.257	0.265	0	0.296	0.256	0.301	0	0
"c4213_g1_i1"	0	0	0	0	0	0	0.726	0	0	0	0	0	0	0	0	0	0	0	0	0	0.344	0	0	0	0.414	0	0	0	0	0	0	0	0	0	0	0	0
"c180150_g1_i1"	0	0	0	0	0	0	1.882	0	0	0	0	0	0	0	0	0	0	1.342	0	0	0	0	0	0	0	0	0	0	0	0	0	0	0	0	0	0	0
"c182647_g1_i1"	0	0	0	0	0	0	0	0	0	0	0	0	0	0	0	0	0	0	0	0	0	0	0	0	0	0	0	0	0	0	0	0	0	0	0	0	0
"c114247_g2_i2"	0.148	0.128	0	0.213	0.232	0.122	0	0	0	0	0	0.236	0	0	0.316	0.245	0.113	0	0	0	0.226	0.201	0	0	0	0.115	0.133	0.654	0	0.346	0.116	0	0	0.118	0.134	0.209	0
"c50636_g1_i1"	0.812	0	0	0	0	0	0	2.313	0	2.267	0	0	0	0	0	0	0	0	0	0	0	0	0	0	0	0	0	0	1.859	3.378	1.556	3.442	0	0	0	0	1.563
"c144316_g3_i1"	0.64	0.417	0.35	0.452	0.542	0.52	0.583	0.463	0.678	0.963	0.976	0.679	1.019	0.386	0.559	0.245	0.635	0.677	0.682	0.631	0.393	0.499	0.479	0.431	0.364	0.614	0.321	0.423	0.313	0.425	0.688	0.543	0.77	0.355	0.313	0.539	0.507
"c144586_g1_i2"	6.19	4.709	4.349	6.388	4.092	4.05	6.182	5.927	4.894	4.816	4.616	3.133	4.441	3.231	4.905	4.506	5.13	3.631	4.067	5.816	3.275	5.904	5.739	3.33	2.647	3.656	3.529	4.833	3.274	5.284	4.542	4.378	4.305	4.946	4.534	4.147	4.107
"c146455_g1_i1"	4.14	2.6	2.824	2.928	4.692	3.142	2.551	2.216	2.585	2.689	3.848	2.897	2.68	1.194	4.233	2.818	2.209	1.534	2.391	2.19	4.12	2.672	3.335	2.576	1.374	1.286	1.726	2.054	1.167	3.674	3.345	3.315	3.258	2.148	2.859	3.26	1.647
"c125978_g1_i1"	0.172	0.385	0	0.257	0.068	0.571	0.143	0.151	0.297	0.642	0.36	0.981	0.166	0.269	0.316	0.283	0.27	0.519	0	0.123	0.207	0.788	0.193	0.237	0.313	0.489	0.321	0.312	0.076	0.336	0.074	0.323	0.444	0.276	0.078	0	0.285
"c176377_g1_i1"	0	0	0	0	0	0	0	0	0	0	0	0	0	0	0	0	0	0	0	0	0.256	0	0	0	0	1.142	0	0	0	0	0	0	0.286	0	0.301	0	0
"c150109_g1_i1"	0	0	0	1.278	5.301	0	0	0	0	7.264	0	2.944	2.326	0	0	0	0	0	0	0	0	0	0	0	3.718	0	0	0	0	2.835	1.334	0	0	2.493	0	0	0
"c106688_g1_i2"	0	0	0	0.532	0	0	0	0	0	0	0	0	0	0	0	0	0	0.812	0	0	0	0	0	0	0	1.593	0	0	0	0	0	0	0	0	0	0	0
"c123909_g1_i2"	0.041	0	0	0	0	0	0	0	0	0	0	0.104	0	0.129	0	0	0	0	0	0	0	0	0.092	0	0	0	0.122	0.222	0.108	0	0	0	0	0	0	0.087	0
"c66472_g1_i1"	0	0	0	0	0	0	0	0	0	0	0	0	0	0	0	0	0	0	0	0.517	0	0	0	0	0	0	0	0	0	0	0	0.658	0	0.552	0	0	0
"c142619_g2_i1"	0	0.578	0.203	0	0	0	0	0	0.18	0.351	0.351	0.17	0.421	0	0.154	0.358	0	0	0.22	0.149	0	0	0	0.194	0	0	0.199	0	0.184	0.168	0	0.601	0	0	0.201	0	0.876
"c47661_g1_i1"	0	0	0	0	0	0	0	0	0	0	0.881	0	0	0	0	0	0	0	0	0	0	0	0	0	0	0	0	0	0	0.277	0	0.658	0	0	0	0	0
"c33139_g1_i1"	0	0	0	0	3.057	0	0	0	1.367	0	0	0	0	0	0	0	0	0	0	0	0	0	0	0	0	0	0	0	0	0	0	0	0	1.123	0	0	0
"c15773_g1_i1"	0	0	0	0	0	0	0	0	0	0	0.758	0	0	0	0	0	0	0	0	0.324	0	0	0	0	0	0	0	0	0	0	0.371	0	0	0.355	0	0	0
"c138319_g2_i1"	0.369	0.107	0	0.355	0.29	0.296	0.583	0.204	0	0.492	0.398	0.094	0	0.129	0.259	0.292	0.191	0	0	0.254	0	0.166	0.451	0	0.323	0.096	0	0.755	0.303	0.286	0	0	0.099	0.187	0.659	0.348	0
"c169215_g1_i1"	0	0	0	0	0	0	0	0	0	0	0	0	0	0	0	0	0	0	0	0.526	0	0.543	0	0	0	0	0	0	0	0	0	0.67	0	0	0	0	0
"c154585_g1_i1"	0	0	0	0	0	0.745	0	0.753	0	0	0.692	0	0	0	0	0	0	0	0	0	0	0	0	0	0	0.94	0	0	0	0	0	0	0	0	0	0	0
"c140957_g1_i2"	0.156	0	0.113	0	0	0	0	0.29	0	0	0	0.094	0.111	0	0.162	0.094	0	0	0	0	0	0.079	0.083	0.108	0.101	0	0	0	0.195	0	0	0	0	0	0	0.078	0.095
"c129349_g4_i1"	0.353	0.685	0.395	0.825	1.19	1.265	0.057	0	0.614	0	1.099	0.396	0.687	0.293	0.405	0.98	1.209	0.35	0.289	0.604	1.042	0.639	0.424	0.571	0.637	0.451	0.465	0.503	0.357	0.721	1.006	0.658	0.474	0.788	0.96	0.052	0.697
"c115545_g1_i1"	0.057	0.15	0	0	0	0.143	0.143	0	0	0	0	0.142	0.166	0	0.121	0	0.139	0	0	0.123	0	0.123	0	0.151	0	0.432	0	0	0.292	0	0.148	0	0	0	0	0	0
"c145996_g4_i2"	0	0	0	0	0	0	0	0	0	0	0	0	0	0	0	0	0	0	0	0	0	0	0	0	0	0	0	0	0	0	0	0	0	0	0	0	0
"c161522_g1_i1"	0	0	0	0	0	0	0	0	0	0	0	0	0	0	0	0	0	0	0	0	0	0	0	0	0	0	0	0	0	0	0	0	0	0	0	0	0
"c17091_g1_i1"	0.115	0.321	0	0	0	0	0	0	0	0	0	0	0.354	0	0	0.302	0.287	0	0	0	0	0.245	0	0	0	0.307	0	0	0	0	0.572	0	0	0	0	0.765	0
"c121341_g1_i2"	0.057	0	0.034	0	0	0.031	0.029	0.032	0.032	0.03	0.161	0.028	0	0.082	0.024	0	0	0	0	0.026	0.03	0.026	0	0	0.04	0	0.033	0.03	0.032	0.03	0.201	0.035	0.069	0	0.067	0	0.095
"c7434_g1_i1"	0	0	0	0	0	0	0	0	0	0	4.351	0	0	0	0	0	0	0	0	0	0	0	0	0	0	0	0	1.963	0	0	0	0	0	1.182	0	0	0
"c146237_g1_i1"	4.149	3.403	3.694	4.312	3.715	3.621	4.605	3.345	4.068	4.485	4.474	3.642	3.444	2.716	3.521	3.761	4.061	3.293	3.385	4.388	3.088	3.863	3.786	3.233	3.092	3.742	3.252	3.595	3.577	3.872	3.61	3.234	3.485	3.724	3.473	3.434	3.527
"c138130_g2_i4"	0	0	0	0	0	0	0	0	0	0	0	0	0	0	0	0	0	0	0	0	0	0	0	0	0	0	0	0	0	0	0	0	0	0	0	0	0
"c136989_g2_i1"	0	0	0	0	0	0	0	0	0	0	0	0	0	0	0	0	0	0	0	0	0	0	0	0	0	0	0	0	0	0	0	0	0	0	0	0	0
"c36595_g1_i1"	0	0	0	0	0	0	0	0	0	0	0	0	0	0	0	0	0	0	0	0	0	0	0	0	0	0	0	0	1.459	0	0	0	0	0	1.742	0	0
"c32412_g1_i1"	0.238	0.31	0	0.248	0	0	0.277	0	0	0	0	0.274	0.343	0	0.761	0	0.565	1.083	0.347	0.245	0	0.245	0	0	0	0	0	0.322	0	0	0.286	0.312	0.622	0	0.324	0	0
"c168450_g1_i1"	0	0	0	0	5.978	0	0	0	0	0	0	0	0	0	0	0	0	0	0	0	0	0	0	0	0	0	0	0	0	0	0	0	0	0	0	0	0
"c131126_g1_i3"	0.197	0.278	0.26	0.169	0.31	0.224	0.248	0.161	0.307	0.321	0	0.594	0.033	0.199	0.308	0.094	0.148	0.113	0.162	0.166	0.216	0.166	0.258	0.28	0.172	0.211	0.221	0.242	0.259	0.277	0.201	0.335	0.326	0.246	0.145	0.139	0.158
"c13087_g1_i1"	0.041	0	0.124	0	0	0	0	0	0	0.11	0	0	0	0	0	0	0	0	0	0.088	0	0	0	0	0	0	0	0	0.216	0	0	0.843	0	0	0	0	0
"c145217_g1_i2"	0.82	0.867	0.859	1.907	0.88	0.428	1.089	0.484	1.61	1.535	1.099	0.679	1.108	0.925	1.141	0.933	0.504	0.677	0.659	1.288	0.757	0.42	0.958	0.938	0.818	0.576	0.741	1.349	1.189	1.788	1.08	0.97	0.908	0.778	1.072	0.356	0.539
"c144752_g1_i1"	0.951	0.621	0.463	0.94	0.832	0.255	0.497	0.527	0.477	0.572	0.806	1.01	1.152	0.82	3.675	1.084	1.2	1.105	0.924	1.638	0.384	0.841	1.345	0.56	0.455	0.633	0.321	1.319	0.216	0.968	0.646	0.219	1.432	0.601	0.558	1.148	0.634
"c132513_g4_i1"	0.631	0	1.084	0.266	0	0.316	0.908	0	0.318	0	0.303	0	0.377	0.386	0	0.641	0.609	0.383	0	0.526	0.58	0.263	0	0.981	0	0	0.686	0	0.313	0	0.307	0.681	0	0.286	0.346	0	0.602
"c134747_g1_i1"	0.139	0.182	0.249	0.098	0.213	0.224	0.325	0.226	0.117	0.221	0.114	0	0.321	0.351	0.243	0.443	0.261	0.068	0.139	0.096	0.521	0.377	0.249	0.302	0.667	0.269	0.376	0.06	0.281	0	0.286	0.127	0.118	0.374	0.301	0.052	0.116
"c95903_g1_i1"	0	0.257	0	0.213	0.232	0	0	0.247	0	0	0	0.462	0	0	0	0	0.461	0	0	0.201	0	0.201	0.221	0	0	0	0	0	0	0	0	0	0	0	0	0	0
"c149469_g1_i1"	0	0	0	0	0	0	1.271	0	0	0	0.654	0	0	0	0	0	0.687	0	0.797	0	0	0	0	0	0.738	0	0	0	0	0	0	0	0	0.581	0	0	0
"c88061_g1_i1"	0.082	0	0.113	0.089	0	0.102	0.105	0.215	0.106	0	0	0	0.122	0.129	0.089	0	0	0.124	0	0	0	0.429	0.092	0	0	0	0	0.111	0	0	0.106	0	0.217	0	0	0	0
"c169486_g1_i1"	0	0	0	0	0.397	0	0	0	0	0	0.777	0.377	0	0	0	0	0.391	0	0	0	0	0	0	0	0	0	0	0	0	0	0	0	0	0	0	0	0
"c46684_g1_i1"	0.115	0	0	0	0	0.286	0	0	0	0	0	0	0	0	0.251	0	0.278	0	0	0	0	0	0	0	0	0	0.31	0	0	0	0	0	0.306	0	0	0	0
"c129281_g2_i2"	0.074	0	0.497	0.08	0.252	0	0.592	0.086	0	0	0.085	0.34	0	0	0	0	0	0	0.104	0.079	0.079	0	0.083	0.097	0	0	0	0	0.086	0.415	0.265	0	0	0.246	0	0.304	0
"c153193_g1_i1"	0	0	0	0.444	0.513	0	0	0.549	0	0	0	0.491	0	0	0.923	0	0.522	0	0	0.429	0	0	0	0	0	0	0	0	0	0	0	0.543	0	0	0.569	0.452	0
"c140901_g1_i1"	0.238	0.385	0.305	0.355	0.339	0.173	0.822	0.269	0.138	0.351	0.351	0.387	0.055	0.281	0.575	0.264	0.417	0.214	0	0.499	0.295	0.184	0.359	0.291	0.384	0.47	0.199	0.332	0.313	0.504	0.275	0.45	0.267	0.64	0.246	0.461	0.306
"c109344_g1_i1"	2.074	1.841	1.469	5.767	2.912	1.918	5.991	1.753	2.638	1.686	3.147	2.453	1.772	1.065	1.481	0.641	1.226	1.827	1.537	3.6	1.387	0.893	1.575	2.942	1.384	0.441	1.659	0.936	2.151	3.388	2.318	1.883	1.343	2.601	3.964	1.669	4.561
"c146163_g1_i1"	0.213	0	0.621	0	0	0.551	0	0	0	0	0	1.51	0	0	0	0	1.061	0	0	0	0	0	0	0.539	0	1.267	0	0	0	0	0.498	0	0	0	0	0.93	0
"c143026_g8_i1"	0.107	0.556	0.599	0.222	0.252	0	0.248	0	0	0	0.256	0.5	0.62	0.328	0	0	0	0	0.624	0	0	0.219	0.24	0.55	0	0.269	0	0	0	0	0.254	0	0.276	0	0	0.226	0.75
"c107006_g1_i1"	0	0.107	0.463	0.355	0.097	0	0	0.312	0.636	0.1	0.303	0.396	0	0	0	0	0.287	0	0	0	0	0.166	0.276	0.108	0	0	0	0	0.205	0	0.307	0.116	0	0.197	0	0	0.106
"c161321_g1_i1"	0.189	0	0	0.781	0.455	0	0	0	0	0	0	0	0.554	0	0	0	0	0	0	0.377	0	0	0	0	0.505	0	0	0	0	0	0.434	0.485	0.504	0	0	0	0.433
"c140528_g1_i5"	0.533	0	0.644	0.399	0.387	0.337	0	0.172	0.477	0.171	0.341	0.274	0.199	0.503	0.494	0.113	0.322	0.271	0.277	0.342	0.266	0.815	0.203	0.496	0.061	0.106	0.066	0.181	0.227	0.326	0.169	0.901	0.928	0.601	0	0.835	0.739
"c146197_g2_i1"	1.287	3.403	0.26	1.899	3.192	1.122	0.554	2.323	2.235	0.562	1.346	1.425	0.797	3.255	3.432	1.574	2.356	2.605	3.836	1.542	1.377	2.558	1.649	0.862	1.596	0.777	1.659	1.47	1.372	1.709	1.704	2.033	0.938	2.483	0.994	4.129	1.119
"c181615_g1_i1"	2.812	0	0	1.286	0	0	0	0	0	0	0	0	0.975	0.96	0.696	0.858	1.591	2.007	0.913	4.309	0	0	0	1.487	0	0	0.807	0	0	0	0	0	0	0.66	0	0.678	0.697
"c138000_g1_i2"	2.287	1.99	1.175	1.313	2.873	2.418	4.195	2.205	2.013	1.816	4.18	1.868	2.769	2.974	2.501	3.356	2.435	2.954	2.599	3.749	1.455	2.172	1.207	0.97	2.405	1.507	1.427	2.638	2.334	1.403	2.541	1.675	2.429	2.779	2.267	2.06	1.689
"c114949_g2_i1"	0.418	0.246	0	0.204	0.996	1.571	0.659	0.699	1.059	0.331	0.673	0	0	0.855	0.097	0.452	0.539	0.417	0.139	1.069	0.315	0.473	0.101	0.496	0.495	1.113	0.254	1.108	0.692	0.316	2.16	1.271	1.175	0.867	0.994	0.296	0.56
"c34099_g1_i1"	0	0	0.35	0	0	0	0	0	0	0	0	0	0	0	0	0	0	0	0	0	0	0	0	0	0.333	0.326	0	0	0.616	0	0	0	0	0	0	0	0
"c124105_g1_i1"	0.64	0.567	0	0.231	0.261	0.265	1.529	0.817	1.621	0.261	1.033	0.255	0	0.328	0.461	1.065	0.757	0	0.947	0.666	0	0.438	1.465	0.55	0	0.825	0.288	0.292	0.53	0.494	0.519	0.289	0.276	0.729	0.29	0.461	0
"c63568_g1_i1"	0	0	0	0.275	0	0	0	0	0	0	0	0	0	0	0	0.641	0	0	0	0.263	0	0	0	0	0	0	0	0	0	0	0	0	0	0	0	0.278	0
"c151009_g1_i1"	0	0	0	0	0	0	0	0	0	0	0.284	0	0	0	0	0	0	0	0	0	0	0	0	0	0	0.317	0.321	0	0.292	0	0.286	0	0.316	0	0.324	0	0
"c13790_g1_i1"	0	0	1.096	0.399	0.464	0	0	0	0.477	0	0	0	0	0	0	0.5	0	0	0.566	0	0	0	0	0.485	0	0	0	0	0	0	0	0	0	0.424	0	0	0
"c121601_g1_i3"	0.041	0	0	0.098	0.416	0.418	0.105	0.108	0.106	0	0.104	0.208	0	0.129	0.364	0	0	0	0.381	0.184	0	0.088	0.092	0	0	0	0.122	0.111	0.108	0.099	0	0.243	0.109	0.404	0	0.096	0.106
"c79252_g1_i1"	0.344	0.182	0	0.452	0	0	0.162	0	0.18	0	0	0.16	0.199	0	0.146	0	0.165	0.417	0.416	0	0.482	0.14	0	0	0	0	0	0	0	0.158	0	0	0	0	0	0	0
"c38652_g1_i1"	0	0	0	0	0	0	0	0	0	0	1.024	0	0	0	0	0	0	0	0	0	0	0	0	0	0	0	0	0	1.037	0	0	0	0	0	0	0	0
"c137653_g4_i2"	0.238	0.043	0.169	0.035	0.077	0.316	0.067	0.204	0.032	0.1	0.142	0.113	0.1	0.094	0	0.141	0.104	0.079	0	0	0.275	0.088	0.12	0.119	0.03	0.173	0.199	0	0.195	0.178	0.201	0.058	0.02	0.128	0.179	0.096	0
"c154869_g1_i1"	0	0	0	0	0	0	4.347	0	0	1.746	0	0	0	0	0	0	0	0	0	0	0	0	0	0	0	0	0	0	0	0	0	0	0	9.695	0	0	2.608
"c146832_g2_i1"	0.836	2.151	2.576	0.568	1.19	1.163	1.577	2.764	3.327	1.655	0.986	0.868	3.112	2.623	1.077	2.14	1	2.447	2.091	1.182	2.449	1.06	0.921	2.759	2.031	2.457	2.677	1.52	2.658	0.711	1.546	3.003	1.481	2.109	3.618	1.113	2.418
"c138829_g1_i5"	1.443	2.065	0.441	1.393	1.025	1.601	3.153	2.474	3.888	0.783	3.308	1.293	1.207	2.412	1.02	1.131	1.826	0.496	0.786	1.095	0.974	0.946	2.524	1.142	0.445	0.058	0.94	1.178	1.589	1.768	0.72	1.987	0.928	1.98	1.619	1.947	0.655
"c106049_g1_i1"	6.871	0	0	0	11.454	0	14.552	33.817	2.892	0	9.26	0	0	0	0	5.26	0	0	0	0	5.664	5.369	0	0	0	0	0	4.954	0	0	0	0	0	4.207	0	0	0
"c145928_g2_i1"	16.422	13.676	12.189	6.53	14.665	14.23	15.402	11.627	14.207	13.906	15.762	16.721	16.79	14.576	14.214	16.505	15.087	12.799	16.197	13.558	15.065	16.003	13.882	14.753	17.671	15.757	12.621	18.879	13.195	10.697	16.769	17.592	14.396	12.454	13.266	12.38	11.668
"c138034_g1_i1"	0.041	0.054	0	0.089	0.097	0.122	0	0.075	0.138	0.1	0.028	0.075	0	0	0.113	0.075	0.043	0.056	0.035	0.07	0.069	0.018	0.092	0.032	0.051	0.173	0.055	0.05	0.022	0	0.053	0	0.079	0.049	0.056	0.07	0.074
"c127574_g1_i3"	0.09	0	0	0.399	0	0.235	0	0	0	0	0	0	0	0.293	0.202	0.698	0	0	0	0	0	0.385	0	0	0	0.24	0	0	0	0	0.222	0	0	0	0	0.2	0.222
"c94966_g1_i2"	0	0.417	0	0	0	0	0	0	0	0	0	0	0	0	0	0	0	0	0	0.324	0	0	0	0	0	0	0	0	0	0	0	0	0	0	0	0	0
"c83487_g1_i1"	0	0	0	0	0	0	0	0	0	0	0	0	0	0	0	0	0	0	0	0	0	0	0	0	0	0	0	0	0	0	0	0	0	0	0	0	0
"c137185_g4_i2"	0	0	0	0	0	0	0	0	0	0	0	0	0	0	0	0	0	0	0	0	0	0	0	0	0	0	0	0	0	0	0	0	0	0	0	0	0
"c122498_g1_i1"	0	0	0	0	0	0	0	0	0	0	3.886	3.652	0	2.564	0	0	0	0	0	2.969	1.809	0	0	0	0	0	1.969	0	0	0	0	0	0	0	0	0	0
"c101972_g1_i4"	0	0	0	0	0	0	0	0	0	0	0	0	0	0	0	0	0	0	0	0	0	0	0	0	0	0	0	0	0	0	0	0	0	0	0	0	0
"c46509_g1_i1"	0	0	0	0	0	0	0	1.301	0	0	0	0	0	0	0	0	0	1.624	0	0	0	0	0	0	0	0	0	0	0	0	0	0	0	0	0	0	1.014
"c144657_g1_i2"	0.115	0.107	0.169	0.089	0.232	0.377	0.191	0.452	0.456	0.14	0.095	0.142	0.166	0.059	0.081	0.236	0.365	0.293	0.231	0.333	0.502	0.648	0.046	0.269	0.101	0.278	0.166	0.161	0.054	0.049	0.349	0.116	0.296	0.236	0.368	0.043	0.338
"c143212_g4_i1"	0.049	0.064	0.068	0.257	0.164	0.061	0.057	0.054	0.064	0	0	0.057	0.066	0.07	0.097	0.17	0	0.068	0	0.096	0.049	0.333	0.101	0.065	0.182	0.278	0.133	0	0	0.158	0	0.069	0.059	0.108	0.123	0.148	0.116
"c133588_g8_i4"	0.41	0.107	0.203	0.337	0.155	0.296	0.182	0.183	0.498	0.161	0.152	0.132	0.233	0.14	0.113	0.085	0	0.135	0.266	0.272	0.246	0.184	0.129	0.162	0.323	0.125	0.111	0.181	0.032	0.207	0.138	0.15	0.316	0.128	0.056	0.261	0.084
"c145171_g1_i4"	0.148	0.054	0.102	0.044	0.048	0	0.096	0.097	0.053	0.09	0	0	0	0.176	0.04	0.047	0.043	0.113	0.058	0.079	0	0.114	0	0	0.101	0.086	0.055	0	0.097	0	0.191	0.104	0.049	0.138	0.156	0.078	0.042
"c70461_g1_i1"	0	0	0	0	0.222	0	0	0	0	0	0	0	0	0	0	0	0.217	0	0	0	0.216	0	0	0	0	0	0	0	0	0	0	0	0	0	0.502	0	0
"c153103_g1_i1"	0	0	0	0	0	0	0	0	0	0	0	0	0	0	0	0	0	0	0	0	0	0	0	0	0	0	0	0	0	0	0	0	0	0	0	0	0
"c163406_g1_i1"	0	0	0	0	0	0	0	0	0	0	0	0	0	0	0	0	0	0.462	0.89	0	0	0	0	0	0	0	0	0	0	0	0	0	0	0	0	0	0
"c139706_g1_i1"	3.378	1.488	2.756	1.535	3.56	3.346	1.825	4.109	0.434	1.766	1.915	2.746	1.296	0.433	1.975	3.95	2.148	2.255	2.518	0.534	3.048	1.393	1.566	3.556	2.324	1.267	3.13	0.302	2.604	2.489	1.186	2.98	1.846	2	5.751	2.704	1.447
"c135497_g6_i1"	0.467	0	0.441	0.657	0.377	0.388	0	0	0	0.762	0.37	0	0.465	0	0	0.396	0	0	0	0	0.354	0.315	0	0	0	0	0.42	0.423	0	0.356	0.371	0	0	0	0	0.33	0
"c104738_g1_i1"	0	0	0	0	0	0	0	0	0	0	0	0	0	0	0	0	0	0	0	0	0	0	0	0	0	0	0	0	0	0	0	0	0	0	0	0	0
"c145452_g2_i3"	4.173	6.271	5.004	4.791	5.988	6.151	4.653	6.776	4.714	6.933	5.554	6.011	6.568	6.685	3.715	5.222	4.096	6.089	6.342	3.057	5.359	5.737	5.159	6.1	5.91	5.403	4.955	6.686	5.112	5.798	6.045	5.752	5.154	5.301	5.561	5.512	4.72
"c141172_g2_i1"	0.648	0.278	0.328	0.408	0.59	0.479	0.201	0.506	0.964	0.572	1.09	0.651	0.332	0.468	0.696	0.339	0.896	0.553	0.381	0.552	0.295	0.464	0.442	0.323	1.031	0.499	0.265	0.936	0.702	0.415	0.741	0.393	0.77	0.503	0.692	0.53	0.169
"c91315_g2_i1"	1.025	0	0	0	0	0	0	0	0	0	0	0	0	0	0	0	0	0	0	0	0	0	0.626	0	0	0	0	0	0	0	0	0	0	0	0	0	0
"c121954_g2_i1"	0.23	0.075	0.237	0.062	0.135	0.275	0.898	0.151	0.297	0.421	0.209	0.066	0.078	0.094	0.186	0.415	0.33	0.169	0.173	0.245	0.197	0.298	0.645	0.776	0.152	0.547	0.155	0	0.724	0.198	0.074	0.162	0.286	0.483	0.234	0.435	0.137
"c146454_g2_i2"	0.254	0.161	0.079	0.452	0.068	0.214	0.248	0.452	0.042	0.291	0.18	0.075	0.089	0.234	0.065	0.104	0.07	0.045	0.22	0.377	0.138	0.123	0.037	0.205	0.162	0	0.044	0.04	0	0.04	0.191	0	0.336	0.177	0.078	0.13	0.148
"c142639_g1_i1"	1.427	1.006	0.971	1.987	1.635	2.509	2.522	1.431	1.441	1.364	2.986	2.982	1.063	1.545	2.355	1.339	1.339	1.872	2.761	1.752	1.465	1.305	1.713	2.091	1.697	1.171	1.338	1.581	1.34	2.943	2.255	2.252	1.846	1.567	1.485	1.452	1.478
"c146017_g1_i1"	6.297	4.912	8.766	4.72	5.001	5.488	5.561	7.207	7.416	6.331	5.753	5.209	6.213	5.538	4.735	5.741	5.182	6.315	6.92	4.94	8.074	6.315	6.762	9.591	6.244	9.078	10.586	5.236	6.938	5.452	6.32	7.831	5.579	6.207	7.884	5.39	6.874
"c71587_g1_i1"	0	0	0	0	0	0.418	0.783	0	0	0	0	0	0	0	0	0	0	0	0	0.342	0	0.342	0	0	0	0	0	0	0	0	0	0	0	0.374	0	0	0
"c181008_g1_i1"	0	0	0	0	0	0	0	0	0	0	0.521	0	0	0	0	0	0	0	0	0	0	0	0	0	0	0	0	0.604	0	0	0.498	0	0	0	0	0	0
"c145715_g3_i6"	0.689	0.599	0.249	0.293	0.619	0.214	0.191	0.656	0.265	0.331	0.303	0.349	0.321	0.246	0.405	0.33	0.73	0.474	0.3	0.333	0.57	0.771	0.571	0.366	0.546	0.585	0.376	0.836	0.313	0.553	0.339	0.797	0.76	0.266	0.726	0.748	0.496
"c127878_g1_i1"	0.107	0.278	0.294	0.08	0.164	0.082	0	0.086	0	0.09	0	0.085	0.1	0.105	0.073	0	0.165	0.101	0	0.368	0.079	0.149	0.157	0	0	0	0	0.091	0.086	0.079	0.265	0	0.178	0	0	0	0
"c79200_g1_i1"	0.148	0	0	0.612	0.348	0	0	0.742	0	0	0	0.34	0.432	0	0	0.368	0	0	0.427	0	0.325	0	0.332	0.366	0	0.393	0	0	0	0	0	0	0.77	0	0	0	0
"c159106_g1_i1"	0	0	0.791	0	0	0	0	0	0	0	0	0	0	0	0	0	0	0	0	0	0	0.552	0	0	0	0	0	0.775	0	0	0.614	0	0	0	0	0	0
"c146029_g2_i5"	0.148	0.171	0.034	0.106	0.039	0.041	0.076	0.14	0.201	0.14	0.085	0.104	0.122	0.035	0.024	0.16	0.096	0.18	0.104	0.123	0.207	0.096	0.064	0.097	0.172	0.192	0.088	0.05	0.032	0.01	0.106	0.081	0.059	0.01	0.067	0.156	0.148
"c140639_g2_i2"	22.883	23.618	25.643	18.764	26.371	29.724	21.756	22.394	14.81	22.714	24.71	28.535	34.688	31.423	26.582	35.678	26.356	31.777	38.413	18.227	34.408	20.567	26.134	32.664	36.24	31.753	33.35	29.865	41.952	22.717	28.468	33.393	34.775	20.977	27.447	24.655	27.263
"c179048_g1_i1"	0	0	0	0	0	0	0	0	0	0.462	0	0	0	0	0	0	0	0	0	0.377	0.423	0	0	0	0	0	0	0	0	0	0	0	0	0	0	0	0
"c127529_g1_i1"	0.279	0.118	0.056	0.142	0.464	0.051	0.306	0.161	0.053	0.311	0.37	0.311	0.487	0.269	0.364	0.104	0.052	0.507	0	0.184	0.098	0.578	0.138	0.054	0	0.106	0.122	0.111	0	0.296	0	0.058	0.109	0	0	0.096	0.106
"c65303_g1_i1"	0.32	0	0	0.231	1.035	0	0.258	0	0.275	0	0.256	0	0.31	0.328	0.461	0	0	0.327	0.323	0	0	0.438	0.488	0.28	0.576	0	0.288	0	0	0.247	0.519	0.289	0.839	0.493	0.29	0.226	0.253
"c137679_g2_i1"	0	0	0	6.734	0	0	0	0	0	0	0	0	4.895	0	3.278	0	0	0	3.57	0	0	0	0	0	0	0	0	0	0	0	0	0	0	0	0	0	0
"c146224_g1_i1"	0.172	0.342	0.407	1.091	0.571	0.173	0.22	0.764	0.138	0.532	0.199	0.245	0.665	0.117	0.154	0.622	0.4	0.248	0.139	0.193	0.148	0.096	0.405	0.28	0.344	0.748	0.31	0.362	0.249	0.277	0.095	0.15	0.504	0.443	0.145	0.2	0.222
"c144434_g1_i2"	0.033	0.193	0	0.24	0	0	0.172	0.086	0.095	0.09	0.351	0.085	0.1	0.222	0.081	0	0.165	0.113	0.22	0	0.167	0.079	0.083	0.194	0.101	0.086	0	0	0.086	0	0.265	0.104	0.089	0.089	0.1	0.078	0
"c141157_g1_i4"	1.664	1.916	2.146	1.792	1.925	1.663	1.978	1.829	1.663	2.839	2	1.783	2.957	2.365	1.368	2.413	1.67	1.601	1.617	1.542	2.419	1.839	1.741	2.78	1.849	1.814	1.825	1.329	1.945	1.333	2.541	2.957	1.767	2.246	2.39	1.878	2.65
"c128186_g1_i4"	0.09	0.054	0.181	0.142	0.474	0	0.105	0.108	0.614	0	0.37	0.16	0.122	0.14	0.049	0.057	0.2	0.192	0.127	0.184	0.148	0.131	0.101	0.119	0.404	0	0.31	0.232	0.108	0.257	0.053	0.058	0.168	0.108	0.179	0.096	0.264
"c107589_g1_i1"	0	0	0	0	0	0	0	0	0	0	0	0	0	0	0	0	0	0	0	0	0	0	0	0	0	0	0	0	0	0	0	0	0	0	0	0	0
"c112512_g2_i1"	1.115	0.342	0.734	0.142	0.31	0.479	0.153	0.161	0.17	0.793	0.161	0.462	1.329	1.007	0.559	0.32	0.922	1.567	0.97	0.272	0	0.806	0.884	0.517	0.525	0.163	0.177	0.524	0.486	0.148	0	0.185	0.336	0.305	0.525	0.139	0.317
"c102832_g1_i1"	5.493	5.543	4.643	4.658	5.069	4.539	5.781	4.388	5.943	3.772	5.877	5.463	5.338	4.73	6.597	5.684	5.513	5.65	5.603	5.833	4.366	5.527	4.219	4.095	5.819	5.633	4.834	5.488	4.647	4.218	4.732	5.048	5.944	4.05	4.891	6.39	4.751
"c53994_g1_i1"	0	0	0	0	0	0	0	0	0	0	0	0	0	0	0	0	0	0	0	0	0	0	0	0	0	0	0	0	0	0	0	0	0	0	0	0	0
"c74333_g1_i1"	0	0	0	0	0	0	0.162	0	0	0	0	0	0.199	0	0	0	0	0	0	0.28	0	0	0.157	0	0	0	0	0	0	0	0	0	0	0	0	0	0
"c54324_g1_i1"	0.353	0	1.039	0	0	0	0	0	0	0	0	0	0	0	0	0	0.913	1.15	0	0	0.787	0	0	0	0	0	0	3.081	0	0	0	0.866	0	0	0	0	0
"c133508_g2_i4"	0.377	0.064	0.169	0.248	0.561	0.153	0.688	0.183	0	0.331	0.427	0.859	0.321	0.187	0.397	0.358	0.339	0.034	0.069	0.026	0.177	0.307	0.028	0.269	0.162	0.144	0.277	0.362	0.151	0.405	0.191	0	0.316	0.266	0.033	0.026	0.127
"c127790_g1_i2"	0.918	1.573	0.599	1.118	0.706	0.459	1.491	1.022	1.727	0.853	1.052	0.642	0.775	1.417	0.631	1.178	0.496	0.643	0.97	1.025	1.18	0.832	0.903	1.379	0.929	1.219	1.504	0.785	0.746	0.691	0.741	0.3	1.224	1.025	1.452	1.321	1.985
"c115105_g1_i4"	0	0.161	0.169	0	0.145	0.153	0.287	0	0	0.15	0	0	0.354	0	0.13	0	0	0	0	0.254	0.138	0	0.138	0	0	0	0	0.322	0	0.138	0.148	0	0	0	0	0	0
"c106957_g1_i2"	0	0	0.237	0	0	0.204	0.201	0.215	0	0.401	0	0.198	0	0.258	0.178	0	0	0	0.497	0.175	0	0	0	0.431	0.222	0.422	0	0	0.205	0.188	0.402	0	0.217	0.197	0.447	0.174	0.201
"c12006_g1_i1"	0	0	0	0	0.445	0	0.869	0.947	0	0	0	0.434	0	0	0	0	0	0	0	0	0.413	0	0	0	0	0	0	0	0	0	0	0	0	0.404	0	0	0.855
"c106358_g1_i1"	0.131	0	0	0	0	0.316	0	0.323	0	0	0.313	0.906	0	0	0.275	0	0	0.395	0	0.263	0	0	0	0.323	0	0.336	0	0	0.313	0	0.614	0	1.007	0	0	0.278	0
"c158467_g1_i1"	0	0	1.005	0	0	0	0	0	0	0	0	0	0	0	0	0	0	0	0	0.666	0	0	0	0	0	0	0	0	0	0	0	0	0	0	0	0	0
"c168298_g1_i1"	0	0	0	0	0	0	0.726	0.817	0	0	4.464	0	0	0	0	0	0	0	0	0.613	0	0	0	0	0	0	0	0	0.756	0	0	0	0	0.66	0	0	0
"c120312_g2_i1"	0.148	1.188	0.836	0.94	0.716	0.367	0	0.753	3.337	0.732	0	0.349	0.443	2.728	1.603	1.508	0.357	0.902	4.817	0.911	0.334	2.426	1.373	3.017	0.394	0.403	5.586	0.806	0.724	0.672	0	1.571	2.36	0.335	1.206	0.956	1.732
"c89014_g1_i1"	2.615	2.419	3.547	6.326	3.299	1.969	2.704	2.614	1.727	3.07	0	3.756	0.676	1.393	0.494	0.575	4.6	2.075	4.055	0.937	3.383	2.575	3.39	2.36	0.303	3.263	3.407	2.165	1.405	3.655	2.191	0.612	3.574	1.044	1.541	1.704	2.165
"c138778_g5_i1"	0.057	0	0.147	0.062	0.068	0.061	0.067	0.065	0.064	0.06	0.066	0.066	0.155	0.082	0.057	0.066	0.061	0	0	0	0	0.053	0	0	0.212	0.067	0	0	0	0	0.064	0.15	0	0	0.212	0.113	0.327
"c57481_g1_i1"	0	0	0	0	0	0	0	0	0	0	0	0	0	0	0	0	109.371	0	0	0	0	0	0	0	0	0	0	0	0	0	0	0	0	0	0	0	0
"c80585_g1_i1"	0.082	0	0.237	0	0	0	0	0	0	0	0	0.198	0	0.258	0	0	0	0	0	0.709	0	0	0.193	0.226	0	0	0	0	0	0	0	0	0	0	0	0.183	0.201
"c70318_g1_i2"	0	0.054	0.181	0	0.203	0.051	0.153	0.108	0.053	0	0.265	0.047	0.066	0	0.049	0	0.052	0.068	0.069	0	0	0	0	0	0	0	0.122	0.06	0	0.148	0.106	0.058	0	0.099	0	0	0
"c2947_g1_i1"	0	0.492	0	0	0	0	0	0	0	0	0.436	0	0	0	0	0	0	0	0	0	0	0	0	0.463	0	0	0	0	0	0.415	0.423	0	0	0	0	0	0
"c15982_g1_i1"	0	0	0	0	0	0.857	1.529	0	0	0	0	0.755	0	0	0	0	0	1.06	0	0	0	0	0	0	0	0	0.852	0	0	0	0	0	0	0	0	0	0
"c110754_g1_i1"	0.213	0	0	0	0	0.255	0	0	0	0	0	0	0	0	0.227	0	0	0	0	0	0	0	0	0	0	0	0.288	0	0	0	0	0	0	0	0	0	0
"c88613_g2_i1"	0.213	0.567	0	1.038	0.513	0.388	0.124	0.269	0.138	0.391	0.389	0.887	1.85	0.492	1.028	1.433	0.87	1.116	0.474	0.561	0.856	1.542	0.719	2.274	0.566	0.653	0.442	0.997	0	0.494	0.529	1.317	0.405	0.621	0.435	0.574	0
"c148349_g1_i1"	0	0.182	0	0.098	0	0.051	0	0	0.233	0.06	0.275	0.057	0.066	0.14	0.097	0.113	0	0	0.069	0.289	0.108	0.096	0	0	0.061	0.163	0.066	0.06	0.119	0.217	0.169	0	0	0.276	0	0	0.116
"c81260_g1_i1"	0	0	1.672	0	0	0	0	4.507	0	0	0	0	0	0	0	0	1.53	1.894	0	2.058	1.21	0	0	1.196	0	2.783	0	0	0	0	0	2.541	0	0	0	1.217	0
"c173566_g1_i1"	0	0	0	0	0	0	0	0.699	0	0	0	0	0	0	0	1.442	0.67	0	0	0	0	0	0	0	0.727	0	0.708	0	0	0	0	0.681	0.76	0	0	0	0
"c166713_g1_i1"	0	0	0	0	0	0	0	0.387	0	0	0	0	0	0	0	0	0	0	0	0.315	0	0	0	0.388	0	0	0	0	0	0	0	0	0	0	0	0	0
"c127519_g1_i2"	0.025	0	0	0.098	0.048	0.051	0.057	0.054	0	0	0	0.057	0	0	0.186	0.217	0.157	0.068	0.127	0.044	0.098	0.044	0.101	0.119	0.414	0.211	0.188	0	0	0.049	0.053	0	0.109	0	0.056	0.043	0.053
"c105483_g1_i1"	0.164	0.332	0.113	0.444	0.397	0.296	0	0.108	0.106	0.1	0.199	0.585	0.233	0.89	0.089	0	0.287	0	0	0	0.098	0.254	0.184	0.216	0	0.202	0.343	0.332	0.411	0.385	0.106	0.116	0.207	0.296	0.112	1.052	0
"c179383_g1_i1"	0.074	0	0	0	0.174	0	0	0	0	0	0.351	0	0.21	0	0	0	0.174	0	0	0	0	0	0	0	0	0.182	0.199	0	0.184	0	0	0	0	0	0	0	0
"c123817_g1_i1"	0.951	2.205	0.328	0.603	1.509	0.673	0.573	0.904	0.604	0.963	1.251	0.661	1.252	0.726	0.672	1.442	0.183	0.71	0.231	0.254	0.551	0.981	0.267	0.313	1.162	0.576	0.984	1.057	0.886	0.277	0.392	1.201	0.296	0.936	0.212	1.608	0.676
"c159917_g1_i1"	0	0	0	0	6.907	0	0	0	0	0	0	0	0	0	0	0	0	0	0	0	0	0	0	0	0	0	0	0	0	0	0	0	0	0	0	0	0
"c122833_g1_i1"	0.599	0.685	1.243	0.869	0.764	0.959	1.07	0.904	0.667	0.953	0.844	0.887	0.952	0.796	0.575	1.282	0.713	1.094	0.774	0.815	0.659	0.893	1.069	1.272	1.182	0.835	1.416	0.423	1.513	0.78	0.963	0.97	0.592	1.064	1.161	0.739	1.52
"c103335_g1_i1"	0	0	0.565	0	0.242	0	0	0.258	0	0.251	0	0	0	0.316	0	0	0	0	0	0.21	0.226	0	0.23	0	0	0.259	0	0	0.249	0	0	0.277	0	0.236	0	0	0.243
"c118672_g1_i1"	1.123	1.273	0.971	1.606	1.2	1.55	0.745	1.269	0.742	0.883	0.711	2.076	1.163	1.311	2.096	1.584	1.826	1.951	1.444	1.226	0.806	1.077	1.244	1.099	1.798	1.775	1.294	1.228	1.21	0.81	1.302	1.294	1.6	1.33	1.094	2.599	1.183
"c115188_g1_i2"	0.025	0	0.079	0.124	0.203	0.071	0	0.14	0	0	0	0.132	0.166	0.082	0	0.066	0.13	0	0.081	0.061	0.069	0	0	0	0.303	0.134	0	0.07	0.065	0.069	0.074	0	0	0.069	0	0	0
"c146094_g2_i3"	0.812	2.258	3.491	0.781	1.296	1.989	1.252	3.571	2.49	2.659	0.398	1.01	2.558	2.459	1.222	1.989	0.974	3.293	2.622	1.655	2.596	0.788	1.548	3.729	2.788	3.205	3.606	1.158	5.479	1.156	2.858	3.627	1.461	2.463	4.813	1.13	3.812
"c1841_g1_i2"	0	0	0	0	0	0	0	0	0	0	0	0	0	0	0	0	0	0	0	0	0	0	0	0	0	0	0	0	0	0	0	0	0	0	0	0	0
"c101189_g1_i1"	8.199	11.087	9.839	9.12	10.622	9.262	6.898	7.691	9.005	8.317	8.767	8.37	9.093	11.836	13.485	14.054	13.826	14.107	15.538	9.118	11.643	9.942	13.035	8.815	13.367	11.957	10.331	12.304	10.731	8.465	8.374	8.478	12.144	10.779	9.022	12.232	8.88
"c182834_g1_i1"	0	0	0	0	0	0	0	2.205	0	0	0	0	0	0	0	0	0	0	0	0	0	0	0	0	0	0	0	0	0	0	0	0	0	0	0	0	0
"c171293_g1_i1"	0	0	0	0	0.764	0	0	0	0	0	0	0	0	0.937	0.688	0	0	0	0	0	0	0	0	0	0	3.071	0	0.876	0	0	0	0	0	0	0	0	0
"c122869_g1_i1"	0.344	0.278	0.102	0.381	0.416	0.173	0.334	0.086	0.625	0.251	0.341	0.17	0.498	0.211	0.591	0.509	0.643	0.316	0.416	0.289	0.325	0.289	0.157	0.56	0.182	0.835	0.575	0.282	0.086	0.247	0.254	0.092	0.267	0	0.368	0.148	0.676
"c108316_g1_i1"	0	0.128	0.136	0	0.242	0.122	0.239	0	0.127	0.12	0	0	0.288	0	0.105	0.245	0.113	0	0.3	0	0.344	0	0.111	0.269	0.131	0	0.144	0.131	0.13	0	0.127	0	0	0.355	0.268	0	0.127
"c78535_g1_i1"	0.172	0.91	0	0	0	0.857	0.401	0	0.424	0.421	0	0	0.509	1.042	0.372	0.443	0	0	0.508	0	0	0.701	0.396	0	0.919	1.42	0	0	0	0.78	0.402	1.351	0.464	0.759	0	0	0.792
"c130873_g1_i2"	0.525	0.246	0.339	0.337	0.435	0.071	0.736	0.075	0.551	0.441	0.37	0.217	0.354	0.281	0.785	0.151	0.209	1.184	0.37	0.455	0.492	0.315	0.276	0.496	0.242	1.027	0.686	0.896	0.843	0.494	0.762	0.936	0.079	0.434	0.659	0.522	0.148
"c131551_g4_i1"	0.394	0	0	0	0.958	0	0	0.506	0	0	0	0	0	0	0	0	0	0	0	0.394	0	0	0	0	0	0	0	0	0	0	0	0	0	0	0	0	0
"c6805_g1_i1"	0	0	0	0	0	2.387	0	0	0	0	0	0	2.924	0	0	0	0	0	0	0	0	0	0	0	0	0	0	0	0	0	1.556	0	0	0	0	0	0
"c142205_g2_i1"	0.697	0.524	0.836	0.648	1.306	0.122	0.115	0.376	1.017	0	1.573	1.302	0.288	1.077	0.534	0.848	0.348	0.451	0.3	0.315	0.688	0.613	0.894	0.129	1.061	0.48	0.277	0.534	0.249	1.61	0.741	0.681	0.504	0.236	0.536	0.956	0
"c95703_g1_i1"	0	0	0	0	0	0	0	0	0	0	1.071	0	0	0	0	0	0	0	0	0	0	0	0.534	0	0	0	0	0.624	0	0	0	0	0	0	0	0	0
"c137811_g1_i1"	1.066	1.006	0.859	2.129	1.277	1.489	0.182	0.387	1.737	0.371	0.18	0.896	1.108	1.171	1.141	1.499	1.783	1.601	0.682	1.428	1.396	1.253	1.548	0.603	1.627	0	0.83	1.228	0.562	1.58	1.673	1.04	0.977	0.532	0.413	0.974	1.278
"c55790_g1_i1"	0.279	0.15	0.215	0.497	0.048	0.275	0.315	0.237	0.244	0.181	0.73	0.132	0.166	0.234	0.243	0	0.043	0.338	0.22	0.201	0.089	0	0.083	0.097	0.152	0.173	0.1	0.252	0.184	0.178	0.286	0.162	0.237	0.315	0.301	0.043	0.042
"c138652_g5_i3"	0.148	0	0.068	0.266	0.058	0	0.182	0.183	0.636	0	0	0.113	0	0	0	0.123	0.061	0.068	0.439	0.105	0.118	0.201	0.221	0.463	0.263	0.23	0	0.131	0.367	0.464	0.371	0	0	0.177	0	0.313	0
"c125033_g1_i1"	0.123	0.246	0.169	0.275	0.445	0.071	0.526	0	0.477	0.15	0.227	0.075	0.177	0.094	0	0.302	0.07	0.09	0.185	0.193	0.148	0.254	0.074	0.172	0.253	0.144	0.088	0.081	0.238	0.148	0.159	0.081	0	0.217	0.078	0.269	0.074
"c122742_g1_i1"	0.172	0	0	0.373	0.416	0	0.411	0.215	0	0	0	0.604	0.498	0	0.186	0.424	0.2	0.259	0	0.359	0	0.526	0.193	0	0	0.221	0.232	0	0	0	0	0.462	0.217	0.197	0.234	0.183	0
"c95547_g1_i1"	0	0	0	0	0	0	0	0	0	0	0	0	0	0	0	0	0	0	0	0	0	0.385	0	0	0	0	0	0	0	0	0.445	0	0	0	0	0	0
"c107675_g1_i1"	0.049	0	0.136	0	0	0	0.115	0.118	0	0	0	0.557	0.133	0.14	0.202	0.226	0.217	0	0	0	0.108	0.385	0.101	0	0	0.115	0	0.121	0.119	0.109	0	0	0.118	0	0	0.096	0
"c168253_g1_i1"	0	0	0	0	0	0	0	0	0	0	0	0	0	0	0	0	0	0	0	0	0	0	0	0	0	0	0	0	0.962	0	0	0	0	0	0	0	0
"c66442_g1_i1"	0.123	0.342	0	0	0	0	0	0.645	0	0	0	0.594	0	0	0	0.32	0.304	0	0	0	0	0	0	0	0	0	0	0	0	0	0	0	0	0	0	0	0
"c145068_g1_i2"	1.066	0	0	0	1.616	0	0	0	0	0	0	0	0.399	0	0	0.339	0.956	0	0	0.272	0	0.272	0	0.679	0.717	0	0.365	0	0.324	0.612	0.635	0	0	0	0	0	0
"c145138_g1_i4"	1.812	1.338	1.457	1.357	1.354	1.785	1.596	1.14	1.865	1.495	1.194	1.321	1.617	1.112	1.465	1.291	1.556	1.24	1.398	1.638	1.691	1.656	1.52	1.649	1.061	1.171	1.615	1.339	1.664	1.63	1.535	1.525	1.481	1.35	1.541	1.452	1.309
"c180817_g1_i1"	0.057	0	0	0	0	0	0	0	0	0	0.133	0	0	0.176	0.121	0.132	0.13	0	0	0	0	0.114	0	0	0	0	0	0	0.14	0	0	0	0	0	0	0	0
"c129499_g1_i1"	1.771	1.905	1.548	0.719	1.722	0.673	1.194	1.678	0.985	0.532	1.611	1.576	0.964	3.056	2.242	2.705	1.417	1.319	1.317	0.806	1.141	0.455	0.368	1.466	2.799	0.806	4.723	1.772	1.102	1.531	1.906	1.675	2.251	1.547	0.447	2.356	1.066
"c105859_g1_i1"	0	0	0	0	0	0	0	0	0	0	0	0	0	0	0	0	0	0	0	0	1.446	0	0	0	0	0	0	0	0	0	0	0	0	0	0	0	0
"c144280_g3_i1"	1.517	3.467	0.305	1.162	3.405	2.142	0.774	1.388	1.377	1.595	2.625	3.067	2.558	1.662	2.105	1.357	0.261	0.992	1.282	0.674	0.993	0.219	0.746	0.841	4.062	1.401	0.299	4.702	0.811	1.245	1.831	1.467	1.985	0.246	2.635	3.956	1.806
"c140222_g2_i1"	0.049	0.738	0.52	0.408	1.112	0.337	0.334	1.291	1.663	0.231	0	0.33	1.074	1.721	0.599	0.905	0.322	1.387	0.832	0.394	0.856	0.289	0.101	1.239	2.112	1.468	1.67	0.745	2.086	0.543	0.688	1.802	0.711	1.527	1.753	0.2	0.908
"c142969_g1_i2"	1.394	5.008	5.614	2.573	3.657	4.866	3.382	5.991	6.092	5.368	3.279	3.01	4.375	6.357	1.959	4.496	1.956	3.992	4.402	2.409	8.546	4.739	2.874	7.867	5.254	5.681	9.977	4.189	8.645	3.526	6.236	6.965	3.969	5.33	7.013	4.573	7.919
"c61556_g1_i1"	0.066	0	0	0	0.3	0.153	0	0	0	0	0	0.151	0	0	0	0.151	0	0.192	0.185	0.131	0	0	0.138	0	0	0	0	0	0	0	0	0	0.158	0	0.167	0.13	0
"c115550_g2_i2"	0.541	0.92	0.136	0.967	1.306	0.602	0.717	1.248	2.786	1.084	0.597	1.057	0.144	1.37	0.947	0.603	0.235	0.44	1.329	0.315	0.226	0.307	0.774	0.399	1.455	2.169	0.277	0.926	0.249	0.8	0.487	1.097	1.135	1.281	1.072	0.53	0.718
"c33168_g1_i1"	0.336	0	0	1.366	0	0	0	0	0	0	0	0	0	1.03	0	0	0	0	0	0	0.747	0	0	0	0	0	0	0	0	0.741	0	0	0	0	0	0	0
"c142810_g1_i3"	13.561	12.392	10.133	10.256	9.742	10.598	10.147	9.218	11.336	9.27	11.886	9.993	9.735	9.483	10.094	11.604	9.217	9.517	11.403	9.573	10.512	11.264	10.879	10.432	10.326	10.479	11.758	10.421	9.305	7.635	9.295	12.868	12.579	10.247	8.844	12.275	12.048
"c113437_g1_i1"	0.098	0	0	0.071	0.319	0.082	0.239	0.172	0	0	0.085	0	0.388	0.105	0.283	0	0.235	0	0	0	0	0.07	0	0.086	0.182	0.077	0.088	0	0	0.079	0.169	0.092	0.168	0.079	0.179	0.07	0.084
"c146286_g1_i3"	1.09	0.15	0.294	0.834	0.648	0.622	0.707	0.957	0.572	0.502	0.389	0.396	0.532	0.304	1.732	0.33	0.435	0.598	0.728	1.252	0.787	0.342	0.7	0.55	0.374	0.211	0.465	0.967	0.151	0.78	0.466	0.393	0.78	0.631	0.648	1.461	0.549
"c98600_g1_i2"	0	0	0	0	0	0	0	0	0	0	0	0	0	0	0	0	0	0	0	0	0	0	0	0	0	0	0	0	0	0	0	0	0	0	0	0	0
"c15732_g1_i1"	0.32	0	0	0	0.387	0	0.382	0.409	0	0	0	0.377	0	0	0	0	0.391	0	0	0.657	0	0	0	0	0	0	0	0	0	0	0.381	0.427	0	0	0	0	0
"c104658_g1_i1"	0.123	0.225	0	0	0.203	0.408	0.812	0.215	0.212	0.1	0.209	0.198	0	0.129	0.356	0	0.878	0.248	0.254	0	0.295	0.175	0.286	0.56	0	0.202	0	0.332	0	0.198	0	0	0	0.296	0.223	0.087	0.106
"c79219_g1_i1"	0.303	0	0	0	0	0.184	0	0.387	0.191	0	0	0.717	0.222	0.234	0.648	0	0.53	0	0	0.158	0.177	0	0.341	0.194	2.021	0.192	0	0.403	0.378	0.346	0	0	0.583	0.177	0.614	0.165	0.18
"c126567_g2_i1"	3.025	3.35	1.853	2.342	0	3.376	0	0	0	0	1.403	1.34	0	0	1.417	0	1.713	0	0	3.346	0	0	0	1.293	3.354	6.746	2.942	0	1.416	0	0	0	0	0	1.675	2.669	1.235
"c171847_g1_i1"	0.738	0.92	4.982	0.151	1.335	1.785	2.522	2.732	1.97	2.448	0.256	0.5	2.614	2.26	0.372	2.291	1.13	2.391	1.872	0.438	1.937	0.788	0.93	2.058	1.485	2.84	1.449	0.373	2.875	0.158	2.604	3.2	0.889	2.227	3.663	0.748	2.64
"c118868_g1_i2"	2.091	0.31	0.655	0.745	0.561	0.857	0.277	0.882	0.879	0.853	1.118	0.547	0.343	0.351	0.996	1.452	1.104	0	0.693	0.236	0.531	1.664	0	0.302	1.556	0.605	0.63	0.946	0.292	0.267	0.275	0.312	0.306	0.266	0	1.991	0
"c111513_g4_i2"	0.828	0.096	0	0	0.358	0	0	0.57	0.773	0	0.645	0.359	0	0.351	0	0	0.087	0	0	0	0.521	0	0.507	0.603	0	0	0	0.201	0	0.869	0.275	0.52	0	0	0	0.243	0
"c145260_g2_i1"	0.23	0	0.328	0	0	0	0	0	0.286	0.281	0.275	0.274	0	0	0	0	0.27	0	0.682	0.473	0	0	0	0	0	0	0.31	0.312	0	0	0.275	0	0	0	0	0	0.275
"c118461_g1_i2"	0.197	0.214	0.113	0.177	0.097	0.102	0.191	0	0	0.191	0.095	0	0.111	0	0.17	0.094	0.183	0	0.116	0	0.089	0.166	0.092	0	0	0.192	0	0	0	0	0.201	0	0.099	0.099	0	0.087	0
"c151818_g1_i1"	0	0	0	0	0	0	0	0	0	0	0	0	0	0	0	0	0	0	0	1.147	0	1.261	0	0	0	0	0	0	0	0	0	0	0	0	0	0	0
"c139427_g1_i3"	4.017	4.463	3.219	3.85	4.489	3.866	3.736	3.786	3.899	3.532	4.341	3.595	4.131	3.126	3.804	3.855	4.548	3.778	3.512	3.74	4.71	4.231	4.109	3.686	3.839	4.414	3.794	4.38	3.577	4	3.875	4.031	4.068	3.99	3.897	3.938	3.96
"c99610_g1_i1"	0	0	1.525	0	1.306	0	0	0	0	0	0	0	0	1.545	0	0	0	0	0	0	0	0	0	0	0	0	0	0	0	0	0	0	0	0	0	0	0
"c81362_g1_i1"	0	0	0	0	0	0	0	0	0	0	0	0	0	0	0	0	0	0	0	0	0	0	0	0	0	0	0	0	0	0	0	0	0	0	0	0	0
"c151576_g1_i1"	0	0	0	0	0	0	0	0	0	0	0	0	0	0	0	0	0	0	0	0	0	0	0	0	0	0	0	0	0	0	4.213	0	0	0	0	2.712	0
"c136988_g1_i2"	0.148	0.193	0.045	0.115	0.174	0.092	0.22	0.086	0.095	0.171	0.218	0.302	0.055	0.164	0.154	0.047	0	0	0.266	0.079	0.079	0.263	0.157	0.054	0.283	0.173	0.1	0.091	0.043	0	0.222	0.15	0.316	0.128	0.19	0.226	0.042
"c144666_g6_i1"	0.074	0.203	0	0.16	0	0	0	0	0	0.181	0	0.179	0	0	0.162	0	0	0	0	0	0	0	0	0	0	0	0	0.403	0	0.178	0	0	0	0	0	0	0
"c140729_g1_i2"	0.23	0	0.316	0.098	0.406	0.214	0.248	0.258	0.148	0.221	0.085	0.189	0.066	0.035	0.17	0.057	0.13	0.203	0.104	0.123	0.187	0.114	0.221	0.302	0.061	0.163	0.1	0.242	0.173	0.049	0.116	0.127	0.227	0.079	0.246	0.383	0.084
"c135077_g1_i1"	6.256	4.463	3.942	5.793	4.972	4.59	5.102	4.356	4.693	3.823	4.313	5.237	4.22	3.992	4.905	5.684	8.026	4.071	4.309	5.422	5.31	5.264	6.2	4.526	5.223	4.261	5.365	5.014	4.269	5.077	4.192	4.332	5.055	4.059	3.462	4.799	5.554
"c140265_g2_i4"	0.197	0.182	0.079	0.186	0.232	0.337	0.411	0.355	0.286	0.411	0.237	0.406	0.122	0.082	0.21	0.17	0.226	0.124	0.254	0.088	0.128	0.263	0.313	0.226	0.152	0.393	0.122	0.222	0.173	0.593	0.318	0.508	0.178	0.236	0.033	0.183	0.317
"c168584_g1_i1"	0	0	1.615	0	1.383	0	0	0	0	0	0	0	0	0	0	0	0	0	0	0	0	0	0	0	0	0	0	0	0	0	0	1.236	0	0	0	0	0
"c137465_g2_i1"	0.738	0.492	0.26	0.985	0.445	1.581	1.978	0.699	1.165	1.344	1.336	1.085	0.266	0.562	1.384	1.376	1.304	0.834	0.82	0.385	0.423	0.569	0.212	1.444	1.475	1.401	0.752	0.745	0	0.849	1.345	1.502	0.474	2.118	0.246	2.756	1.32
"c111523_g1_i1"	0.271	0.278	0.305	0	0.126	0	0	0	0	0.261	0.521	0.123	0.155	0	0.227	0	0	0.485	0.162	0.114	0.246	0.333	0.12	0.14	1	0	0	0.141	0	0.375	0.265	0.3	0.82	0.128	0.145	0.339	0.127
"c140826_g2_i1"	1.656	2.622	0.813	1.703	1.683	1.01	1.089	0.731	1.059	2.207	4.227	1.868	0.952	1.908	1.23	2.715	1.73	0.248	0.612	0.867	0.954	1.025	1.105	1.994	2.091	1.199	0.454	2.638	1.653	2.874	1.948	1.375	0.839	0.975	0.893	1.234	0.707
"c100133_g1_i4"	1.468	1.252	2.225	1.792	1.896	1.938	1.92	1.882	2.108	1.686	1.82	1.604	1.794	1.463	1.586	2.168	1.67	1.928	1.34	1.997	1.672	1.183	1.437	1.476	1.394	1.18	1.526	0.987	1.805	2.38	1.493	1.525	1.886	1.478	2.144	2.069	0.971
"c146672_g1_i1"	7.035	4.955	5.874	6.477	4.827	5.814	8.408	6.841	4.64	7.133	6.123	7.587	6.025	5.432	5.69	7.494	7.522	7.172	6.481	6.07	6.52	8.19	6.651	7.813	6.668	7.763	4.845	7.642	4.798	5.383	6.172	5.845	7.326	6.02	4.321	5.538	4.614
"c139676_g1_i2"	0.574	0.171	0.294	0.355	0.348	0.194	0.277	0.366	0.593	0.241	0.417	0.661	0.332	0.375	0.275	0.255	0.504	0.631	0.416	0.902	0.246	0.587	0.562	0.485	0.374	0.662	0.476	0.715	0.594	0.079	0.413	0.37	0.513	0.66	0.268	0.609	0.18
"c106008_g1_i2"	3.763	9.225	2.304	4.17	3.183	3.713	5.456	8.304	11.028	3.893	12.578	1.868	4.186	3.501	4.59	6.862	6.548	8.288	11.784	9.565	3.52	6.701	11.718	3.039	7.406	11.496	3.794	4.793	0.195	0.543	5.823	3.361	5.361	2.581	7.281	6.937	3.052
"c84668_g1_i1"	0.312	0	0.441	0.169	0	0.194	0.182	0.387	0.201	0.381	0.19	0	0.222	0.234	0.162	0.189	0.183	0.462	0.462	0.324	0.354	0.158	0.35	0	0	0.384	0	0.413	0.389	0.178	0.752	0.208	0.197	0.719	0	0.496	0.19
"c164960_g1_i1"	0	4.933	0	0	0	0	3.516	0	0	0	0	0	0	0	0	0	0	0	0	0	0	0	0	0	0	0	0	0	0	0	0	0	0	0	0	0	0
"c55168_g1_i1"	0	0	0	0	0	0	0	0	0	0	0	0	0	0	0	0	0	0	0	0	0	0	0	0	0	0	0	0	0	0	0	0	0	0	0	0	0
"c77916_g1_i1"	0	0.514	0	0	0	0	0.229	0	0	0	0	0.226	0	0	1.044	0	0	0	0	0	0	0	0	0	0	0	0	0	0	0.444	0	0	0	0	0	0	0
"c136438_g1_i3"	0.041	0	0.056	0.195	0	0.051	0.162	0.054	0.403	0	0.104	0.16	0.122	0.199	0.049	0.057	0.052	0	0.069	0.044	0	0.088	0	0.237	0	0.048	0	0.06	0	0.158	0.053	0.185	0.109	0.266	0	0.043	0.053
"c36827_g1_i1"	0.18	0.471	0.249	0	0.213	0	1.491	0.904	0	0	0	0.425	0	1.37	0.38	0.217	0.417	0.271	0.266	0	0.403	0	0	0	0	0	0	1.198	0.216	0.207	0.434	0.243	0.464	0	0	0.191	0
"c91130_g1_i1"	0.959	0	0	0.399	2.815	0	0.449	0.495	0	0.472	0	0	0	0	1.676	0	0	0	5.661	0.78	0	0.788	1.354	0	0.515	1.094	1.538	0.534	1.88	0	0	0	2.607	0.847	0	4.538	0.443
"c13232_g1_i1"	0.566	0	0	2.218	4.431	6.283	3.86	0	5.329	0	1.327	3.793	0	0	2.639	3.516	4.765	3.924	1.64	3.162	0	0	4.707	0	3.142	0	8.362	0	0	1.225	0	2.599	3.762	4.375	3.149	2.504	0
"c131619_g1_i1"	0.156	0.31	0.169	0.124	0.377	0.051	0	0	0.201	0	0.19	0.142	0.111	0.304	0.081	0.236	0.183	0.056	0.116	0	0.138	0.044	0.129	0	0.162	0.096	0.055	0.05	0	0.227	0.053	0.116	0	0.089	0	0.252	0
"c77281_g1_i1"	0	0	0	0	0.397	0.408	0	0	0.413	0	0.199	0	0	0	0	0.207	0	0	0	0	0	0	0	0	0.222	0	0.221	0	0	0	0	0.45	0	0	0	0	0
"c137405_g2_i1"	0.467	0.749	1.186	0.71	0.561	0.571	0.229	0.828	1.081	0.11	0	0.443	0.41	1.885	0.405	0.462	0.652	2.391	0.555	1.682	0.757	0.193	0.525	0.506	0.121	0.796	0.785	0	1.88	0.326	0.932	0.52	0.602	1.104	3.551	1.913	0.802
"c108959_g1_i1"	0.648	0.246	0	0.195	0	0.459	0.44	0.237	0	0	1.346	0	0.266	0	0.202	0	0	0	0.277	0.193	0	0.377	1.05	0.237	0	1.651	0	0.252	0	0.217	0	0	0.721	0.217	0	0.4	0.222
"c107682_g1_i1"	1.205	1.926	0.678	1.286	2.041	1.193	1.433	0.312	0.911	0.291	0	1.132	0.709	0.738	1.554	0.905	0.861	2.932	0.358	5.702	1.377	0.491	3.04	0.927	0.647	0.317	0.653	0.654	0.303	2.479	2.604	0	0.632	1.094	1.306	0.513	0.285
"c57165_g1_i1"	1.074	0.728	0.779	1.668	0.667	0	0.631	0	0.657	0	0	0	0	0.82	0	0	0.67	0	0	0	0	0	0	0.647	0	0	0.708	0	0	0	0.614	0.681	0	0	2.926	0	0
"c102800_g1_i1"	0.139	0.375	0.395	0	0	0.347	0	0.355	0.35	1.033	0	0	0	0.433	0	0.358	0	0	0.416	0.289	0.315	0.578	0.322	0	0.748	0.374	0	0	0.346	0.316	0	0	0.375	0.315	0	0.304	0.327
"c142348_g3_i1"	4.518	4.559	4.202	4.977	4.489	5.631	5.905	4.894	4.269	5.307	6.559	6.652	5.084	4.777	6.718	6.485	5.982	5.063	7.798	5.229	3.953	5.913	6.135	5.184	5.769	4.721	5.387	6.283	4.593	5.423	4.468	4.389	6.27	4.789	5.494	4.625	5.248
"c30939_g1_i1"	0	0	0	0	0	0	0.841	0	0	0	0	0.208	0	0.269	0.186	0	0	0.53	0.266	0.184	0	0.184	0.405	0	0	0.221	0	0.473	0.216	0.207	0	0.243	0	0	0.234	0	0.422
"c144235_g2_i2"	0.435	0.364	0.102	0.266	0.455	0.163	0.334	0.129	0.848	0.291	0.427	0.5	0.244	0.48	0.073	0.5	0.278	0.203	0.254	0.333	0.364	0.569	0.193	0.463	0.364	0.288	0.487	0.181	0.475	0.158	0.688	0.439	0.257	0.414	0.368	0.409	0.253
"c42382_g1_i1"	0	0	0	0	0	0	0	0	0	0	0	0	0	0	0	0.65	0	0	0	0	0	0	0	0	0.657	0	0	0.685	0	0	0	0	0	0	0	0	0
"c125972_g1_i1"	0.148	0.642	0.542	0.417	0.116	0.235	0.459	0.247	0.985	1.174	0	0.113	0	0	0	1.178	0	0.293	0.578	0.911	0	0.797	0.433	0.388	1.031	0.94	0.133	0.262	0.119	0.78	0.593	0.936	0.365	0.227	0.648	0	0.465
"c123468_g1_i1"	0.271	0	0.124	0.098	0	0.112	0	0	0.117	0.11	0	0	0.133	0.14	0	0.217	0	0.135	0	0	0	0.368	0.101	0	0	0.106	0	0	0	0.109	0	0	0.227	0	0.246	0.096	0.106
"c176088_g1_i1"	0	0	0	0	0	0	0	0	0	0	0	0	0	0	0	0	0	0	0	0	0	0	0	0	0	0	0	0	0	0	0	0	0	0	0	0	0
"c162038_g1_i1"	0.156	0	0	0	0	0	0	0.194	0.191	0	0	0.179	0	0	0	0	0	0	0	0	0	0	0	0.205	0.202	0	0	0.201	0.195	0	0	0	0.197	0.177	0	0	0
"c170451_g1_i1"	0	0	0	0	0	0	0	0	0	0	0	0	0	0	0	0	0	0	0	0	0	0	0	0	0	0	0	0	0	0	0	0	0	0	0	0	0
"c148003_g1_i1"	0.205	0	0	0.222	0	0	0	0.527	0	0.251	0	0	0.609	0	0	0	0.243	0.316	0	0	0.236	0.21	0	0	0	0.269	0	0	0.259	0.237	0	0	0	0	0	0.443	0
"c36602_g1_i1"	0.295	0	0	0	0	0	0	0	0	0	1.393	0	0	0.901	0.648	0	0	0	0	0	0.659	0	0	0	0.798	0.96	0	0.836	0	0	0	0	0	0	0	0	0
"c173088_g1_i1"	0	0	0	0	0	0	0	0	0	0	0	0	0	0	0	0	0	0	0	0.21	0	0	0	0	0	0	0	0	0.249	0	0	0.832	0	0.236	0	0	0
"c111078_g3_i1"	0	0	0	0	0	0	0	0	0	1.615	0.758	0	0	0	0	0	0	0	0	0	0.708	0	0	0	0	0	0	0	0	2.124	0	0	0	0	0	0	0
"c17511_g1_i1"	0	0	0	0	0	0	0	0	0	0	0	0	0	0	0.397	0	0	0	0	0	0	0.377	0	0	0	0	0	0	0	0	0	0	0	0.404	0	0.391	0.422
"c5640_g1_i1"	0	0	0	0	0	0	0	0	0	0	3.289	5.898	0	0	0	0	0	0	0	0	0	0	0	0	0	0	0	0	0	0	0	0	0	0	0	0	0
"c146194_g2_i9"	0.459	0	0	0.027	0	0.622	0	0.86	0.053	0.883	0	0	0.066	0	0	0.594	0.617	0	0.22	0	0.649	0.666	0.046	0.054	0.717	0.681	0.807	0	0.648	0	0.91	1.12	0	0.562	0	0	0
"c139504_g1_i1"	13.208	21.681	21.881	15.632	18.516	14.617	13.119	13.854	17.84	16.785	13.023	15.39	23.435	17.292	16.674	21.35	19.165	25.44	19.108	13.523	18.655	17.545	13.984	19.128	21.964	24.518	22.377	18.698	16.869	13.018	15.213	15.709	17.091	12.868	16.593	12.101	20.431
"c142313_g2_i5"	0.148	0	0.079	0.293	0.358	0.214	0.143	0.151	0.233	0.441	0.076	0.179	0.133	0.281	0.194	0	0.104	0.18	0.046	0.096	0.108	0.061	0.203	0.119	0.04	0.067	0.166	0.081	0	0.069	0.307	0.254	0.227	0.177	0.123	0.165	0.042
"c170196_g1_i1"	0	0	0	0	0	0	0	0	0	0	0	0	0	0	0	0	0	0	0	0	0	0	0	0	0	0	0	0	0	0	0	0	0	0	0	0	0
"c120507_g1_i1"	0.205	0.771	0.35	1.446	0.996	0.408	0.602	0.635	1.059	0.502	0.91	1.085	0	0.773	0.267	0.198	0	0.124	0.624	1.927	0.482	1.112	1.023	0	0.556	0	0.918	0.332	0.411	1.837	0.201	0.809	0.316	0.975	0.558	0.443	0.306
"c32735_g1_i1"	0.189	0	0.181	0.133	0	0.153	0	0	0.159	0	0.152	0.293	0.177	0.187	0	0.462	0.148	0	0.37	0.394	0.865	0	0.138	0	0.172	0.307	0.177	0	0	0.148	0.159	0.173	0.316	0.148	0.335	0	0.148
"c167007_g1_i1"	0	0	0.407	0	0	0	0	0	0	0.171	0	0	0	0	0	0.349	0	0	0	0	0.167	0	0.157	0	0	0	0.199	0.574	0	0	0	0	0	0	0	0	0
"c82837_g1_i1"	0	0	0.429	0	0	0	0.354	0	0	0	0.72	0	0	0	0.324	0	0.357	0.462	0	0	0.344	0.307	0	0	0	0.403	0	0	0.367	0.336	0	0.393	0	0	0	0	0
"c30318_g1_i1"	0	0	0.316	0	0.445	0.275	0	0	0	0.09	0	0.085	0.111	0	0	0	0.174	0	0.116	0.079	0	0	0	0	0.394	0	0	0	0.367	0	0.275	0	0.188	0	0	0.156	0.359
"c178861_g1_i1"	0	0	0	0	0	0	0	0	0	0	0.711	0	0	0	0	0	0	0	0	0	0	0	0	0	0	0	0	0	0.367	0	0.18	0.404	0	0	0	0	0
"c124132_g3_i1"	0	0.193	0.203	0.311	0.29	0	0.115	0.118	0.127	0.171	0.237	0.396	0	0.222	0	0	0.052	0.282	0	0	0.226	0	0.322	0.129	0.445	0.451	0	0.131	0.065	0.336	0.476	0.404	0.118	0	0.134	0.052	0.116
"c87620_g1_i1"	0.533	0.706	0	0.568	0	0.663	0.946	0	0.339	0.331	0	0.311	1.185	0	0	0.339	0	0	0	0	0.915	0	0	0	0.354	0	0.719	0.362	0.983	2.133	0.318	0.716	0	0	0	0.287	0
"c159992_g1_i1"	0	0	0	0.807	0	0	0	0	0.964	0	0	0	1.285	0	0	0	0	0	0	0	0	0	0	0	0	0	0	0	0	1.758	0	0	0	0	0	0	0.866
"c112163_g2_i1"	0.672	0	2.067	2.564	1.77	0	0	0	0	0	0	0	0	0	0	0	3.878	0	0	0	0	0	0	0	0	0	3.219	0	0	0	0	0	0	0	0	0	0
"c78400_g1_i1"	0	0	0	0	0	0	0	0	0	0	0.863	0	0	0	0	0	0	0	0	0	0	0	0	0	0	0	0	0	0.443	0	0	0.474	0	0	0	0	0
"c154410_g1_i1"	0	1.166	0	0.852	0	0	0	0	0	0	0	0	0	0	0	0	0	0	0	0	0	0	0	0	0	0	0	0	0	0	0	0	1.303	0	0	0	0
"c145061_g1_i1"	0	0.182	0	0	0	0	0	0	0.36	0	0	0	0	0	0.154	0	0	0.429	0	0.298	0	0	0.322	0	0	0	0	0	0.173	0.158	0	0	0	0	0	0	0
"c128009_g2_i1"	0	0.364	0.237	0.302	0	0.071	0	0	0.074	0	0.607	0.066	0	0	0	0.132	0.191	0	0	0.175	0	0.175	0	0	0	0	0	0.222	0	0	0	0	0	0.069	0	0	0.137
"c116511_g1_i1"	0	0	0.847	0	0	0	0	0.764	0	0	0.36	0	0	0	0	0	0	0	0	0	0.344	0	0	0	0	0	0	0	0	0	0	0	0	0	0	0.322	0.348
"c783_g1_i1"	1.976	0.888	1.932	1.349	2.467	0	0	0	4.82	0.843	3.128	1.51	3.101	2.014	0	0	1.687	2.12	2.9	3.871	0	0.674	2.46	1.563	0	0	0	1.893	0	0	2.202	2.449	4.789	2.769	0	0.713	0
"c146592_g2_i1"	4.649	3.403	4.428	5.811	5.234	5.661	5.494	3.496	4.418	4.374	5.592	3.274	5.992	6.029	5.172	6.391	2.991	3.135	3.258	4.835	6.785	7.069	7.379	8.557	6.072	2.13	3.573	3.252	3.35	3.398	3.483	3.419	6.23	3.695	4.723	7.059	5.11
"c143506_g1_i1"	1.484	0	1.141	1.366	3.028	2.234	1.529	1.205	0.021	1.415	0	1.548	1.695	0.948	2.355	1.169	1.078	2.143	1.479	2.768	1.288	0	3.316	2.134	0.94	1.439	2.113	0.04	0.097	2.825	1.08	0.947	1.175	1.202	0	1.217	1.33
"c101304_g1_i2"	0	0	0	0	0	0	0	0	0	0.211	0	0.208	0	0.269	0.372	0	0	0	0.254	0	0.197	0	0.193	0	0	0	0	0	0	0	0	0	0	0	0.234	0	0
"c152630_g1_i1"	0.164	0	0	0	0.203	0	0	0	0.212	0.201	0.199	0.396	0.244	0.258	0	0.207	0	0.248	0	0	0	0.517	0.378	0	0.222	0	0	0.222	0	0.385	0	0	0	0	0	0.174	0
"c146502_g2_i1"	3.28	5.49	5.931	4.223	4.76	4.835	5.437	5.217	6.441	6.471	4.976	4.633	5.471	3.793	3.116	4.534	4.078	3.834	3.489	4.213	2.773	3.679	3.74	4.677	4.142	4.865	3.473	4.148	5.23	5.205	5.283	6.018	5.45	6.73	4.835	5.564	8.31
"c47711_g1_i1"	0	0	0	0	0	0	1.414	0	0	0	0	0	0	0	0	0	0	0	0	0	0	0	0	0	0	0	0	0	1.47	0	0	0	0	0	0	0	0
"c138419_g4_i1"	0	0	0	0.248	0	0	0	0	0	0	0	0	0.343	0.363	0	0.292	0	0	0	0	0	0	0	0	0	0	0	0	0	0	0	0	0.306	0	0	0	0
"c142471_g1_i13"	0.016	0	0.056	0.24	0	0	0.392	0.129	0.053	0.221	0.199	0.028	0.033	0.094	0	0.028	0.165	0.237	0.092	0.149	0.187	0	0	0.14	0.162	0.307	0.144	0.161	0.022	0.375	0	0	0	0.335	0	0	0.148
"c64881_g1_i1"	0	0	0	0	0	1.601	0.516	0	1.642	0.532	0	0.255	0	0	0	0	0	0	0	0	0	0	0	0	0	0	0	0.292	0	0	0	0	0	0	0.581	0	0
"c151591_g1_i1"	0	0	0	0	0	0	0	0.871	0	0	0	0	0	0	0	0	0	0	0	1.936	0	0	0	0	0	0	0	0	0	0	0	0	0	0	0	0	0
"c178886_g1_i1"	0	0	0	0.603	0.222	0	0	0	0	0	0.227	0	0	0	0	0	0	0	0.277	0	0	0	0	0	0.253	0	0	0.252	0	0	0	0	0.247	0.217	0.257	0	0
"c146902_g2_i1"	0.082	0.214	0.147	0.115	0.319	0.255	0.382	0.473	0.275	0.191	0.066	0.377	0.31	0.656	0.283	0.066	0.061	0.553	0	0.28	0.433	0.219	0.415	0.14	0.141	0.067	0.741	0.07	0.67	0.188	0.402	0.15	0.336	0.128	0.212	0.174	0.517
"c130480_g2_i1"	0.098	0	0	0.106	0.116	0	0.239	0	0	0	0	0	0.144	0	0.105	0.123	0	0	0	0	0.118	0.105	0.221	0.129	0.131	0.24	0	0	0.13	0	0.371	0	0	0	0	0.539	0
"c134091_g1_i3"	0.09	0	0	0.186	0	0.102	0	0	0	0.1	0.313	0	0	0	0	0	0.104	0	0.127	0	0.098	0	0	0.119	0	0.106	0.122	0	0	0	0	0.116	0	0	0.112	0	0
"c1288_g1_i1"	0	0	0	0	0	0	0	0	0	1.334	2.379	0	0	0	0	0	0	0	0	0	0	0	0	0	0	0	0	0	0	0	0	0	0	0	0	0	0
"c112252_g1_i1"	0.107	0	0.147	0.683	0.126	0	0.124	0	0	0	0.379	0	0.299	0.164	1.676	0.255	0.122	0.158	0.162	0.114	0.246	0.105	0	0.14	0.141	0.259	0.431	0.282	0	0.119	0	0	0.405	0	0	0	0.253
"c21677_g1_i2"	0	0	0	0	0	0	0	0	0	0	0	0	0	0	0	0	0	0	0	0	0	0	0	1.724	0	0	0	0	0	0	0	0	0	0	0	0	0
"c18452_g1_i1"	0	0	0	0	0	0	0	0	0	0	0	0	0	0	0	0	0	0	1.167	0	0	0	0	0	0	0	0	0	0	0	0	0	0	0	0	0	0
"c141986_g2_i1"	0.303	0.128	0.113	0.204	0.126	0.326	0.067	0.194	0.201	0.191	0.351	0.085	0.188	0.094	0.275	0.198	0.139	0.259	0.22	0.254	0.089	0.359	0.12	0.054	0.141	0.307	0.221	0.181	0.108	0.188	0.085	0.208	0.207	0.246	0.134	0.183	0.158
"c14805_g1_i1"	0	0	0	0	0	0	0	0	0	0	0	0	0	0	0	0	0	0	0	0	0	0	0	0	0	0	0	0	0	0	0	0	0	0	0	0	0
"c93912_g1_i1"	0	0	0	0	0	0	0	0	0	0	0	0	0	0	0.316	0	0	0	0	0.298	0	0.298	0	0	0	0.393	0	0	0	0	0	0	0	0	0.391	0	0
"c36713_g1_i1"	0	0	0	0	0	0	0	0	0	0.261	0	0	0	0	0	0	0	0	0.312	0	0	0	0	0	0	0	0	0	0.259	0	0	0.566	0	0	0	0	0
"c10749_g1_i1"	0	0	0	0	0	0	0	0	0	0	0	0	0	0	0	0	0	0	0	0	0	0	0	0	0	0	0	0	0	0	0	0	0	0	0	0	0
"c16096_g1_i1"	0	0	0	0	0	0	0	0	0	0	0	0	0	0.89	0	0	0	0	0	0.569	0	0	0	0	0	0	0	0	0	0	0	0	0	0	0	0	0
"c143097_g2_i3"	1.82	1.124	1.367	1.899	1.335	1.397	1.548	1.581	1.579	1.515	1.649	1.17	1.196	1.686	1.554	1.602	1.33	1.139	1.421	1.813	1.455	1.778	1.336	1.638	0.98	1.334	1.914	1.279	1.589	1.521	1.048	1.328	1.284	1.232	1.552	1.574	1.563
"c136244_g2_i2"	0.238	0.824	0.881	0.843	0.561	0.377	0	0.398	0	0	0	0.189	0.233	0.48	1.166	0.961	1.096	0.699	0.231	0.49	0.354	0.158	0.175	0.205	0.414	0.979	0.21	0	0.195	0	0.381	0.208	1.205	0	0.212	0.835	0.37
"c133026_g1_i1"	0.139	0	0	0.302	0.339	0	0	0	0.18	0	0	0	0	0.211	0.299	0	0.165	0.214	0.416	0	0.482	0.289	0	0	0.182	0	0.188	0	0	0	0	0	0	0.158	0.19	0	0
"c144613_g2_i4"	3.812	5.832	6.111	3.123	4.547	4.784	2.608	3.904	4.799	4.354	3.725	4.52	5.571	7.469	4.023	4.986	4.356	6.552	5.765	3.171	3.816	4.73	4.606	4.127	6.072	6.353	6.172	5.88	4.733	3.674	4.245	4.863	5.806	3.921	7.124	5.859	4.857
"c144046_g1_i3"	0.164	0.139	0.09	0.115	0.126	0.347	0.248	0.226	0.18	0.462	0.028	0.293	0.233	0.094	0.13	0.245	0.261	0.124	0.15	0.193	0.098	0.21	0.111	0.302	0.384	0.048	0.232	0.081	0.205	0.257	0.18	0.37	0.257	0.069	0.134	0.278	0.602
"c101780_g1_i1"	0	0	0	0	0.416	0	0	0.441	0	0	0	0	0.509	0	0	0.443	0.417	0	0	0	0	0	0	0	0.919	0	0	0	0	0	0	0.45	0.464	0.759	0	0	0
"c1131_g1_i1"	0	0	0	0	0	0	0.955	0	0	0	0	0.472	0	0.621	0	0	0	0	0	0	0	0	0	0	0	0	0	0	0	0	0	0.52	0	0	0	0	0
"c121510_g1_i1"	0.213	0.567	0.802	0	0.174	0	0.516	0.183	0.54	0.171	0.171	0.679	0.421	0	0.308	0.707	0.165	0	0	0	0.325	0	0.157	0.377	0	0.355	0.984	0	0	0	0.169	0.393	0.188	0	0.77	0.765	0
"c179845_g1_i1"	0	0	0	0	0	0	0.373	0	0	0.391	0	0	0	0	0	0	0	0	0	0	0	0	0	0	0	0	0	0	1.567	0	0	0	0	0	0	0	0
"c84027_g1_i1"	0.082	0	0	0	0	0.194	0	0.409	0	0	0	0	0	0	0	0.198	0	0	0	0.166	0	0.166	0	0.216	0.212	0.605	0.221	0	0	0.553	0	0	0	0.187	0	0	0
"c108000_g1_i1"	0	0.375	0	0	0.348	0	0	0.731	0.72	0.351	0	0	0	0	0	0	0	0	0	0.289	0.325	0	0	0.366	0	0	0	0	0.346	0	0	0	0	0.325	1.541	0	0.338
"c108237_g1_i1"	0	0.653	0	0	0	0	0	0	0	0.612	0	0	0	0	0	0	0	0	0.716	0	0	0	0	0	0	0	0	0	0	0	0	0	0.681	0	0	0	0
"c88916_g1_i1"	0	0	0	12.314	10.544	12.904	17.858	0	10.011	13.304	14.416	9.672	8.65	6.486	7.625	0	0	0	0	10.589	8.005	9.697	17.447	0	0	0	6.504	0	0	8.514	0	0	0	0	0	0	7.856
"c136609_g2_i1"	1.468	1.477	1.83	1.18	1.335	2.611	1.854	1.312	1.78	2.468	1.829	1.793	1.163	0.89	1.967	1.442	1.426	1.139	1.317	2.321	1.288	1.314	1.713	0.991	1.182	0.729	0.918	1.017	1.491	1.798	1.493	1.294	2.133	1.833	1.195	0.904	2.038
"c112946_g1_i1"	0	0	0.621	0	0	0.265	0	0	0	0	0	0.519	0.642	0	0.469	0.273	0	0	0	0	0.246	0	0.249	0.28	0.293	0	0	0	0.54	0.504	0	0.289	0	0	0	0	0.264
"c57211_g1_i1"	0	0.182	0	0.142	0	0.163	0.65	0.344	0.17	0.161	0	0	0.199	0	0	0.33	0.635	0.203	0	0	0.157	0.14	0.304	0	0.546	0	0	0	0	0	0	0	0	0	0	0.148	0
"c144151_g2_i2"	2.468	11.75	7.015	14.169	9.78	14.638	14.198	11.143	10.477	7.184	12.976	5.445	8.007	9.308	12.878	9.577	5.426	7.454	14.221	13.34	6.333	5.185	9.82	8.395	8.83	4.856	5.708	11.851	4.55	14.104	11.264	10.8	19.076	6.513	13.389	8.163	22.765
"c102817_g1_i2"	0	0	0	0	0	0	0	0	0	0	0	0	0	0	0	0	0	0	0	0	0	0	0	0	0	0	0	0	0	0	0	0	0	0.828	0	0	0
"c75756_g1_i1"	0	0	0	0	0	0	0	0	0	0	0	0	0	0	0	0	0	0	0	0	0	0	0	0	0	0	0	0	0	0	0	0	0	0	0	0	0
"c149290_g1_i1"	0	0	0	0	0	0	0	0	0	0	0.341	0	0	0	0	0.358	0	0	0	0	0	0	0	0	0	0	0	0	0.346	0	0	0.381	0	0	0	0	0
"c164855_g1_i1"	0	0	0	0	0	0	0	0	0	0	0	0	0	0	0	0	0	0	0	0	0	0	0	0	0	0	0	0	0	0	0	0	0	0	0	0	0
"c140241_g1_i1"	105.101	205.854	246.183	220.938	198.709	196.522	215.974	245.25	271.937	220.272	208.18	195.505	204.328	205.247	172.976	227.141	200.735	215.63	197.667	162.08	221.712	223.598	183.538	247.925	212.279	259.791	232.465	202.83	237.133	223.687	264.423	223.334	202.033	217.947	243.931	172.332	234.079
"c127833_g1_i1"	0.312	0.235	0.633	0.293	0.319	0.326	0.105	0	0.233	0.431	0.654	0.538	0.255	0.14	0.194	0.443	0.209	0	0.139	0.096	0.315	0.368	0.101	0.603	0.717	0.326	0.498	0.121	0.454	0.415	0.445	0.127	0.573	0.207	0.48	0.383	0.222
"c120856_g1_i1"	0.574	0.064	0.35	0.594	0.706	0.357	0.239	0.753	0.191	0.542	0.36	0.415	0.066	0.152	0.057	0.179	0.061	0.079	0.52	0.42	0.118	0.201	0.111	0.603	0.131	0.115	0.487	0.594	0.313	0.464	0.551	0.624	0.75	0.709	0.134	0.478	0.549
"c90401_g1_i1"	0	0	0	0	0	0	0	0	0	0	0	0	0	0	0	0	0	0	0	0	0	0	0	0	0	0	0	0	0	0	0	0	0	0	0	0	0
"c144856_g1_i1"	1.755	1.027	0.09	0.781	1.625	0.949	1.481	1.226	1.833	1.334	1.971	2.321	1.307	0.702	0.623	0.632	0.53	1.161	0.485	1.638	0.895	0.806	1.373	0.787	0.606	0.461	1.438	1.47	0.324	1.057	1.133	1.351	1.313	1.301	0.089	1.382	1.742
"c140619_g1_i3"	2.747	2.376	3.976	1.641	2.709	2.53	1.471	3.818	3.379	2.98	1.261	2.699	3.278	3.208	1.514	1.273	2.965	2.966	2.957	1.191	2.281	2.05	1.584	2.651	2.9	4.011	3.529	2.145	4.009	3.072	1.863	2.61	5.045	2.335	3.562	3.834	3.442
"c147007_g2_i1"	3.165	2.023	3.637	2.777	2.883	3.499	3.612	2.807	4.11	3.06	3.08	3.086	3.444	2.88	3.052	2.818	2.983	3.496	3.72	3.617	2.567	2.891	2.92	3.492	2.607	3.234	3.606	3.786	2.799	3.111	2.816	3.615	3.081	3.064	2.445	3.564	2.904
"c177977_g1_i1"	0	0	0	0	2.293	0	0	0	0	0	0	0	0	2.564	0	0	2.609	0	0	0	0	0	0	0	0	0	0	0	0	0	0	0	0	0	2.39	0	0
"c164131_g1_i1"	0	0	0	0	0	0.367	0	0.742	0	0	0	0	0.432	0	0	0	0	0	0	0	0	0	0	0	0	0	0	0	0	0	0	0	0	0	0	0	0
"c80331_g1_i1"	0	0	0	0	0	0	0	0	0	0	0	0	0	0	0	0	0	0	0	0	3.216	0	0	0	4.274	0	0	0	0	0	0	0	0	0	0	0	0
"c141870_g1_i3"	5.756	4.719	4.338	2.076	5.562	1.275	11.141	4.561	3.093	6.291	4.189	9.851	2.304	1.534	3.861	5.326	5.609	2.368	0	2.995	2.822	6.14	6.043	5.507	4.738	3.08	2.633	6.343	5.49	1.126	8.025	5.752	7	4.335	4.087	1.078	3.981
"c137795_g1_i4"	0.033	0	0	0	0.145	0	0.143	0	0	0	0	0	0.089	0	0	0.141	0	0	0	0.123	0	0	0	0	0	0.211	0.243	0	0	0.069	0	0	0	0	0	0.061	0.074
"c146145_g3_i2"	0.254	0.182	0.158	0.186	0.329	0.408	0.841	0.527	0.36	0.401	0.341	0.368	0.365	0.34	0.445	0.434	0.191	0.169	0.416	0.596	0.384	0.403	0.092	0.603	0.445	0.393	0.277	0.292	0.454	0.296	0.349	0.739	0.355	0.631	0.681	0.296	0.549
"c53169_g1_i1"	0.123	0.107	0.226	0.302	0.281	0.245	0.296	0.376	0.244	0.401	0.351	0.245	0.155	0.293	0.348	0.726	0.096	0.079	0.37	0.07	0.098	0.245	0.166	0.129	0.162	0.192	0.343	0.141	0.411	0	0.212	0	0.158	0.365	0.167	0	0.232
"c166549_g1_i1"	0.164	0.428	0	0	0	0	0	0	0	0.401	0	0	0	0	0	0	0	0	0	0	0	0	0	0	0	0	0	0	0	0	0	0	0	0	0	0.348	0
"c27199_g1_i1"	0	0	0	0	0	0	0	0	0.434	0	0	0.406	0	0	0	0	0	0	0	0	0	0	0	0	0	0	0	0	0	0	0	0	0	0	0	0	0
"c129211_g2_i1"	0.057	0	0.147	0	0	0	0.392	0.269	0	0.13	0.133	0.255	0.155	0	0.113	0.264	0.383	0.158	0.485	0	0	0.114	0.24	0.291	0.434	0.134	0	0.141	0	0.128	0.138	0.15	0	0.128	0.145	0	0
"c36665_g1_i1"	0	0	0	0	0	0.286	0.277	0	0	0	0	0	0	0	0.243	0	0	0.35	1.017	0	0	0	0.267	0.291	0.303	0	0.31	0	0	0	0.275	0	0.602	0.266	0.313	0	0
"c137618_g2_i2"	0	0	0	0	0	0	0	0.215	0	0	0	0	0	0	0.186	0.207	0	0	0.254	0	0	0	0	0	0	0	0	0	0	0	0	0	0	0.197	0	0	0.201
"c132226_g6_i1"	0	7.331	5.524	2.812	2.699	9.078	0.64	3.55	4.683	3.431	0	5.652	2.514	1.662	8.418	5.118	4.096	2.594	0.797	5.404	6.117	5.553	3.316	5.27	3.678	1.727	0	3.081	5.285	2.44	3.091	2.068	5.381	4.089	0	0	6.747
"c129859_g2_i1"	0.418	0	0	0.151	0.164	0.51	0	0	0.35	0	0.341	0.33	0.199	0	1.935	0.688	0.165	0.214	0	0.149	0	0	0.313	0.183	0	0	0	0	0	0.158	0	0	0.355	0	0	0.296	0.169
"c144934_g5_i1"	0.057	0.321	0	0	0	0	0	0.312	0.466	0.451	2.085	0	1.063	0.749	0.259	1.207	0.426	1.838	0.543	0	0.423	0	0.553	0	0	0.297	0.166	0.493	0.151	0.425	0	0.173	0.316	0.286	0	0.13	0.148
"c131853_g1_i5"	0.09	0	0	0	0.213	0.102	0	0.108	0.117	0.11	0.218	0	0	0.14	0	0.104	0	0	0	0	0.207	0	0.101	0.582	0.232	0	0.243	0	0	0.207	0.106	0.127	0.227	0.099	0.234	0.096	0
"c15290_g1_i1"	0.328	0.439	0	0	0	0	0	0	0	0	0	0	0	0	0	0	0	0	0	0	0	0.333	0	0	0	0	0	0	0	0	0	0	0	0.365	0	0	0
"c77098_g1_i1"	0	0	0	0	0	0	0	0	0	0	0	0	0	0	0	0	0	0	0	0	0	0	0	0.754	0	0	0	0	0	0	0	0	0	0	0	0	0
"c33381_g2_i1"	0	0	0	0	0	0	0	0	0	0	0	0	0	0	0	0	0	0	0	0	0	0	0	0	0	0	0	0	0	0	0	0	0	0	0	0	0
"c166008_g1_i1"	0	0	0	0	0	0	0	0	0	0	0	3.123	0	0	0	0	0	0	0	0	0	0	0	0	0	0	0	0	0	0	0	0	0	0	0	3.477	0
"c152377_g1_i1"	0	0.567	0	0	0	0	0	0	0	0	0	0	0	0	0	0.556	0	0.654	0	0	0	0	0	0	0.566	0	0	0	0	0	0	0	0	0	0	0	0
"c90164_g1_i2"	0	0	0.113	0	0	0	0.096	0	0	0.592	0.199	0.094	0	0	0	0.104	0.096	0	0	0	0	0	0	0	0.111	0.096	0	0	0	0	0	0	0	0	0	0.087	0.201
"c160073_g1_i1"	0	0.342	0	0	0	0.632	0	0	0	0	0	0	0	0	0	0.32	0	0	0	0	0	0.263	0	0	0	0	0	0	0	0	0	0	0	0	0	0	0
"c13056_g2_i1"	0	0	0	0	0	0	0	0	0	0	0	0	0	0	0	0	0	0	0	0	0	0	0	0	0	0	0	0	7.64	0	0	2.229	0	0	0	0	0
"c113403_g1_i1"	0.435	0	0	0	0	2.336	0	0	3.136	1.134	0	0	0	0	0	0	0	1.455	0	0	0	0	0	0.991	0	0	0	0	0	0	0	1.04	0	0	0	0.956	0
"c39890_g1_i1"	138.576	131.521	164.928	96.003	122.625	106.595	68.65	85.92	133.124	82.721	68.85	118.045	105.725	160.992	113.693	120.466	135.588	158.063	144.952	111.849	178.984	111.681	130.441	192.027	139.172	127.137	268.503	106.329	173.956	80.656	97.133	133.203	133.155	104.973	153.762	180.764	136.906
"c147046_g2_i1"	1.418	2.226	0.102	1.242	4.111	0.745	2.112	1.925	0.297	1.485	0.834	1.916	3.09	2.822	2.444	2.79	0.357	1.477	0.566	6.192	0.443	0.158	0.175	0.614	1.93	0.643	1.482	2.85	1.34	0.533	1.323	2.01	2.32	1.626	0.514	0.982	0.465
"c139959_g1_i1"	1.82	1.851	1.265	2.041	1.944	2.162	1.624	1.893	1.536	2.217	2.123	2.104	2.005	1.241	1.983	1.433	1.974	2.03	2.056	1.979	1.682	2.199	1.75	2.004	2.142	2.159	1.77	1.994	2.107	2.025	1.98	1.49	1.659	1.636	1.396	1.739	1.531
"c56760_g1_i1"	0	0	0.361	0.266	0	0	0	0	0	0	0	0.302	0	0	0	0	0	0	0	0	0	0.263	0	0.323	0	0	0	0	0	0	0	0	0	0	0	0	0
"c126473_g1_i1"	2.714	1.231	1.525	2.005	1.49	0.765	0.373	2.162	1.579	1.515	0.19	0.915	3.168	1.194	1.991	1.536	1.096	1.635	1.155	1.62	2.488	0.639	4.385	1.024	0.626	1.363	0.21	1.873	0.195	2.143	1.704	2.333	1.6	1.439	0.837	1.33	0.37
"c146364_g4_i1"	0.025	0.289	0	0	0.068	0.061	0	0.065	0	0	0	0	0.078	0.082	0	0.066	0.061	0.316	0.081	0	0	0	0	0.075	0	0.067	0.376	0.07	0	0.435	0.138	0	0	0.128	0.078	0	0.063
"c148840_g1_i1"	0	0	0	0	0	0	0	0	0	0	0.986	0	0	0	0	0	0	0	0	0	0	0	0	0	1.142	4.932	0	0	0	0	0	0	0	0	1.15	0	0
"c113937_g1_i3"	0.377	0.385	0.7	0.275	0.397	0.357	0.506	0.366	0.265	0.201	0.711	0.198	0.244	0.258	0.219	0.198	0.287	0.124	0.312	0.263	0.531	0.342	0	0.334	0.445	0.643	0.288	0.272	0.573	0.296	0.413	0.462	0.207	0.542	0.056	0.226	0.253
"c132839_g1_i7"	0.517	0.268	0.384	0.461	0.638	0.694	0.516	0.419	0.498	0.492	0.493	0.528	0.742	0.421	0.413	0.49	0.443	0.541	0.635	0.368	0.679	0.587	0.47	0.399	0.495	0.557	0.442	0.312	0.508	0.385	0.487	0.289	0.671	0.394	0.67	0.374	0.317
"c105913_g1_i1"	0	0	0	0	0	0	0	0	0	0	0	0	0	0	0	0	0	0	0	0	0	0	0	0	0	0	0	0	0	0	0	0	0	0	0	0	0
"c101077_g1_i2"	0	0	0	0	0.619	0	0.306	0.979	0	0	0	0	0	0	0	0	0	0	0	0	0	0	0	0	0	0	0	0	0	0	0	0	0	0	0	0	0
"c122491_g3_i1"	3.132	5.073	4.123	4.409	4.595	3.591	4.739	4.206	6.505	3.572	2.635	5.756	6.867	6.486	5.051	5.015	4.774	11.491	6.643	6.937	9.834	4.73	7.618	11.488	5.961	5.988	7.212	5.296	4.604	4.129	3.441	4.031	6.21	4.168	4.645	4.642	4.477
"c140134_g1_i3"	1.025	0.845	0.757	1.003	0.755	1.04	0.898	0.656	0.699	0.973	0.682	0.962	0.587	0.691	0.89	0.858	1.122	0.722	1.005	1.27	0.954	0.657	0.93	0.657	0.748	0.768	0.575	1.087	0.724	0.632	0.794	0.635	0.839	0.631	0.603	0.8	0.739
"c83880_g1_i1"	0	0	0	0	0.445	0	0	0	0	0	0	0	0	0	0	0	0	0	0.531	0	0	0.736	0	0	0	0	0	0	0.443	0.415	0	0	0	0.404	0.491	0	0
"c124348_g5_i1"	0	0	0	0.284	0	0.163	0.153	0	0.339	0	0.161	0	0.188	0.199	0.421	0.32	0	0	0.393	0.552	0	0	0	0	0.172	0.326	0	0	0.162	0	0.318	0	0	0	0	0	0.158
"c108320_g1_i1"	12.7	9.631	15.137	7.222	10.506	9.884	10.778	6.83	10.001	6.973	7.526	10.87	8.882	10.455	11.947	11.085	12.93	7.443	13.667	7.646	13.738	9.977	6.246	18.827	10.922	7.859	14.922	6.917	16.513	4.474	8.512	8.259	13.003	10.385	13.69	17.77	15.69
"c170557_g1_i1"	0	0	0	0	0	0	0	0	0	0	0	0	1.683	0	0	0	0	0	0	0	0	0	0	0	0	0	0	0	0	0	0	0	0	0	0	0	0
"c61182_g1_i1"	0	0	0	0.222	0.252	0	0	0	0	0	0	0	0	0	0	0	0	0	0	0	0.236	0	0	0	0.273	0.269	0	0.282	0	0	0.254	0	0	0	0	0.217	0
"c141587_g3_i1"	0.918	0	0	1.553	0.9	0.459	0.869	0.473	0.456	0	0.445	0	1.108	0	1.206	0.952	0	0.575	0	0.377	0.413	0	0	0	0.495	0	0.498	0.514	1.351	0.415	0	1.444	0.997	0.404	0	1.582	0
"c54124_g1_i2"	0.18	0	1.051	0	0	0	0	0	0	0.913	0	0	0	0	0	0	0	0.575	0	0	0	0.377	0	0.463	0	0.518	0	0	0	0	0	0	0	0	0	0	0
"c143152_g1_i1"	0.771	0.749	0.587	0.923	1.983	1.397	3.077	2.624	2.543	2.659	2.616	3.623	2.636	2.728	1.627	1.339	2	2.233	1.456	1.971	3.875	2.934	2.579	1.789	2.415	2.562	1.073	1.913	2.54	1.235	1.768	2.437	3.169	2.857	1.094	0.8	2.323
"c120127_g1_i2"	0.599	0.321	1.017	0.515	0.29	0	0	0.914	0	0	0.578	0	1.063	0	1.287	0.302	0	0	0.358	0	0.816	0.245	0.553	0.313	0	1.257	0.321	0.322	0.292	0.277	0.286	0	0	0.818	0	0.765	0
"c139889_g1_i3"	2.46	1.926	1.706	2.298	2.476	1.693	1.825	1.882	1.949	1.916	1.317	2.331	2.315	1.967	1.959	1.819	1.991	1.714	2.172	3.109	2.095	1.866	1.916	1.972	1.566	2.14	2.555	2.104	1.772	1.561	1.969	2.044	2.093	1.576	1.664	2.034	2.281
"c177355_g1_i1"	0	0	0	0	0	0	0	0	0	0	0	0	0	0	0	0	0	0	0	0	0	0	0	0	0	0	0	0	0	0	0	0	0	1.32	0	0	0
"c158309_g1_i1"	0	0	0	0	0	0	0	0.688	0	0	0	0	0	0	0	0	0	0	0	0	0	0	0	0	0	0	0.697	0	0	0	0	0	0	0	0	0	0
"c157360_g1_i1"	0	0	0	0	0	0	0	0	0	0	0	0	0	0	0	0	0	0	0	2.75	0	0	0	0	0	0	3.706	0	0	0	0	0	0	0	0	0	0
"c146038_g2_i1"	0.394	0.107	0.237	0.328	0.174	0.184	0.363	0.237	0.191	0.13	0.417	0.359	0.055	0.164	0.405	0.311	0.322	0.282	0.347	0.245	0.177	0.114	0.24	0.291	0.253	0.297	0.232	0.282	0.13	0.296	0.212	0.173	0.316	0.148	0.257	0.548	0.37
"c130817_g1_i2"	1.64	1.413	2.406	1.473	1.412	1.438	0.936	1.086	1.896	0.993	1.251	2.35	1.938	1.136	1.7	1.782	1.609	2.548	1.652	1.603	1.465	0.885	0.958	1.886	1.637	2.082	1.084	1.631	1.437	1.333	1.948	1.432	1.491	1.852	1.932	1.53	1.763
"c127213_g1_i1"	6.247	5.49	6.642	8.925	6.143	6.141	8.322	7.432	8.263	6.401	11.09	6.615	7.321	7.423	8.37	6.495	5.913	6.371	6.978	9.232	6.726	7.016	6.439	5.981	6.87	5.652	6.283	7.773	6.322	7.823	7.887	6.665	6.546	5.941	8.096	5.016	7.127
"c82536_g1_i1"	0	0	0	0	0	0	0	0	0	3.321	3.014	3.869	0	0	1.935	0	0	4.24	1.248	0	0	0	0	0	0	0	0	0	0	2.805	0	0	0	0	2.345	0	1.837
"c140348_g1_i1"	1.377	1.348	1.491	1.242	1.838	1.724	1.175	1.635	1.896	1.375	1.242	1.84	1.562	1.686	1.23	1.621	1.339	1.545	1.456	1.384	1.505	1.226	1.916	1.929	1.515	1.363	1.294	1.661	1.816	1.353	1.397	1.594	1.748	1.527	1.72	1.539	1.753
"c125150_g1_i2"	0.074	0	0.779	0.151	0	0	0	0.172	0.36	0.171	0	0.17	0	0.211	0	0.17	0.165	0	0.208	0.587	0	0.14	0.783	0	0	0	0	0.745	0.346	0	0	0	0	0.158	0	0	0
"c110636_g1_i3"	0	0	0	0	0	0.571	0	0.592	0	0.562	0	0	0	0	0	0	0	0	0	0	0	0.928	0	0.56	0	0	0.597	0	0.551	0	0	0	0	0	0	0	0
"c102954_g1_i2"	1.96	0	0	0	0	0	0	0	0	0	0	0	0	0	0	0	0	0	0	0	0	0	0	0	0	0	0	0	0	0	0	0	0	0	0	0	0
"c122069_g1_i1"	5.1	6.464	4.451	5.101	2.931	4.121	5.981	6.432	5.774	6.03	3.621	3.982	6.867	5.304	6.581	4.939	4.765	5.266	4.921	4.835	2.724	6.21	5.177	3.729	7.86	7.034	4.236	6.424	5.447	4.939	3.801	4.459	6.23	5.133	5.259	4.947	4.54
"c146995_g1_i1"	0.508	0.257	0.339	0.319	0.464	0.581	0.697	0.43	0.678	0.291	0.768	0.349	0.277	0.597	0.259	0.349	0.33	0.361	0.716	0.359	0.334	0.201	0.433	0.388	0.253	0.403	0.265	0.252	0.238	0.168	0.36	0.67	0.543	0.749	0.525	0.617	0.475
"c139047_g1_i1"	1.189	2.097	0.734	1.331	1.364	1.173	1.586	1.226	1.123	1.916	3.317	1.151	2.16	2.166	1.497	0.754	1.739	2.233	2.357	1.016	0.708	1.174	0.986	1.175	0.818	0.739	2.555	1.057	0.983	0.919	1.959	1.582	1.56	0.926	1.306	1.217	2.355
"c145537_g1_i1"	0.935	0.439	0.779	0.417	0.803	1.193	0.726	1.011	1.006	0.863	0.379	0.481	0.676	0.972	0.332	0.622	0.339	0.564	0.901	0.333	0.964	0.254	0.571	0.884	0.303	0.758	1.438	0.413	1.21	0.84	0.985	0.947	0.731	0.64	1.117	1.078	1.13
"c164163_g1_i1"	0	0	0	0	0	0	0	0	0	0	0	0	0	0	0	0	0	0	0	0	0	0	0	0	0	0	0	0	0	0	0	0	0	0	0	0	0
"c131752_g1_i2"	0.344	0.096	0.113	0.417	0.271	0.184	0.096	0.097	0.392	0.281	0.559	0.274	0.222	0.714	0.162	0.283	0.174	0.226	0.347	0.158	0.354	0.158	0.083	0.313	0.303	0.278	0.42	0.101	0.097	0.178	0.095	0.427	0.385	0.089	0.313	0	0
"c1298_g1_i1"	0	0	0	0	0	0	0	0	0	0	0	0	0	0	0	0	0	0	0	0	0	0	0	0	0	0	0	0	0.778	2.163	0	0	0	0	0	0	0
"c3421_g1_i1"	0.098	0.268	0	0	0.242	0.5	0	0.258	0.254	0.251	0	0	0	0.316	0	0.255	0	0.304	0.901	1.471	0.236	0.42	0	0.269	0	0.259	0	0	0	0.464	0	0.277	0.267	0.236	0	0.217	0.243
"c142125_g1_i1"	1.927	3.51	3.705	2.032	2.486	2.866	2.886	2.958	2.278	2.428	1.583	2.085	3.389	2.822	1.465	2.884	1.948	3.259	2.992	1.822	2.154	1.691	1.492	2.489	2.485	2.495	2.765	2.326	2.853	2.331	2.467	3.2	2.281	3.212	3.852	2.217	3.073
"c135048_g1_i1"	0.303	0	0.429	1.597	1.093	0.377	1.424	1.151	0.381	0	1.81	0.708	0.897	1.382	0.648	1.527	0.365	0.462	0.439	0.307	0.344	0.307	0.7	0	1.212	1.228	1.217	1.651	2.215	1.027	1.429	0.393	0	0	0.402	0.322	0.348
"c133628_g1_i9"	2.173	3.403	0.361	2.724	2.786	2.224	3.64	0.979	4.831	1.886	7.706	3.907	3.777	3.536	1.926	4.836	1.826	1.556	2.276	3.416	2.045	1.577	1.474	1.315	1.364	0.672	3.119	2.437	1.891	0.879	2.139	2.738	1.688	0.867	8.632	2.191	1.204
"c132104_g1_i2"	11.659	14.682	5.434	8.473	11.686	14.005	23.218	13.832	7.024	6.541	22.34	10.71	12.238	8.254	14.918	4.77	15.191	11.367	9.716	13.594	5.763	12.245	8.549	6.38	6.042	6.333	12.167	10.603	5.825	9.265	14.281	11.401	5.628	3.488	18.536	10.936	5.227
"c161841_g1_i1"	0	0	0	0	0	0	0	0.699	0	0	0	0	0.831	0	0	0	0	0	0	0	0	0	0	0	0	0	0	0	0	0	0	0	1.511	0	0	0	0
"c119189_g1_i2"	0.016	0.15	0.158	0	0.174	0.316	0	0.097	0.381	0.181	0.18	0.132	0.111	0.234	0.04	0.094	0.087	0.271	0.335	0	0.216	0.114	0.037	0.097	0.051	0.259	0.575	0	0.465	0.257	0.042	0	0.049	0.089	0.648	0	0.137
"c178379_g1_i1"	0	0	0	0	0	0	0	0	0	0	0	0	0	0	0	0	0	0	0	0	0	0	0	0	1.243	0	0	0	0	0	0	0	0.415	0	0	0	0
"c153832_g1_i1"	0	0	0	0	0	0	0	0	0	0	0	0	0	0	0	0	0	0	0	0	0	0	0	0	0	0	0	0	0	0	0	0	0	0	0	0	0
"c106407_g1_i2"	0	0	0	0	0	0.265	0	0	0	0	0	0	0.31	0	0	0	0.252	0	0	0	0	0	0.24	0	0	0	0	0	0.53	0	0	0.289	0	0	0	0	0
"c123606_g1_i1"	2.853	2.526	2.192	4.276	3.744	4.039	2.475	7.691	8.56	4.435	8.17	11.663	6.324	2.658	5.569	4.072	2.443	4.962	4.113	3.416	3.766	4.984	5.306	6.8	4.86	3.282	3.075	12.123	3.653	3.98	6.31	4.701	5.598	3.793	3.037	4.999	4.561
"c163948_g1_i1"	0	0	0	0	4.701	0	0	0	0	0	0	0	0	4.917	0	0	0	0	0	0	0	0	0	0	0	0	0	0	0	0	0	0	0	0	0	0	0
"c144485_g5_i1"	0	0.171	0	0.133	0	0	0.306	0	0	0.15	0	0.302	0	0	0	0	0	0	0	0	0.148	0	0.138	0	0	0	0	0	0	0	0.159	0	0.326	0.148	0	0	0
"c142745_g1_i1"	15.537	12.885	18.232	13.219	12.189	14.26	17.705	14.177	15.658	16.624	13.848	12.38	11.662	10.607	11.413	13.498	13.33	11.773	13.008	14.277	13.561	14.006	12.307	14.376	12.033	15.651	14.38	11.801	18.415	11.981	12.969	15.513	12.599	14.464	16.191	13.318	16.852
"c140539_g1_i1"	0.812	0.963	0.576	0.923	1.093	1.112	0.764	1.151	0.964	0.883	1.261	0.83	0.831	0.784	1.068	0.99	1.009	0.992	0.843	1.209	0.934	1.042	1.759	1.423	1.051	1.027	0.863	1.017	0.865	1.027	1.313	1.282	0.889	0.867	0.882	0.782	0.802
"c124117_g1_i1"	0.221	0.246	0	0.204	0.522	0.224	0.22	0.161	0.244	0.301	0.227	0.293	0.177	0.281	0.397	0.302	0.07	0	0.555	0.131	0.502	0.324	0.064	0.248	0.162	0	0.52	0.252	0.151	0	0.233	0.254	0.237	0.148	0.078	0.53	0.074
"c148993_g1_i1"	0.32	0	0	0	0	0	0	0	0	0	0	0	2.027	0	0	0	0	0	0	0.639	0	0	0	0	0	1.104	0	0	0	0	0	0	0	0	0	0	0
"c101273_g1_i1"	0.246	0.653	1.728	0.257	0	0.306	0.287	0	0.307	0.602	0	0	0	0	0.259	0.311	0	0.372	0.358	0	0	0.254	0.276	0.625	0	0	0	0	0	0.84	0	0	0.642	0	0	0	0
"c183053_g1_i1"	0	0	0	0	0	0	0	0	0	0	0	0	0	0	0	0	2.756	0	0	0	0	0	0	0	0	0	0	0	0	0	0	0	0	0	0	0	0
"c158611_g1_i1"	0.107	0.289	0	0	0.261	0	0	0	0	0	0	0	0	0	0.235	0	0	0	0.323	0	0.256	0	0	0	0	0	0.299	0	0	0	0	0	0	0	0	0	0.264
"c173360_g1_i1"	0	0	0	0	0	0	0	0.258	0	0	0.246	0	0	0	0.429	0	0	0	0	0.21	0	0	0	0	0.273	0.259	0	0.272	0	0	0.243	0	0	0	0	0	0
"c125304_g1_i1"	0.098	0.064	0.61	0.16	0.232	0.53	0.526	0.183	0.307	0.181	0.18	0.349	0.144	0.375	0.154	0.057	0.052	0.361	0.069	0.201	0.167	0.149	0.111	0.194	0.131	0.115	0.133	0.06	0.303	0.109	0.064	0.208	0.247	0.059	0.067	0.104	0.243
"c87407_g1_i1"	0	0	0	0	0	0	0	0	0	0	0	0	0	0	0	0	0	0	0	0	0	0	0	0	0	0	0	0	0	0	0	0	0	0	0	0	0
"c6188_g1_i2"	0.131	0	0	0	0	0	0	0	0	0	0	0	0	0	0	0	0	0	0	0	0	0	0	0	0	0	0	0	0	0	0	0	0	0	0	0	0
"c122996_g1_i2"	0.123	0	0	0	0	0.296	0	0	0	0	0	0.566	0	0	0	0	0	0	0	0	0	0	0	0	0	0	0	0	0	0	0.286	0.323	0	0	0.324	0	0.285
"c135879_g5_i1"	0.074	0.396	0.102	0.08	0.358	0.092	0.086	0.473	0.381	0.271	0	0.264	0.111	0.574	0.162	0.094	0.087	0.226	0	0.552	0.777	0.237	0.332	0.506	0.101	0.365	0.21	0.101	0.378	0.089	0.371	0.416	0.286	0.177	0.301	0.322	0.275
"c17350_g1_i1"	0	0	0	0	0	0	0	0	0	0	0	0	0	0	0	0	0	0	0	0	0	0	0	0	0	0	0	0	0	0	0	0	0	0	0	0	0
"c150211_g1_i1"	0	0	0.158	0	0	0.143	0	0	0	0	0.417	0	0	0	0	0	0	0	0	0.123	0	0	0	0	0	0	0	0	0.292	0.267	0	0.312	0	0.404	0	0	0
"c111542_g1_i2"	0	0	0	0	0	0	0	0	0	0	0	0	0	0	0	0	0	0	0	0	0	0	0	0	0	0	0.586	0	0	0	0	0	0.612	0	0	0	0
"c148992_g1_i1"	0	0	0	0	0	0	0	0	0	0	0	0	0	0	0	0	0	0	0	0	0	0	0	0	0	0	0	0	2.604	0	0	0	0	0	0	0	0
"c138584_g1_i4"	0.082	0.075	0.158	0.186	0.203	0.204	0.134	0.323	0.106	0.171	0.142	0.406	0.609	0.129	0.267	0.207	0.096	0.214	0.208	0.272	0.167	0.377	0.129	0.269	0.111	0.326	0.077	0.373	0.14	0.227	0.074	0.243	0.494	0.168	0.033	0.122	0.243
"c175904_g1_i1"	0	0	0	0	0	0	0	0	0	0	0	0	0	0.738	0	0	0	0	0	0	0	0	0	0.593	0	0	0	0	0	0	0	0	0	0	0	0	0
"c14754_g1_i1"	0	0	0	0	0	0	0	0	0	0	0	0	0	0.363	0	0	0	0	0	0	1.082	0	0	0	0	0	0	0	0	0	0	0	0	0	0	0	0
"c144008_g1_i5"	0.869	0.706	0.949	0.852	0.813	0.326	0.774	0.753	0.795	0.692	0.607	0.764	1.008	0.726	0.963	0.669	0.661	1.071	0.924	1.095	0.934	1.042	0.884	1.703	1.041	1.295	0.896	0.926	0.486	0.603	0.72	0.809	1.471	0.759	0.882	0.704	0.792
"c140968_g1_i1"	0.254	0.332	0.181	0.275	0.909	0	1.357	0.323	0	0.311	1.223	0	0	0.386	1.481	0.311	0.591	0.372	0.37	0.788	0.433	0.263	0.286	0.334	0.333	0.154	0.177	0.503	0.162	0.148	0.773	1.04	0.642	0	0	0.669	0.306
"c61969_g1_i1"	0	0	0.328	0.248	0	0	0	0	0	0.562	0	0	0	0	0	0	0	1.049	0	0	0	0.237	0.525	0	0	0	0	0	0.281	0.267	0	0	0	0	0	0	0
"c99592_g1_i1"	0	0	0	0	0.397	0.204	0	0.419	0.212	0.201	0	0.198	0	0	0.526	0.207	0	0	0.243	0	0.374	0.166	0	0.216	0	0	0	0.222	0	0	0.402	0	0.217	0.187	0	0.174	0.201
"c83137_g1_i1"	0.205	0	0	0.213	0	0	0.239	0.258	0	0	0	0.481	0.299	0.316	0	0	0	0	0.3	0.42	0	0	0	0	0.535	0	0.277	0	0	0.227	0	0	0.267	0.236	0	0.217	0
"c147043_g1_i1"	0	0	0	0	0	0	0	0	0	0	0	0	0	0	0	0	0	0	0	0	0	0	0	0	0	0	0	0	0	0	0	0	0	0	0	0	0
"c146175_g1_i1"	0	3.339	0	0	0	0	0	1.086	0	0	0	0	0	0	0	0	0	0	0	0	0	0	0	1.875	0	1.583	0	0	0	0	1.768	0	0	0	0	0	0
"c129170_g1_i2"	0.156	0.139	0	0.115	0.058	0.122	0.248	0.065	0.064	0.191	0	0.245	0	0	0	0.123	0.122	0.079	0	0.166	0	0.105	0.175	0	0.202	0.182	0	0.07	0.13	0.059	0.064	0.139	0.385	0.187	0.067	0	0.063
"c174169_g1_i1"	0	0	0	0	0.232	0.469	0.115	0	0.498	0.12	0.711	0.113	0.277	0.152	0	0	0	0	0	0.201	0	0	0.111	0	0	0	0	0	0	0.109	0	0	0	0	0	0	0.116
"c135614_g1_i4"	0.172	0	0.271	0	0	0.122	0	0.183	0.064	0	0	0.057	0	0.082	0	0.236	0.113	0.293	0.069	0	0.285	0.149	0.111	0.065	0.263	0.355	0	0.07	0.119	0.286	0	0.069	0.247	0	0.335	0	0.116
"c120631_g1_i4"	0	0	0	0	0	0	0	0	0	0	0	0	0	0	16.278	0	0	0	0	0	0	0	0	0	0	0	0	0	0	3.003	0	0	0	0	0	0	0
"c125553_g1_i1"	1.041	1.166	1.243	3.442	2.186	1.387	2.733	1.99	3.083	1.605	5.545	0.981	2.182	2.342	7.673	3.224	2.713	5.368	1.883	8.873	0.216	6.464	1.971	2.295	2.192	2.265	0.874	2.104	1.891	3.013	2.276	1.051	1.915	2.394	1.697	2.095	3.094
"c123712_g1_i1"	0.049	0	0	0	0	0	0	0	0.127	0	0	0.123	0	0	0	0	0	0	0	0.21	0	0	0	0	0	0	0.697	0	0	0	0	0	0	0	0.134	0.104	0.127
"c119297_g1_i2"	13.52	13.388	13.081	18.853	8.832	12.598	14.905	13.262	14.387	13.815	13.26	10.842	15.871	14.529	25.02	13.149	12.374	15.911	13.239	25.663	11.161	14.479	17.079	13.568	9.224	10.709	12.234	13.875	11.866	18.776	12.82	14.485	14.356	13.183	13.768	11.754	12.882
"c90124_g1_i1"	0.607	0	0	0	0	0	0	0	0	0	0	0	0	0	2.825	1.904	0	0	1.744	0	0	1.218	0	0	5.021	0	0	0	0	1.294	0	1.363	0	0	0	0	0
"c129474_g1_i1"	11.167	17.7	18.199	18.729	18.158	24.726	21.097	18.414	20.521	20.096	24.188	16.607	18.23	17.854	14.028	18.249	12.478	19.914	18.577	20.644	20.995	18.868	12.436	19.387	20.378	17.302	23.151	18.738	24.056	18.846	20.803	16.09	19.954	22.613	25.906	17.031	23.747
"c178324_g1_i1"	0.066	0	0	0.266	0.368	0.296	0	0	0	0.221	0	0.217	0	0.094	0	0	0	0	0	0.324	0.354	0.193	0.203	0	0	0.077	0.088	0.332	0	0	0.233	0.081	0.316	0.217	0.078	0.07	0
"c145458_g2_i1"	4.214	4.869	3.524	4.161	4.015	4.162	4.902	3.474	4.555	4.174	4.36	4.171	4.131	3.419	4.541	5.034	5.078	4.68	4.921	4.686	4.602	4.38	4.256	4.009	4.789	4.155	4.17	3.947	4.247	3.872	3.716	3.927	4.167	4.217	4.601	3.599	3.748
"c126624_g1_i3"	0.148	0	0	0	0	0.367	0.688	0.376	0.371	0	0	0	0	0.445	0	0	0.696	0	0	0.298	0	0.298	0	0	0	0	0.398	0	0	0	0.349	0.381	0	0.325	0.391	0	0.338
"c77527_g2_i1"	0	0	0	0	0	0	0	0	0.689	0	0	0.651	0	0.855	0	0	0	0	0	0	0.629	0	0	0	0	1.794	0	0	0.681	0.632	0.635	0	0.8	0	0	0	0.634
"c34905_g1_i1"	0	0	0	0.169	0	0	0.191	0	0	0	0	0	0.233	0	0	0	0	0	0.231	0	0	0	0	0.41	0	0	0	0	0	0	0.191	0	0	0	0	0	0
"c98107_g2_i1"	0	0	0	0	0	0	0	0	0	0	0	0	0	0.82	0	0	0	0	0	0	0	0	0	0	0	0	0	0	0	0	0	0	0	0	0	0	0
"c145191_g3_i1"	0	1.862	0	0	0	0	0	0	0	0	0	0	0	0	0	0	0	0	0	0	0	0	0	0	0	0	0	0	0	0	1.334	0	0	0	0	0	0
"c116736_g2_i1"	0	0	0	0	0	0	0	0.764	0	0	0	0	0	0	0	0	0	0	0	0	0.659	0	0	0.7	0	0	0	0	0	0	0	0	0	0	0	0	0
"c6172_g1_i1"	0.492	0	0	0	0	2.673	1.127	0	2.341	0	1.156	0	1.628	0	0	0	1.339	5.007	1.433	0	0	0	0	0	0	0	0	0	1.167	0	0	1.155	0	0	1.362	0	0
"c50050_g1_i1"	0.426	0	0.237	0.275	0	0	0.105	0.215	0.328	0	0	0.208	0	0.129	0	0.311	0.2	0.124	0.127	0.272	0	0	0	0	0.111	0.307	0.232	0.111	0.108	0.099	0.106	0.116	0	0	0	0.461	0
"c80905_g1_i1"	0	0	0	0	0	0	0	0	0	0.441	0	0	0	0	0	0	0	0	0	0	0	0	0	0.442	0	0	0	0.493	0	0	0	0	2.389	0.394	0	0	0.412
"c132607_g2_i1"	0.5	1.22	0.746	0.497	0.551	0.561	0.831	0.194	0.392	0.552	0.654	1.189	0.997	0.948	0.162	0.283	0.27	0.575	0.116	0.158	0.443	0.315	0.516	1.229	0.616	1.564	1.482	0.715	0.475	0.356	0.381	1.063	1.363	0.995	0.826	0.652	0.56
"c141708_g1_i4"	0.205	0	0.192	0.071	0.077	0.082	0.248	0.172	0.18	0.171	0.246	0.085	0	0.105	0.146	0.085	0.078	0.101	0	0.149	0	0.07	0.074	0.366	0.091	0.086	0.188	0.181	0	0.316	0.085	0.092	0.178	0.246	0.089	0.217	0.338
"c101577_g1_i1"	0	0	0	0	0	0	0.248	0	0	0	0	0.491	0	0	0	0	0	0.316	0	0.438	0	0.219	0	0.269	0.283	0.269	0	0	0	0	0	0	0	0	0	0	0
"c76446_g1_i1"	0.18	0.118	0	0	0	0	0	0	0.222	0.11	0	0	0	0	0.097	0	0	0	0	0	0.305	0.088	0	0	0.121	0	0	0	0	0	0	0.127	0	0.207	0.123	0	0.106
"c158106_g1_i1"	0.197	0	0	0	0	0	0	0	0.487	0	0	0	0	0	0	1.527	0	0	0	0.394	0.443	0	0.461	0	0.525	0	0	0.544	0	0	0	0	0	0	0	0	0
"c147515_g1_i1"	0.369	0.503	0.554	0.364	0.619	0.428	0.554	0.559	0.551	0.431	0.37	0.651	0.698	0.585	0.34	0.537	0.339	0.699	0.497	0.438	0.531	0.526	0.313	0.474	0.414	0.624	0.896	0.514	0.519	0.583	0.593	0.416	0.504	0.483	0.491	0.339	0.591
"c174508_g1_i1"	0	0.503	0	0.399	0	0.479	0.898	0	0.477	0	0.455	1.33	0	0	0	0	0	0	0	0	0.856	1.945	0	0	0	0	1.018	0	0	0	0	0	0.513	0.838	0	0	0
"c146380_g2_i1"	0	0	0	0	0.3	0	0	0.312	0	0	0	0.293	0	0	0.267	0.311	0	0	0	0	0	0.254	0.286	0	0.333	0	0	0.675	0	0	0	0	0	0	0	0	0
"c171625_g1_i1"	0	0	0	0	0	0	0	0	0	0	0	0	0	0.913	0	0	0	0	0	0	0	0	0	0	0	0	0	0	0	0	0	0	0	0	0	0	0
"c144547_g4_i4"	0.762	0.567	0.09	0.594	0.145	0.52	0.583	0.151	0.318	0.15	1.043	0.217	0.266	0.375	0.518	0.226	0.357	0.271	0.543	0.385	0.285	0.438	0.341	0.657	0.566	0.796	0.42	0.242	0.076	0.138	0.529	0.173	0.079	0	0.246	0.782	0.074
"c104705_g1_i3"	0.172	0	0	0.364	0.135	0	0.268	0	0.148	0	0.133	0.406	0	0.351	0.121	0	0.522	0.338	0.173	0.114	0.521	0	0.755	0	0.303	0	0.465	0	0	0.257	0.138	0.312	0	0.128	0	0	0
"c140453_g3_i1"	2.369	1.188	0.836	1.251	0	3.682	3.507	1.517	2.596	2.548	0	0.698	2.204	1.358	0.963	0	0	0.902	1.317	1.515	2.36	0.604	3.777	2.263	0	1.603	2.389	1.218	0.724	1.353	0	1.178	1.57	0.67	0.402	2.539	0.697
"c131684_g3_i1"	0.517	0	1.48	1.455	4.198	0.428	3.258	0.882	0	2.558	0	0.406	1.551	0.527	2.25	0.443	1.67	0	2.033	1.051	0	0.71	0.811	0.873	0.465	0.48	0.929	2.376	0.843	1.175	0.402	1.363	1.392	1.537	0.938	0	2.006
"c117713_g1_i2"	6.969	6.078	6.01	6.61	7.381	7.977	5.15	8.218	6.642	5.939	6.767	6.775	6.512	7.961	7.779	6.004	8.817	7.341	8.064	7.322	6.726	7.2	7.029	6.423	7.466	7.725	7.699	5.89	5.944	7.675	6.945	6.769	6.773	6.01	5.829	7.946	6.747
"c155953_g1_i1"	0	0	0	0	0.193	0	0	0	0.201	0	0	0	0	0.246	0	0	0	0	0	0	0	0	0	0	0	0	0	0	0	0	0	0	0	0.187	0	0	0
"c132515_g1_i1"	5.993	5.051	4.225	7.328	6.124	6.161	6.583	6.185	5.414	4.475	6.948	7.615	3.943	5.889	7.212	5.524	6.461	6.698	5.522	6.858	3.943	6.587	5.389	3.987	5.547	2.984	2.854	3.635	4.841	8.554	6.384	4.597	4.966	5.468	5.751	6.207	5.026
"c27725_g1_i1"	0.361	0.235	0	0	0.435	0	0.86	0.226	0.233	0.221	0	0.217	0.532	0.281	0.194	0.452	0.209	0.541	0.266	0	0	0.184	0.203	0.237	0.242	1.142	0.498	0	0.443	0.415	0.222	0.485	0.464	0	0.726	0.191	0
"c95580_g1_i1"	0	0	0	0	0	0	0	0	0	0	0	0	0	0	0	0	0	0	0	0	0	0	0	0	0	0	0	0	1.167	0	0	0	0	0	0	0	0
"c123987_g1_i1"	0	0	0	0	0	0	0.583	0	0	0.632	0	0.576	0.764	0	0	0	0	0	0	0	0	0	0	0	0	0	0	0.705	0	0	0	0	0	0	0	0	0
"c86040_g1_i1"	0	0.193	0	0.08	0.087	0	0	0	0	0.09	0.171	0.34	0	0	0.073	0.179	0.165	0	0	0	0	0.07	0	0	0	0	0	0	0	0.247	0.085	0.3	0.276	0.089	0	0.078	0
"c164294_g1_i1"	0	0	0	0	0	0	0	0	0	0	0	0	0	0	0.688	0	0	0	0	0	0	0	0	0	0	0	0	0	0	0	0	0.416	0	0	0	0	0
"c57365_g1_i1"	0.049	0	0.136	0	0	0	0.229	0	0	0	0.114	0	0	0.152	0.105	0.113	0.113	0	0	0.298	0	0.201	0	0	0.131	0	0	0	0.119	0.444	0	0	0.247	0.108	0	0	0
"c5397_g1_i1"	0.197	0	0	0	0.474	0.49	0	0	0	0	0	0	0	0	0.421	0	0	0	0	0.394	0	0	0	0	0	0.557	0.52	0	0	0	0	0	0	0	0	0	0
"c128991_g7_i7"	12.856	4.987	6.258	5.58	5.408	12.373	15.297	4.905	6.875	0	10.976	13.201	0.166	5.081	7.576	5.778	11.652	6.563	13.263	6.893	10.06	0	6.292	0	4.546	4.702	8.185	0.161	6.03	5.956	5.05	5.082	3.712	6.621	13.634	8.798	0.148
"c128099_g1_i3"	0.066	0.353	0	0.071	0.077	0.163	0	0.172	0.085	0.08	0	0.16	0.1	0.621	0.073	0.16	0.157	0	0.404	0.07	0	0	0.147	0.183	0	0	0.188	0	0.421	0.395	0.339	0.185	0	0.158	0.089	0.07	0.169
"c98451_g1_i1"	0.049	0.139	0	0.222	0.126	0.122	0.869	0.258	0.403	0.381	0.379	0.123	0.155	0.164	0.219	0.255	0	0.316	0	0.105	0.236	0.105	0.12	0	0.141	0	0	0.282	0.13	0.119	0.127	0.289	0.128	0.246	0.145	0	0.253
"c54743_g2_i1"	0	0.888	0	0	0	1.714	0	0	0	0	0	0	0	0	0	0	0	0	0	0	0	0.674	0	0	0	0	0	0	0	0	0	0	0	0.69	0	0	0
"c138805_g1_i3"	0.033	0.139	0.045	0	0.087	0	0.048	0.086	0.042	0	0	0.047	0.1	0	0	0	0.043	0	0	0.079	0	0	0	0.054	0.051	0	0	0.05	0.043	0	0.085	0	0	0.039	0.1	0	0
"c146139_g4_i1"	0.435	0.492	0.169	0.266	0.745	0.306	0.449	0.312	0.636	0	1.052	0.443	0.354	0	0.397	0.302	0.148	0	0.185	0.131	0.856	0.385	0.138	0.657	0.495	0.307	1.029	0	0.767	0.573	0.148	1.698	0.474	0.434	0.837	0.261	0.75
"c143197_g2_i2"	0	0	0	0	0	0	0	0	0.275	0.261	0	0	0	0	0	0	0	0	0	0	0	0	0	0.28	0	0.278	0	0	0	0	0	0	0	0	0.581	0	0.253
"c136016_g2_i1"	0.107	0.043	0.192	0.266	0.126	0.122	0	0.226	0.138	0.04	0	0	0.055	0.059	0.146	0	0	0.101	0	0.184	0.246	0.07	0.157	0.194	0.051	0.038	0.299	0.091	0	0	0.265	0.15	0.089	0	0	0.261	0
"c129152_g1_i2"	6.912	9.364	3.581	7.124	9.887	4.774	3.478	1.398	4.259	7.234	3.005	5.275	2.215	2.494	9.357	5.505	4.165	3.687	2.923	4.931	2.458	2.199	4.385	4.44	3.637	3.186	3.429	8.176	0.638	3.961	2.107	5.66	2.597	6.523	1.262	8.833	4.773
"c139135_g1_i2"	0.443	0	0.305	0.719	0.532	0.806	0.134	0.28	0.561	0	0	0.396	0	0.176	0.235	0.132	0.13	0.327	0.497	0.114	0.256	0.228	0.12	0.291	0.586	0.134	0.763	0	0.14	0	0.54	0.15	0	0.128	0.893	0.469	0.264
"c133223_g1_i1"	4.157	0.738	0.779	1.34	1.857	1.081	0.803	1.829	1.144	1.415	1.905	2.595	1.041	1.112	2.25	2.432	1.739	1.41	0.751	1.174	1.347	3.565	1.428	1.347	1.707	1.919	1.471	1.037	0.908	1.62	1.112	1.236	0.918	1.655	0.904	2.617	1.436
"c137388_g5_i1"	0.123	0.342	0	0	0	0	0	0	0.318	0.311	0.303	0.302	0	0	0	0	0.304	0	0	0	0	0	0	0	0.344	0	0	0	0.627	0	0	0	0	0	0	0.269	0
"c126749_g1_i1"	0.156	0.043	0.045	0.195	0.339	0.214	0.086	0.086	0.095	0.13	0.256	0.293	0.155	0.059	0.186	0.217	0.165	0.056	0.058	0.184	0.207	0.105	0.074	0.043	0.192	0.163	0.299	0.05	0.086	0.168	0.127	0.15	0.395	0.089	0.145	0.304	0.127
"c105265_g1_i1"	0.189	0	0	0	0.667	0	0	0.237	0	0.231	0	0	0	0	0.202	0.236	0	0.846	0	0.385	0	0	0	0	0.253	0	0	0.503	0.227	0	0	0.254	0	0	0.246	0.2	0
"c58396_g1_i1"	0	0	0	0	1.886	0	0	0	0	0	0.891	0	0	0	0	0	0	0	0	0	0	0	0	0	0	0	0	0	0	0	0	0	0	0	0	0	0
"c143763_g1_i2"	1.738	1.391	1.231	0.816	1.412	1.816	1.538	0.721	1.187	1.114	1.877	1.368	1.196	1.499	2.007	1.225	1.426	2.03	2.103	2.882	1.927	1.139	2.487	1.132	0.94	1.247	1.228	1.4	1.264	2.045	1.376	1.167	1.382	0.995	1.306	1.408	1.616
"c742_g1_i1"	0	0	0	0	0	0	0.182	0	0	0	0	0	0	0	0	0	0	0	0	0.158	0	0	0.175	0	0	0	0	0	0.184	0	0	0.208	0	0.177	0.201	0	0
"c116770_g1_i3"	1.591	0	0	2.608	0	0	0	0	0	0	4.54	2.189	0	0	2.129	0.877	0	0	0	0	1.426	0	0.792	0	0	0	0	0	0	0	0	0	1.846	1.34	0	0	0
"c136795_g2_i2"	0.057	0	0.023	0.035	0.019	0.02	0.105	0.043	0	0.08	0.209	0	0	0	0.032	0.019	0.061	0.023	0.104	0.053	0.039	0.018	0.037	0.043	0	0.019	0.022	0.02	0.065	0.04	0.042	0.069	0	0.039	0	0.035	0.042
"c68692_g1_i1"	0	0	0	0	0	0	0	0	0	0	0.768	0	0	0	0	0	0	0	0	0	0	0	0	0	0	0	0	0	0	0	0	0	0	0	0	0	0
"c133278_g1_i4"	0.894	0.621	0.61	0.958	0.958	0.857	0.526	1.011	0.646	0.813	0.654	0.84	0.631	0.621	0.534	0.848	1.122	0.947	0.901	0.569	0.541	0.517	1.151	0.776	0.808	0.633	0.653	0.624	0.713	0.662	0.466	0.797	0.889	0.798	0.447	0.756	0.539
"c32580_g1_i1"	0	0	0	0	0	0.265	0	0	0	0	0	0	0	0	0	0	0	0	0	0	0	0.219	0	0	0	0.278	0	0	0	0	0	0.289	0	0	0.29	0	0
"c170275_g1_i1"	0	0.589	0	0	0	0	0	0	0	0	0	0.51	0	0	0	0	0	0	0	0	0	0	0	0	0	0	0	0	0	0	0	0	0	0	0	0	0
"c155144_g1_i1"	0	0	0	0	0	0	0	0	0	0	0	0	0	0	0	0	0	0	0	0	0	0	0	0	0	0	0	0	0	0	0	0	0	0	0	0	0
"c147491_g1_i5"	1.558	1.755	1.807	1.872	1.683	1.571	1.5	1.71	1.335	1.375	1.517	1.415	1.938	1.604	2.275	1.753	1.574	1.917	1.444	1.717	1.269	1.594	1.511	1.39	1.455	1.583	1.117	1.963	1.167	1.995	1.98	2.091	1.846	2.04	1.329	1.574	1.404
"c131165_g1_i2"	0	0	0	0	0	0	0	0	0	0	0	0	0	0	0	0	0	0	0	0	0	0	0	0	0	0	0	0	0	0	0	0	0	0	0	0	0
"c132457_g2_i1"	0.697	0	0.813	0	0.551	0.52	0.65	0.678	0.593	0	0	0.783	0.443	0.597	0.494	0.933	0.843	0.35	1.502	0	0.403	1.2	0	1.358	0.313	0.864	1.349	0	1.059	0.267	0.963	0.589	0.968	0.739	1.452	0.574	0.802
"c142591_g3_i7"	3.23	2.44	2.146	2.475	4.363	2.703	4.615	2.194	3.676	2.859	2.929	2	2.802	2.95	2.995	3.535	2.209	2.221	1.768	3.582	3.304	2.882	2.552	2.166	1.99	1.718	3.739	1.843	2.745	2.153	2.615	3.026	3.239	2.818	2.948	3.347	2.914
"c136959_g1_i2"	1.64	1.669	1.615	1.668	1.577	1.948	1.491	1.56	1.123	1.625	1.735	1.821	1.927	1.967	1.748	2.432	2.096	2.346	2.588	1.296	1.977	2.093	1.612	1.746	1.94	2.255	1.515	1.963	1.999	2.212	1.408	1.964	1.777	1.971	1.407	1.721	1.415
"c91991_g1_i1"	0	0	0	0	0	0	0	0	0	0	0	0.359	0	0	0.332	0	0	0	0	0	0	0	0	0	0	0	0	0	0	0	0	0	0	0	0	0	0
"c139792_g4_i4"	0	0	0	0	0	0	0	0	0	0	0	0	0	0	0	0	0	0	0	0	0	0	0	0	0	0	0	0	0	0	0	0	0	0	0	0	0
"c143380_g1_i3"	0.09	0.064	0.113	0.035	0.058	0.153	0.21	0.043	0.064	0.361	0.076	0	0.177	0.047	0.065	0.207	0.096	0.045	0	0	0.108	0.263	0.037	0.022	0.04	0.182	0.442	0.02	0.076	0.148	0.085	0.312	0.079	0.079	0.257	0	0.137
"c49601_g1_i1"	0	0	0	0	0	0	0	0	0	0	0	0	0	0	0	0	0	0	0	0	0	0	0	0	0	0	0	0	0	0.652	0	0.739	0	0	0	0	0
"c131633_g1_i1"	0.271	0.075	0.079	0.062	0.522	0.326	0.201	0.14	0.212	0.201	0.133	0.519	0.31	0.164	0	0.33	0.191	0.485	0.243	0.289	0.443	0.053	0.12	0.151	0.293	0.134	0.232	0.141	0.411	0.128	0.413	0.15	0.069	0.197	0.368	0.174	0
"c125747_g1_i1"	0.566	0.471	0.147	0.834	0.609	0.745	0.678	0.129	0.657	0.622	1.374	0.613	0.509	0.082	0.486	0.245	0.704	0.451	0.3	0.324	0.649	0.263	1.133	0.28	0.202	0.912	0.354	0.675	0.259	0.77	0.635	0.635	0.583	0.483	0.547	0.383	0.317
"c146367_g1_i8"	0.369	0.449	0.282	0.373	0.164	0.082	0.086	0.258	0.434	0.241	0.739	0.812	0.1	0.105	0.364	0.33	0.391	0.406	0.196	0.359	1.092	1.261	0.304	0.269	0.455	0	0.465	0.181	0	0.316	0.085	0	0.257	0	0.179	0.791	0
"c138754_g3_i2"	0.148	0.086	0.045	0.319	0.116	0.439	0.076	0.204	0.297	0.281	0.161	0.113	0.1	0.105	0.21	0.236	0.078	0.147	0.046	0.175	0.148	0.166	0.111	0.129	0.263	0.23	0.321	0.222	0.086	0.306	0.169	0.092	0.326	0.276	0.089	0.035	0.327
"c102559_g1_i1"	1.271	2.633	0.407	1.198	2.399	3.162	0.334	1.807	0.36	2.779	0.682	0.991	0	1.3	0.915	1.433	0.678	1.297	3.35	0.289	0	3.477	0.332	0.722	0.758	0.384	4.955	3.856	5.565	1.294	0	0.751	0.375	0	1.53	1.208	0.327
"c103901_g1_i1"	0	0.235	0	0	0.145	0.071	0.143	0	0.233	0.07	0	0.075	0	0.094	0.065	0	0	0.09	0.092	0	0.344	0.061	0	0.086	0	0	0	0	0	0.138	0	0.081	0	0.069	0	0.061	0
"c112683_g1_i1"	0.156	0.203	0.441	0.337	0	0	0	0.194	0	0	0	0	0.454	0	0	0	0.548	0.237	0	0	0.177	0.324	0	0	0	0.192	0	0.211	0	0.365	0	0.427	0	0	0.212	0	0.19
"c103713_g1_i1"	0.197	0	0	0	0	0.49	0	0.506	0.487	0	0	0	0	0	0	0	0	0	0	0	0	0.403	0	0	0	0	0	0	0	0.444	0	0	0	0	0	0	0
"c74572_g1_i1"	1.41	0	0	0	0.58	0.602	0	0.613	0.583	0.592	0	0	0	0	0	0.622	0	0	0	0.937	0.531	0	0	0	1.263	0	0	0	0	1.057	0	0	0.652	0	0	0	0.539
"c147987_g1_i1"	0	0	0	0	0	0	0	0	0	0	0	0	0	1.616	0	0	0	0	0	0	0	0	0	0	0	0	0	0	0.638	0	0	0	0	0	1.44	0	0
"c145797_g1_i1"	0.172	0.107	0.181	0.142	0.164	0.163	0.162	0.086	0.18	0.1	0.199	0.142	0.199	0.105	0.113	0.179	0.157	0.237	0.139	0.158	0.118	0.158	0.166	0.14	0.172	0.067	0.243	0.141	0.097	0.148	0.159	0.046	0.188	0.236	0.212	0.156	0.243
"c172776_g1_i1"	0	0	0	0	0	0	0	0	0	0	0	0.576	0	0	0	0	0	0	0	0.49	0	0	0	0	0	0	0	0	0	0	0	0	0	0	0	0	0
"c121708_g1_i1"	0	0	0	0	0	0	0	0	0	0	0	0	0	0	0	0	0	0	0	0	0	0	0	0	0	0	0	0	0	0	0	0	0	0	0	0	0
"c141625_g6_i6"	1.312	0	0	2.954	1.567	1.479	0	0	2.447	1.465	2.208	0	0	0	0	0	0	1.511	0	0	0	2.496	0	0	2.021	0	1.117	0	0	0	0	0.832	1.027	2.601	2.311	1.721	0
"c134868_g2_i5"	0.287	0	0	0	0	0	0	0	0	0	0	0	0	0	0	0	0	0	0	0.569	0	0	0	0	0	0	0	0	0	0	0	0	0	0	0	0.626	0
"c126685_g1_i2"	0.139	0.128	0	0.106	0.116	0.347	0.115	0.118	0.127	0	0	0.226	0	0	0	0.113	0	0.147	0	0.096	0.216	0	0.111	0.259	0	0.115	0.265	0.131	0.119	0	0	0.127	0	0	0.134	0.104	0
"c141261_g5_i1"	2.132	0.289	0.813	1.331	0.861	1.489	1.041	2.549	1.663	2.187	1.052	1.548	1.252	0.55	0.461	0.528	0.757	1.184	0.22	1.366	1.495	1.112	0.405	0.485	0.576	1.295	1.106	1.057	0.724	2.094	0.445	1.502	0.543	2.729	0.681	1.773	0
"c139293_g4_i8"	0.18	0	0.169	0	0.358	0.296	0.22	0	0	0.361	0.588	0.075	0.089	0.094	0.13	0.217	0.348	0	0	0.315	0.413	0.184	0.332	0.162	0.242	0.144	0.088	0.081	0	0.069	0.148	0.416	0.454	0.138	0.324	0.765	0.074
"c176222_g1_i1"	0	0	0	0	0	0.194	0.191	0	0	0	0	0	0	0	0	0	0	0	0	0	0	0	0	0	0	0.595	0	0	0	0.178	0.191	0	0	0.177	0	0	0
"c130832_g1_i1"	0.18	0.535	0.441	0.781	1.761	1.795	0	0.452	0.922	0.592	1.147	2.359	0.454	0.691	0.429	1.027	1.191	0.598	0	1.042	0.62	0.604	0.7	0.787	0.778	0.844	0.752	1.007	1.124	0	1.62	0	0.454	0.857	0.849	0.574	1.425
"c48027_g1_i1"	0	0	0	0	0	0	0	0	0	0	0	0	1.584	0	0	0	0	0	0	0	1.062	0	0	0	0	0	0	1.45	0	0	0	0	0	0	0	0	0
"c141234_g1_i1"	0	0	0.474	0	0	0	0	0.215	0.212	0.813	0	0.198	0	0	0	0	0	0.756	0.243	0.517	0.187	0	0	0	0.667	0	0.232	0	0	0	0.201	0	0.217	0.197	0.223	0	0.201
"c69859_g1_i1"	0.205	0	5.208	0.843	0.987	0.51	0.478	0	0	0	0	0.944	0	0	0.437	0.528	0	1.883	0	0.815	0	2.067	0.479	0	1.627	0	0	0	0	0.454	0	1.571	0	0	0	0	3.263
"c161714_g1_i1"	0	0	0	0	0	0.112	0	0	0	0.11	0.114	0	0	0	0	0	0	0	0	0	0	0	0	0	0	0	0	0	0.465	0	0	0.254	0	0	0.123	0	0
"c107537_g1_i2"	0.139	0.749	0	0	0.677	1.051	0.334	0.721	1.059	0.692	0	0	0.831	0	0	0	0	0	0	0.578	0	0	0	0.356	0	0	1.139	0	0.692	0.316	0.339	0	0	0	1.139	0	0.327
"c52025_g1_i1"	0	0	0	0	0	0	0	0	0	0	4.351	0	0	0	0	0	0	0	0	0	0	0	0	0	0	0	0	0	0	0	0	0	0	0	0	0	0
"c118941_g2_i1"	0	0	0	0	0	0	0	0	0	0	0	0	0	0	0	0	0	0	0	0	0	0	0	0	1.677	0	1.471	0	0	2.588	0	0	0	0	0	1.339	0
"c93194_g2_i1"	0.451	0	1.932	0.47	1.103	1.132	0	0	0	0.562	0.54	0	0.676	0.691	0.979	1.763	4.965	2.097	0	0.902	0	0.455	1.603	0	1.808	1.324	1.184	3.121	0	1.511	0	0	3.081	0	1.217	1.93	0.507
"c157855_g1_i1"	0	0	0	0	0	0	0.65	0	0.689	0	0	0	0	0	0	0	0	0	0	0	0.629	0	0	0.679	0	0	0	0	0	0	0	0	0.8	0	1.53	0.609	0.634
"c118690_g1_i1"	0.558	0	0	0	0	0.347	0.994	1.065	3.846	0.682	0.673	0	0	0.421	0	1.056	0	0	0.416	0.289	0	0	0	0	1.121	0	0	0.755	0	0.316	0.667	0.37	0.365	0.631	0.38	0.6	0.655
"c135036_g6_i1"	0.525	0	0.486	1.89	0	0	0.554	0.29	0.89	1.274	0.142	1.246	0.509	0.714	0.996	0.575	1.765	0.35	1.386	0.613	0.806	1.918	0.525	0.313	0.626	1.286	0.166	2.185	0.584	1.077	1.006	0	2.083	0.818	0.469	0	0.845
"c125486_g1_i1"	0.164	0.878	0.373	0.284	0.948	0.398	0.401	1.248	0.17	0.08	0.161	0.311	0.377	0.304	0.073	0.566	0.157	0.891	0.497	1.252	1.219	0.272	1.253	0.528	0.354	0.787	0.277	0.352	0.497	0.533	0.243	0.277	0.75	0.473	0.447	0.496	0.486
"c170223_g1_i1"	0	0	0	0.133	0	0	0	0	0.148	0.14	0.294	0	0	0	0	0	0	0	0	0.123	0	0	0	0	0	0.297	0	0	0.151	0	0	0.162	0	0	0	0	0
"c133848_g1_i1"	0.32	1.027	0.904	0.692	1.693	0.316	0	0.484	0.159	0.933	1.877	0.613	0.188	0.398	0.826	0	0.6	0.575	0.959	1.209	0.738	0.394	1.299	0.851	0.344	1.267	0	0.514	0.162	0.889	0.476	0.531	1.155	0.296	0	0.548	0.306
"c108796_g1_i1"	0.148	0	0.136	0.213	0.116	0.112	0.057	0	0	0.06	0	0.293	0.21	0	0.154	0.236	0.165	0.214	0.358	0.053	0.108	0.096	0.157	0.129	0.384	0.403	0.265	0.383	0.184	0.454	0.36	0.208	0.306	0.059	0	0.104	0.116
"c72913_g1_i1"	0.041	0	0.056	0	0	0	0.134	0	0.042	0.04	0.313	0	0	0	0.081	0	0	0	0.116	0.114	0	0	0.037	0.054	0	0.048	0.055	0	0	0.04	0	0.046	0.089	0.089	0.145	0	0.137
"c28222_g1_i2"	0	0	0	0	0	0	0	0	0	0	0	0	0	0	0	0	0	0	0	0	0	0	0	0	0	1.295	0	0	0	0	0	0	0	0	0	0	0
"c156165_g1_i1"	0	0	0	0	0	0	0	0.398	0	0	0	0	0	0	0	0	0	0	0	0	0	0	0	0	0	0	0	0	0	0	0	0	0	0	0	0	0
"c141505_g1_i1"	1.09	0.203	0.102	0.195	0.116	0.153	0.277	0.097	0.191	0.06	0.123	0.359	0	0.199	1.077	0.245	0.383	0.226	0.416	1.042	0.148	0.858	0.617	0.065	0.303	0.115	0.033	0.836	0.097	0.504	0.127	0.139	0.444	0.276	0.033	1.617	0.032
"c146578_g1_i2"	0.098	0.086	0.056	0.071	0.126	0.031	0.076	0	0.032	0.03	0.028	0.104	0.122	0.035	0.113	0.132	0.078	0.034	0.196	0.07	0.03	0.07	0.092	0.119	0.111	0.077	0.122	0.06	0	0.049	0.032	0.058	0.03	0.03	0	0.07	0.084
"c176353_g1_i1"	0	0	0	0	0	0	0	0	0	0	0	0	0	0	0	0.443	0	0	0	0	0	0	0.396	0	0	0	0	0	0	0	0	0	0	0	0.458	0	0
"c57757_g1_i2"	0.213	0.567	0	1.322	0	1.601	0.994	0	1.049	0.522	0	0	0	0	0	0	1.035	0	0	0	0	0	0	1.045	0	0	0	0.584	0	0	0	0.543	0	0	0	0.913	1.457
"c144991_g2_i2"	10.126	16.523	15.6	9.404	13.775	15.658	14.619	16.726	15.902	14.879	9.611	10.785	13.888	15.782	9.818	14.139	10.782	17.084	15.365	10.668	15.793	11.089	12.316	17.878	15.66	15.757	16.957	11.086	17.874	11.556	16.134	15.721	14.198	16.858	20.77	12.979	14.687
"c138300_g1_i1"	54.137	64.38	59.679	43.091	48.127	58.683	56.115	69.366	55.29	67.371	50.301	49.181	68.224	60.341	54.953	50.204	53.147	64.412	63.101	61.346	50.28	38.164	48.989	52.137	57.013	67.239	50.396	56.145	65.532	45.603	53.431	57.788	52.152	48.949	68.428	48.658	59.193
"c137801_g1_i7"	1.082	0.974	0.983	1.047	0.948	1.275	1.223	0.925	0.848	1.033	1.517	1	1.196	1.499	0.988	0.961	1.052	0.744	1.051	0.823	0.964	1.183	0.921	1.423	1.788	0.95	1.25	1.128	1.048	0.998	1.387	1.063	0.928	0.857	1.385	1.061	1.563
"c137271_g1_i1"	0.172	0	0	0.506	0.281	0	0.143	0	0.148	0.14	0.701	0.415	0	0.539	0.251	0.283	0.539	0.169	0.347	0	0.138	0	0.525	0	0.152	0.288	0.155	0.312	0.14	0.267	0.286	0.162	0.296	0	0.313	0.617	0.285
"c115602_g4_i1"	0	0	0	0	0	0	0	0	0	0	0	0	0	0	0	0	0	0	0	0	0	0	0	0	0	0	0	0	0	0	0	0	0	0	0	0	0
"c133777_g1_i2"	31.311	50.736	37.007	51.404	48.214	35.11	43.961	48.101	42.747	39.881	49.495	51.389	49.274	35.17	44.673	49.468	48.39	41.577	39.868	46.605	42.787	36.439	39.924	36.985	39.999	39.871	34.456	45.975	36.905	43.667	37.974	40.162	46.386	51.895	32.673	35.322	54.04
"c132130_g3_i1"	2.222	0.985	0.52	3.575	2.892	0.683	2.427	2.119	0.943	3.16	2.464	2.406	1.351	1.136	2.38	2.988	1.313	1.68	1.098	4.029	0.639	2.093	0.838	1.455	1.485	0.94	1.261	0.745	1.146	2.766	2.022	1.756	2.636	1.281	0.748	1.191	1.552
"c48587_g2_i1"	0	0	0	0	0	0	0	0	0	0	0	0	0	0	0	0	0	0	0	0	0	0	0	0	0	0	0	0	0	0	0	2.83	0	0	0	0	0
"c149514_g1_i1"	0	0	0.915	0	0.784	0	0	0.817	0	0	0	0	0	0	0	0	0	0	0	0	0	0	0	0	0	0	0	0	0	0	0	0	0	1.32	0	0	0
"c105458_g1_i1"	0.033	0.086	0	0	0	0.082	0	0	0	0	0	0	0	0	0.219	0.085	0.078	0.101	0.104	0	0.236	0.35	0	0	0.091	0.163	0.188	0.272	0.173	0	0	0.289	0	0.158	0.19	0	0
"c60157_g1_i1"	5.034	21.296	5.467	1.828	24.523	6.151	5.236	3.689	1.091	2.388	1.081	6.199	10.455	27.899	21.903	8.05	9.826	10.713	7.994	7.839	9.096	1.857	6.015	3.093	15.054	32.914	10.353	16.412	7.63	2.993	0	2.172	17.111	0.916	2.524	4.008	4.868
"c162131_g1_i1"	0	0	0	0	0	0	0	0	0	0	0.844	0	0	0	0	0	0	0	1.04	0	0	0.718	0	0	0	0	0	0	0.854	0	0	0	0	0	0	0	0
"c116938_g1_i2"	0.115	0.054	0.271	0.044	0	0.143	0	0.054	0.053	0.09	0.047	0.094	0	0	0.081	0.094	0.043	0.056	0	0.044	0.049	0.123	0	0	0.152	0.182	0.055	0	0.292	0.138	0	0.058	0.049	0	0.056	0.043	0.148
"c169698_g1_i1"	0	0	0.971	0	0	0	0	0.441	0	0	0	0	0	0	0	0	0	0	0	0	0	0	0	0	0	0	0	0	0	0	0	0	0	0.384	0	0	0.401
"c123139_g1_i1"	0.123	0	0	0.089	0.193	0.092	0.287	0.097	0.106	0	0.294	0	0	0.117	0	0	0.278	0.237	0	0.166	0.187	0.412	0	0	0	0.096	0.221	0	0.097	0	0	0.219	0.197	0.187	0	0	0
"c146370_g1_i5"	3.271	6.164	4.089	2.573	3.366	4.458	3.44	4.743	5.233	4.545	2.483	3.84	3.4	2.178	2.704	4.289	1.626	5.334	2.646	1.822	1.888	3.004	2.8	5.41	3.637	6.612	3.927	3.504	3.566	2.321	4.319	3.523	3.318	3.094	4.5	3.104	2.038
"c29508_g1_i1"	0.139	0	0	0	0	0	0	0	0	0	0	0	0	0	0	0	0	0	0	0.289	0	0	0	0	0	0	0	0	0.346	0	0.339	0	0	0	0	0	0
"c131033_g1_i2"	0.057	0.642	0.169	0.133	0.145	0.153	0	0.151	0	0	0.294	0	0	0.562	0	0.302	0	0.541	0.358	0.254	0.138	0.123	0.405	0.162	0.323	0.595	0.166	0.322	0	0.138	0.148	0	0	0.138	0	0.261	0
"c115266_g2_i1"	0	0	0.915	0.639	1.557	1.622	2.914	0	0	3.18	2.976	1.434	0.975	0	0.696	1.716	1.591	0	0	5.544	0	0	4.652	1.487	3.395	1.046	0	1.792	0.756	1.393	1.397	3.119	0	0	1.708	1.356	3.484
"c103906_g1_i1"	0.115	0	0	0	0	0	0	0	0	0	0	0	0	0	0	0.283	0	0	0	0.236	0.266	0	0	0.593	0.303	0	0	0.936	0	0	0	0	0	0	0.313	0	0
"c66294_g1_i1"	0	0	0	0	0	0	0	0	0	0	0	0	0	0	0	0	0	0	0	0	0	0	0	0	0	0	0	0	0	0	0	0	0	0	0	0	0
"c172222_g1_i1"	0.074	0.203	0	0	0	0.184	0	0	0	0	0	0.179	0	0.234	0.162	0.377	0	0	0.22	0	0	0.464	0.175	0	0.202	0	0	0.201	0	0	0.18	0	0	0	0	0	0.359
"c146671_g2_i1"	0.205	0	0	0.452	0.832	0.173	0.334	0.355	0.53	0.171	0.844	0.821	0.609	0	0.299	0.339	0	0.417	0	0	0.315	0.14	0.783	0	0	0	0.575	0.181	0.173	0.158	0.678	0.381	0.355	0	0	0.591	0
"c130231_g1_i1"	0.328	0.364	0.689	0.302	0.329	0.337	0.392	0.549	0.773	0.331	0.597	0.264	0.155	0.597	0.113	0.264	0.252	0.327	0.162	1.042	0.256	0.28	0.368	0.517	0.293	0.653	0.31	0.141	0.616	0.257	0.413	0.462	0.415	0.394	0.145	0.113	0.401
"c139391_g3_i2"	3.034	5.383	2.282	5.297	12.866	3.529	2.274	3.431	5.202	0.552	9.895	10.974	5.881	10.162	1.449	7.824	5.469	5.807	7.14	2.47	3.648	8.199	5.057	3.739	6.991	10.508	6.382	13.14	5.187	4.297	8.152	4.62	1.955	8.079	3.774	3.382	6.705
"c142924_g6_i1"	0.221	0.31	0.407	0.577	0.3	0.173	0.268	0.387	0.466	0.221	0.758	0.547	0.233	0.258	0.194	0.377	0.104	0.293	0.104	0.464	0.256	0.298	0.258	0.129	0.293	0.509	0.465	0.292	0.162	0.296	0.116	0.254	0.138	0.217	0.246	0.113	0.655
"c82053_g1_i1"	0	0.471	0	0	0.435	0	0	0	0.445	0	0	0	0	0	0	0.452	0	0.553	0	0	0	0	0	0	0.475	0	0	0	0.432	0.405	0	0	0	0	0	0	0
"c160399_g1_i1"	0	0	0	0	0.88	0	0	0	0	0	0	0	0	0	0	0	0	0.372	0	0	0	0	0	0	0	0	0	0	0	0.277	0.286	0	0.316	0	0	0	0
"c179559_g1_i1"	0	0	0	0	0	0	0	0	0	0	0	0	0	0	0	0	0	0	0	0.955	0	0	0	0	0	0	0.63	0	0	0	0	0	0	0	0	0	0
"c116447_g2_i1"	0	0	0.35	0	0	0	0	0	0	0	0.597	0	0	0	0.267	0	0.296	0	0	0.254	0	0	0	0.323	0	0	0	0.342	0	0	0	0.67	0	0	0	0	0
"c142700_g2_i1"	13.782	7.748	7.851	13.814	6.839	14.852	13.74	7.196	3.125	7.314	3.697	11.191	9.004	4.976	7.099	7.88	2.652	10.916	16.867	12.648	2.242	8.094	7.001	15.13	10.75	10.162	15.099	15.969	6.743	5.907	6.68	7.242	7.385	2.049	8.9	8.433	4.509
"c138090_g1_i1"	0.41	0.364	0.226	0.177	0.068	0.53	0.268	0.559	0	0.401	0.199	0.396	0.233	0.258	0.469	0.198	0.13	0.327	0.416	0.289	0.315	0.736	0.184	0.075	0.152	0.134	0.465	0.292	0.14	0.444	0	0.15	0.484	0.128	0	0.174	0.338
"c121942_g1_i1"	0.402	0	0	0.195	0	0.112	0	0.226	0	0	0	0.208	0.521	0	0.097	0.113	0.104	0	0	0.464	0	0.088	0.203	0	0.121	0.106	0.365	0	0.108	0.415	0.106	0.127	0.109	0	0.123	0.191	0
"c134072_g1_i4"	1.148	5.126	5.253	2.848	5.688	0.265	0.669	5.464	0.678	0.462	4.36	1.793	0.554	4.765	0.356	4.76	1.191	4.781	3.859	4.011	5.831	2.444	2.985	0.754	5.526	0.787	6.36	2.9	7.586	0.928	4.383	0.3	2.419	4.552	0.514	0.695	5.163
"c116016_g1_i1"	0.303	0.3	0.316	0.08	0.271	0.275	0.64	0.387	0.191	0.181	0.739	0.632	0.332	0.585	0.567	0.283	0.087	0.564	0.231	0.079	0.875	0.315	0.258	0.819	0.505	0.547	1.062	0.604	0.195	0.356	0.286	0.531	0.099	0.266	0.413	0.165	0.465
"c178287_g1_i1"	0	0	0	0	0.3	0	0	0	0	0	0	0.293	0	0.386	0	0	0	0.383	0	0	0	0	0	0.323	0	0.326	0.343	0	0	0.286	0	0	0	0	0	0.269	0
"c136309_g1_i1"	0	0	1.367	0	0	0	0	0	0	0	0	0	0	0	0	0	0	0	0	0	0	0	0	0	0	0	0	0	0	0	0	0	0	0	0	0	0
"c103883_g1_i1"	0.607	0	0	0	0	0	0	0	0	0	0	0	0	0	0	0	0	0	0	0	0	0	0	0	0	0	0	0	0	0	1.228	0	0	0	0	0	0
"c126418_g1_i1"	0.164	0	0	0.355	0	0	0	0	0	0	0	0	0.487	0	0	0	0	0	0	0	0	0	0	0	0.222	0.422	0	0	0	0.188	0	0	0	0	0	0	0
"c137899_g5_i1"	0.328	0	0.373	0.142	0.474	0.643	0.315	0	0.667	0.321	0.161	0.774	0.952	0.199	0.704	0.641	0	0.192	0.196	0.14	0.148	1.077	0.147	0.172	0.697	0.326	0.542	0.352	0.486	0.148	0.318	0.185	0	1.379	0.536	0.139	0.475
"c121437_g1_i1"	0	0.118	0.26	0.098	0	0	0	0	0	0	0	0.113	0	0	0.097	0	0	0	0	0	0	0.184	0	0	0	0	0	0	0.227	0.109	0	0	0	0	0	0	0
"c139267_g2_i2"	0.721	1.166	1.548	1.074	0.532	0.541	0.793	1.119	0.985	0.933	1.071	1.84	2.082	1.194	1.295	1.489	1.67	0.823	1.479	1.62	0.885	1.025	0.497	3.082	1.475	1.084	0.454	1.47	1.372	0.77	0.54	0.45	1.412	1.813	1.195	1.53	0.539
"c107230_g1_i1"	20.021	55.38	45.581	23.094	29.041	41.699	38.477	51.425	41.825	52.622	27.601	26.185	55.133	46.959	16.423	36.14	21.886	29.623	36.114	30.515	48.323	36.754	37.253	55.553	31.613	52.106	60.97	39.762	62.15	46.985	62.144	52.29	35.022	44.289	53.655	26.767	41.781
"c96737_g1_i1"	2.246	0	0	0	5.998	0	0	2.108	0	0	0	3.265	5.316	0	1.789	0	0	0	0	2.671	1.613	0	0	3.039	2.091	0	0	0	0	1.57	0	1.617	0	1.36	0	0	0
"c110871_g2_i1"	0	0	0	0	0	0	0	1.786	0	0	0	0	0	1.967	0	2.074	0	0	0	0	0	0	0	0	0	0	0	0	0	0	1.302	0	0	0	0	0	0
"c130834_g1_i1"	6.321	5.287	4.247	7.861	8.397	6.304	3.268	7.164	5.466	6.973	4.407	7.634	8.982	6.638	5.31	6.57	8.261	5.977	7.012	5.203	7.238	7.743	7.904	5.787	6.052	6.362	6.637	6.696	4.15	5.788	4.298	6.457	7.326	5.665	7.493	6.068	6.145
"c127090_g1_i1"	12.29	9.995	11.952	12.004	10.573	13.393	15.87	13.918	10.266	10.946	11.175	10.266	9.192	12.597	14.529	11.472	15.4	16.667	14.73	15.372	11.23	12.245	9.442	12.016	12.033	9.039	10.276	11.881	10.99	12.06	12.905	11.932	12.747	11.676	10.563	10.354	12.132
"c115654_g1_i1"	0.205	0	0.237	0.062	0.339	0.275	0.487	0.215	0.371	0.411	0.142	0	0.244	0.094	0.065	0.141	0.13	0.259	0.173	0.359	0.128	0	0.064	0.313	0	0.202	0.077	0.081	0.14	0.267	0	0.162	0.217	0.276	0.156	0.061	0.137
"c60480_g1_i1"	0	0	0	0.248	0	0	0	0	0	0	0	0	0	0	0	0	0.548	0.35	0.335	0.236	0	0.237	0.267	0	0	0	0	0	0	0.267	0	0.612	0.602	0.266	0	0	0
"c163420_g1_i1"	0	0	0	1.171	0	0	0	0	0	0	0.682	0	0	0	0	0	0	0	0	0	0	0	0	0	0	0	0	0	0	0	0	0	0	0	0	0	0
"c154967_g1_i1"	0	0	0	0	1.054	0	0	0	0	1.084	0	0	0	0	0	0	0	0	0	0	0	0	0	0	0	0	0	0	0	0	0.9	0	0	0	0	0	0
"c124445_g1_i1"	14.274	13.869	13.928	16.342	15.41	12.587	16.138	13.026	13.931	11.478	16.085	16.513	13.877	14.108	18.309	14.262	14.574	15.765	14.221	18.349	12.794	16.774	12.86	10.507	14.104	10.114	10.088	14.932	12.136	14.727	12.873	13.341	14.791	12.415	12.607	16.466	15.162
"c96212_g1_i1"	0.344	0	0	0	0	0.908	0	0.914	0	0	0	0	0	0	0.777	0	0.896	0	4.078	0.674	0.777	0	0.875	0	3.779	0	0	0	0	1.541	0	2.576	0	0	0.949	1.513	1.531
"c143505_g1_i1"	1.951	1.359	1.197	1.544	1.857	1.571	2.733	1.786	1.78	2.558	2.806	1.095	1.229	1.639	3.659	0.99	1.191	2.402	2.819	2.409	1.259	1.857	1.824	1.875	2.475	2.284	1.77	2.225	1.037	3.299	2.064	1.987	1.521	1.902	1.15	1.321	1.088
"c139528_g1_i1"	0.328	0.417	0.407	0.399	0.31	0.918	0.411	0.495	0.307	0.853	0.863	0.434	0.222	0.199	0.526	0.377	0.513	0.812	0.427	0.718	0.364	0.464	0.405	0.711	0.525	0.71	0.365	0.453	0.562	1.007	0.201	0.474	0.523	0.69	0.636	0.617	0.422
"c125431_g2_i1"	2.525	5.993	5.614	4.01	3.724	0.775	2.264	4.313	5.159	5.057	3.592	2.453	8.351	1.323	2.048	4.336	3.304	5.074	2.934	2.987	3.707	1.988	2.469	5.884	6.203	5.355	1.195	6.011	3.372	1.896	2.985	3.28	6.181	2.444	4.601	1.6	6.927
"c131065_g1_i2"	2.697	2.793	5.072	3.762	4.643	3.835	4.08	5.862	3.517	3.923	2.351	4.275	4.851	3.337	3.537	5.184	3.591	3.214	3.801	2.356	5.33	4.476	2.966	4.44	3.213	4.664	4.535	2.004	5.695	4.139	4.309	4.02	3.703	5.33	6.555	2.078	5.195
"c63667_g1_i1"	9.765	20.065	6.303	5.527	11.057	7.661	4.701	8.831	8.412	10.013	10.142	14.248	9.846	13.288	11.194	13.065	15.617	18.437	12.454	8.908	14.672	16.739	13.072	16.876	21.176	13.665	8.716	11.428	13.422	7.921	8.586	6.284	13.329	15.174	11.691	13.249	7.307
"c132890_g1_i1"	0.057	0.075	0	0.186	0.068	0	0	0	0.148	0.14	0	0.066	0.078	0	0	0.066	0.07	0	0	0.061	0.128	0	0	0	0	0	0.077	0	0	0.069	0	0	0	0	0.156	0.122	0
"c127819_g1_i1"	0	0	0	0	0	0	0	0	0	0	0	0	0	0	0	0	0	0	0	0	0	0	0	0	0	0	0	0	0	0	0	0	0	0	0	0	0
"c16394_g1_i1"	0	1.092	0	0	0	0	0	0	0	0	0	0	0	1.218	0	0	0	1.308	0	0.771	0	0	0	0	0	0	0	0	0.962	0	0	0	0	0.818	0	0	0
"c163281_g1_i1"	0	0	0	0	0	0	0	0	0	0	0	0	0	0	0	0	0	0	0	0	0	0	0	0	0	0	0	0	0.8	0	0	0	0.958	0	0	0	0
"c94246_g1_i1"	0	0	0	0	0	0	0	0	0	0	2.009	0	0	0	0	0	0	0	0	0.815	0	0	0	0	0	0	0	0	0	0	0	0	0	0	0	0	0
"c144774_g1_i3"	1.345	0.599	0.813	1.384	1.432	1.428	2.456	2.162	2.246	1.405	1.877	1.444	0.986	0.995	1.319	1.273	1.409	1.624	0.809	0.464	1.229	0.578	1.677	1.185	1.02	1.555	0.465	1.51	1.556	1.353	1.821	1.398	1.846	2.079	1.228	0.661	0.053
"c131646_g1_i1"	0	0.096	0	0	0.184	0	0	0.194	0.095	0	0	0.179	0	0.351	0.081	0	0	0	0	0.245	0	0.158	0.083	0.097	0	0	0	0	0.097	0.178	0.095	0.104	0.099	0	0	0	0
"c99667_g1_i1"	0.041	0	0.113	0	0	0	0	0.097	0.095	0.191	0	0	0	0	0	0	0.357	0	0	0.166	0	0	0	0.313	0.101	0	0.431	0.201	0	0.356	0.095	0.323	0	0.365	0	0	0.285
"c85168_g1_i1"	0.197	0	0.407	0.523	0.58	0	0	0	0.371	0.592	0.351	0.113	0.565	0.152	0	0.236	0.452	0	0	0	0.452	0	0.111	0.647	0.384	0.115	0	0.131	0.367	0.336	0	0	1.116	0.68	0.391	0.417	0
"c179898_g1_i1"	0	0	0	0	0	0	2.503	0	0	0	0	0	0	0	0	0	0	0	0	0	0	0	0	0	1.526	0	0	0	0	0	0	0	0	0	0	0	0
"c128096_g1_i1"	40.379	64.915	52.348	48.618	54.212	41.251	33.126	52.683	47.758	59.074	51.628	47.869	63.284	62.414	55.325	50.722	49.155	69.317	55.361	53.778	47.959	37.98	47.487	39.324	49.597	40.044	42.044	48.009	58.173	56.783	42.251	53.584	47.729	55.61	55.966	43.598	54.198
"c74059_g1_i1"	0.189	0.514	0.554	0	0	0	0	0	0	0	0	0	0	0.585	0.834	0.5	0	0.598	0	0	0	0	0.903	0	0	1.641	0	0	0	0	0	0	0.523	0	0	0	0.443
"c176257_g1_i1"	0	0.193	0	0.311	0	0	0	0.183	0.18	0	0	0	0	0	0	0	0	0	0.22	0	0	0	0.322	0	0	0	0.199	0	0	0	0.18	0	0.188	0	0	0	0
"c133020_g2_i1"	0.082	0.214	0.113	0.621	0	0.102	0.096	0.312	0.212	0	0.104	0.094	0	0	0	0.396	0	0	0.37	0.429	0.285	0.342	0.461	0	0.111	0	0.343	0.111	0.097	0.286	0.307	0.231	0.109	0.099	0	0.087	0.095
"c122918_g1_i2"	0	0	0	0	0	0.551	0	0	0.54	0.542	0	0.51	0.665	1.335	0.478	0	0	0	0	0	0	0	0.525	0	0	0	0	0	0	0	0	0	0	0	0	0	1.003
"c171500_g1_i1"	0	0	0	0	0	0	0	0	0	0	2.028	0	0	0	0	0	0	0	5.06	0	0	0	0	0	0	0	0	0	0	0	0	0	0	0	0	0	0
"c136528_g1_i7"	0.525	0.492	0.666	0.665	0.522	0.734	0.869	0.516	0.752	0.582	0.739	0.623	0.62	0.468	0.397	0.396	0.678	0.609	0.589	0.464	0.433	0.99	0.626	0.442	0.758	0.432	0.575	0.574	0.573	0.484	0.572	0.462	0.494	0.571	0.67	0.443	0.486
"c110286_g1_i1"	0.246	0.161	0.169	0	0	0	0	0	0.159	0.451	0.303	0.142	0	0.187	0.13	0.302	0	0.18	0.185	0.254	0	0	0.276	0.323	0.333	0	0.343	0	0.303	0.286	0.148	0	0	0	0.167	0	0.148
"c9982_g1_i1"	0	1.52	0	0	0	3.04	0	0	0	0	0	0	0	0	0	0	0	1.894	0	0	0	1.112	0	0	0	0	0	0	1.297	0	0	0	0	0	0	0	0
"c91952_g2_i1"	0.631	0	0	0.266	0	0	0	0	0	0	0	0	0	0.386	0	0.32	0.304	0	0.381	0.263	0	0	0.295	0	0	0	0	0	0.313	0	0	0.335	0	0	0	0	0
"c100872_g1_i1"	0	0	0	0.142	0	0	0	0	0	0	0	0	0	0	0	0	0.148	0	0	0.272	0	0.131	0.147	0	0	0	0	0.342	0	0	0	0	0	0	0.179	0	0
"c126486_g1_i1"	0.336	0.086	0.09	0.071	0	0.326	0.162	0.086	0.17	0.321	0.085	0.075	0	0.199	0.138	0.16	0.235	0.203	0.104	0.14	0.305	0.342	0.074	0.086	0.354	0.24	0	0.262	0.162	0.612	0.498	0	0.168	0.079	0.179	0.139	0.158
"c144532_g1_i10"	3.534	3.05	2.056	4.72	2.912	3.631	3.602	5.045	6.272	8.127	5.507	5.775	4.441	7.669	5.488	1.838	2.661	4.375	5.291	4.476	6.913	5.799	5.628	3.793	4.173	6.429	10.774	3.907	3.512	2.143	7.178	6.237	2.607	3.833	1.865	0.93	5.026
"c5960_g1_i1"	0	0	0	0	0	0	0	0	0	0	0	0	0	0	0	0	0.383	0	0	0	0	0	0	0	0	0.432	0	0	0	0	0	0	0.425	0	0	0	0
"c15038_g1_i1"	0	0	0	0	0	0	0	0	0	2.167	0	0	0	4.718	1.87	0	2.348	0	0	0	1.672	0	0	0	0	0	0	2.558	1.794	0	0	0	0	0	2.189	0	0
"c131555_g2_i2"	1.181	1.488	0.836	1.801	0.88	1.867	1.519	1.42	2.797	2.077	1.971	1.595	1.462	1.943	1.117	1.273	1.296	0.733	1.051	1.594	1.013	1.305	1.437	0.614	2.011	1.9	1.471	2.135	2.107	2.696	2.287	1.328	0.839	1.458	0.759	0.6	3.147
"c89462_g1_i2"	14.643	15.303	3.321	5.323	15.12	13.832	58.102	1.99	0	1.926	14.217	0	9.558	1.147	19.402	4.232	1.956	2.447	6.585	34.947	1.672	4.581	4.772	0.873	14.326	0	0	0	3.609	18.233	8.236	18.331	20.142	26.327	8.23	4.086	7.37
"c122820_g1_i7"	0.377	0.663	0	0.532	0.3	0	0	0.323	2.214	0	0	0.585	1.108	0.386	0	0.943	0	0.383	0.739	0	0.285	0.254	0.866	0.323	1.344	0	0	0	0.313	0	0	1.005	0.326	0.286	0.335	2.147	0
"c122618_g4_i1"	8.527	3.713	2.994	9.014	2.747	9.558	7.73	6.389	0	4.003	14.521	2.859	4.031	6.72	2.631	5.015	9.443	3.8	2.634	3.635	5.674	2.943	8.558	3.233	9.942	3.512	2.81	4.722	6.927	5.669	6.183	0	12.135	4.335	0	0.087	3.083
"c118996_g1_i3"	0.172	1.145	0.971	0	0.832	0.214	0.411	1.538	0.222	0.421	0.417	0.406	0.753	1.065	0.186	1.499	0.409	0.778	0.508	0.718	0.993	0.71	0.59	0.905	0	0.441	0.951	0	0.854	0	1.683	1.652	0.898	1.202	1.396	0.739	0.412
"c143696_g2_i1"	0.361	0	0	0	0	0	0	0	0	0	0	0	0	0	0.397	0.943	0	0.564	0	0.368	0	0	0	0	0	0	0	1.007	0	0.415	0	0	0.494	0	0	0	0
"c147032_g4_i2"	27.925	35.925	33.37	36.81	29.166	33.417	35.018	38.227	38.361	42.57	36.633	41.339	38.896	38.553	37.598	44.718	36.182	36.322	36.622	27.283	27.938	45.566	39.528	40.434	43.222	41.215	37.752	42.441	33.371	37.958	35.179	35.669	40.018	33.943	30.373	27.88	34.644
"c143655_g1_i7"	0.205	0.182	0	0.151	0.745	0	0.334	0.355	0.18	0.421	0	0.5	0.299	0.316	0.073	0.085	0.157	0.203	0.208	0.289	0	0.289	0.461	0	0.182	0	0.1	0.373	0.346	0	0.085	0.092	0.178	0.168	0	0	0
"c113453_g3_i1"	0	0	0	0	0	0	0	0	0	0	0	0	0	0	0	0	0	0	0	0	0	0	0	0	0	0	0	0	0	0	0	0	0	0	0	0	0
"c96401_g1_i1"	0.812	0	0	0	0	0	0	0	0	0	0	0	0	0	0	0	0	0	2.322	0	0	0	0	0	0	0	0	0	0	0	0	0	0	0	0	0	0
"c69315_g1_i1"	0	0.107	0.113	0.089	0	0	0	0.108	0.212	0	0	0.198	0	0	0	0.104	0	0	0	0	0	0	0	0.108	0	0.202	0.232	0.222	0.108	0	0	0	0	0	0.112	0	0.106
"c28294_g1_i1"	0.32	0	0.926	0	0	0	0	0	0	0	0	0	0	0	0.712	0	0	0	0	0	2.134	0.648	0	0	0	0	0.83	0	0	0	0	0	0	0	0	0	0
"c26504_g1_i1"	0	0.3	0	0	0.551	0	0	0.29	0	0	0	0.274	0	0.702	0	0	0	0	0	0	0	0.237	0	0	0	0.297	0	0	0	0.267	0	0	0	0.266	0	0	0
"c140831_g5_i1"	0.336	0.107	0.35	1.925	0.803	0.408	1.118	0.742	1.398	0.311	0.72	1.302	0.122	0.913	1.344	0.311	0.591	0.631	0.624	0.622	0.875	0.175	0.47	0.453	0.677	0.403	0.929	1.238	1.156	2.252	0.836	0.936	0.968	1.685	0.335	0.452	1.13
"c140373_g3_i1"	0.279	0.396	0.35	0.488	0.6	0.663	0.363	0.376	0.9	0.361	0.607	0.594	0.21	0.621	0.372	0.424	0.461	0.598	0.52	0.683	1.151	0.307	0.332	0.41	0.869	0.768	1.04	0.201	0.378	0.405	0.752	0.416	0.563	0.591	0.335	0.374	0.306
"c119168_g1_i1"	8.109	12.542	6.1	5.004	7.826	1.377	20.781	5.486	10.806	2.669	14.255	7.964	10.09	10.806	9.317	16.75	8.313	1.725	10.317	13.357	12.263	17.431	4.081	19.053	15.347	4.692	21.426	6.152	10.807	10.993	18.093	17.753	12.984	7.981	7.001	3.338	12.766
"c115084_g1_i2"	1.205	1.209	3.378	1.624	1.993	2.734	2.694	1.474	4.471	1.615	2.531	1.283	1.562	0.901	1.773	2.13	2.322	0.992	1.363	1.577	0.767	1.112	0.838	2.112	1.445	3.714	2.08	1.661	1.556	1.254	2.266	1.733	1.481	1.271	1.34	0.8	2.429
"c71939_g1_i1"	0	0	0	0	0	0	0	0	0	0.271	0	0	0	0	0	0	0	0	0	0.228	0	0	0	0	0	0	0	0	0.27	0.257	0	0.889	0	0	0	0	0
"c178304_g1_i1"	0	0	0	0	0	0	0	0	0	0	0	0	0	0	0	0	11.148	0	0	0	0	0	0	0	8.557	0	0	0	0	0	0	0	0	0	0	0	0
"c133315_g1_i1"	0.287	0.193	0.102	0.16	0	0.173	0.172	0.086	0.371	0.171	0.351	0.255	0.1	0.117	0.389	0.443	0.339	0.214	0.323	0.149	0.079	0	0.479	0.097	0.101	0.777	0.1	0.383	0.086	0.079	0.265	0.196	0.188	0.256	0	0.235	0.084
"c113178_g1_i2"	2.148	2.301	2.519	1.286	1.635	3.478	3.44	1.258	1.515	2.177	3.336	1.33	2.06	2.587	0.397	1.508	0.861	1.387	3.524	4.458	2.006	1.288	1.382	2.252	1.738	4.155	3.108	2.89	4.117	1.59	4.171	0.693	2.597	1.399	4.02	0.661	1.288
"c110596_g1_i1"	0.295	0.193	0	0.47	0.174	0.173	0.344	0.925	0	0	0.18	0.519	0	0.222	0.469	0.358	0.339	0	0.647	0	0	0	0.332	0.194	0.192	0.182	0.199	0.584	0	0	0	0.196	0.188	0.168	0.201	0.626	0.18
"c147107_g3_i1"	0.795	0.46	0.35	0.328	0.59	0.184	0.659	0.506	0.509	0.301	0.55	0.302	0.498	0.152	0.793	0.66	0.461	0.293	0.22	0.315	0.285	0.464	0.332	0.399	0.263	0.355	0.553	0.201	0.746	0.642	0.561	0.277	0.128	0.414	0.871	0.695	0.486
"c139757_g2_i6"	0.443	0	0.418	0.311	0	0	0	0	0	0	0	0	0.875	0.913	0	0	0.357	0	0	0	0	0	0	0	0	0.403	0	0	0	0.336	0	0	0	0	1.206	0	0
"c179828_g1_i1"	0	0	0	0	0.551	0	0	0	0	0	0	0.519	0	0	0	0	0	0.699	0	0	0	0	0	0	0	0	0	0	0.551	0	0	0	0	0	0	0	0
"c112721_g1_i1"	0	0	0	0	0	0	5.695	0	0	3.672	0	0	0	0	0	0	0	0	3.477	0	3.668	0	3.298	4.893	2.687	0	4.303	0	4.171	0	2.498	2.911	5.016	4.483	0	0	5.11
"c138682_g2_i1"	0.23	0.375	0.26	0.204	0.281	0.224	0.506	0.172	0.657	0.512	0.682	0.33	0.332	0.211	0.397	0.226	0.435	0.282	0.069	0.149	0.157	0.289	0.359	0.194	0.313	0.336	0.52	0.373	0.054	0.217	0.349	0.52	0.415	0.778	0.313	0.148	0.169
"c114937_g1_i1"	0.066	0.546	0	0.151	0.164	0	0	0.355	0.35	0	0.171	0.16	0	0	0.299	0	0.165	0	0.612	0	0	0.14	0	0.366	0	0.345	0.188	0.373	0.173	0	1.016	0	0	0.325	0	0	0.169
"c40944_g1_i1"	0.107	0	0	1.109	0.252	0	0.497	0	0	0	1.753	0	0.31	0	0.89	0	0	0	0	0	0	0.429	0	0	0	0	0.288	0	0	0	0	0.554	0	0	0.279	0.669	0
"c160334_g1_i1"	0.935	0	0	0	0	0	0	1.258	0	0	0	0	0	0	1.068	0	0	0	0	0	0	0	0	1.056	0	0	1.173	1.41	0	0	0	0	0	0	0	0	0
"c102085_g1_i1"	0.664	0	0	1.056	0.406	0	0.783	0.43	0	0	0.398	0.387	0.498	1.534	0	0	0.4	0.507	0.497	0	0.374	0	0.387	0.42	0	0.461	0.442	1.833	0.411	0.761	0	0	0.889	0.374	0	1.069	0
"c122485_g2_i1"	0	0	0	0.186	0.203	0	0.105	0	0.106	0.211	0.104	0.104	0	0	0	0	0	0	0	0.368	0.197	0	0.101	0.119	0	0	0	0.111	0.216	0	0.212	0.116	0	0.099	0	0.183	0
"c176404_g1_i1"	0	0	0	1.632	0	0	0	0	0	0	0	0	0	0	0	0	0	0	0	0	0	0	0	0	0	0	0	0	0	0	0	0	0	0	0	0	0
"c48896_g1_i1"	0	0	0	0	0	0	0	0	0	0	0.218	0	0	0	0	0	0	0	0	0	0	0	0	0	0	0	0	0	0.454	0.316	0	0.37	0	0.424	0.123	0	0
"c142271_g2_i1"	0	0	0	0	0	0	0	0	0	0	0	0	0	0	0	0	0	0	0	0	0	0	0	0	0	0	0	0	0	0	0	0	0	0	0	0	0
"c165105_g1_i1"	0	0	0.689	0	0	0	0	0	0	0	0	0	0	0	0	1.254	0	0	0	0	0	0	0	0	0	0	0	0	0	0	0	0	0	0	0	0	0
"c77298_g1_i1"	0	0	0	0	0	0	0	0	0	0	1.867	0	0	0	0	0	0	0	0	0	0	0	0	0	0	0	0	0	0	0.583	0	0	0	0	0	0	0
"c13592_g1_i1"	0	0	0	0	0	0	0	0	0	0	0	0	0	0	0	0	0	0	0	0	0	0	0	0	0	0	0	0	0	0	0	1.975	0	0	0	2.191	0
"c61657_g1_i1"	0	0	0	0	0	0	0	0	0	0	0	0	0	0	0	0	0	0	0	0	0	0	0	0	0	0	0	0	0	0.454	0	0	0	0	0	0	0
"c95343_g1_i1"	0.115	0	0	0	0.271	0	0.812	0	0	0.281	0	0	0	0	0	0	0.539	0	0.335	0.473	0	0	0.258	0	0	0.595	0.619	0	0	0	0	0	0	0	0	0.243	0
"c76166_g1_i1"	0.254	0.696	0	0	0.638	0	0	0	0	0	0	0	0	0	0	0	0	0	0	0.517	0.58	0	0	0	0	1.593	0	0	0	0	1.175	0.658	0	0	0	0	0
"c165410_g1_i1"	0	0	0	0	0	0.908	0	0	0	0	0	0	0	0	0	0	0	0	0	0	0	0	0	0	0	0	0	0	0	0	0	0	0	0	0	0.756	0
"c142308_g2_i1"	0.459	0.771	0.621	0.399	0.658	0.51	0.239	0.247	0.318	0.502	0.341	0.962	0.676	0.386	0.971	1.244	0.861	0.451	0.67	1.647	0.511	1.174	1.29	0.83	1.263	0.681	0.586	0.775	0.313	0.78	0.656	0.277	0.346	0.562	0.335	0.148	0.581
"c105267_g1_i1"	0	0	0	0	0	0	0	0	0	0	0	0	0	0	0	0	0	0	0	0	0	0	0	0	0	0	0	0	0	0	0	0	0	0	0	0	0
"c85676_g1_i1"	0.574	0	0	0	0	0	0	2.27	0	0	2.758	4.661	0	0.89	0	2.347	0	0	0	0	0	0	0	0	0.778	0	1.504	0	0.702	0	0	0	0	1.232	0	0	0
"c70817_g1_i1"	0.287	0	0	0	0	0	0.134	0	0.148	0.14	0	0.274	0	0.176	0	0.415	0.13	0	0.335	0	0	0	0	0	0	0	0	0	0.14	0	0.423	0	0.148	0.394	0	0.122	0
"c25415_g1_i1"	0.057	0	0	0	0.145	0	0.143	0	0	0.281	0	0.142	0	0	0	0.141	0	0.18	0	0	0.138	0.123	0	0.151	0.162	0	0	0	0	0	0.148	0.162	0.148	0	0	0	0
"c147654_g1_i5"	2.296	2.194	2.734	1.801	2.418	2.938	3.182	2.237	2.998	1.987	2.057	2.293	1.373	1.323	1.975	1.763	2.296	2.199	1.814	1.664	1.613	1.743	2.119	2.317	1.95	2.082	2.268	2.195	2.032	1.896	2.011	1.837	2.577	2.404	1.496	2.399	1.806
"c146924_g1_i1"	0.139	0.268	0.508	2.387	0.532	0.541	1.319	0.71	0.572	0.833	0.294	0.679	0.354	0.246	0.299	0.641	0.278	0.485	0.185	0.429	1.17	1.007	0.184	2.08	0.374	0.432	0.111	0	1.167	0.523	1.27	0.173	0.355	0	0.759	0.087	1.045
"c140969_g1_i3"	0.885	0.043	0.045	0.79	0.261	0.041	0.612	0.914	0.731	0.11	0.19	0.075	0.089	0.094	0.737	0.801	0.07	0	0.277	0.333	0.069	0.42	0.737	0.129	0.424	0.557	0.044	0.755	0.162	0.474	0.318	0.658	0.592	1.241	0.592	0.808	0.507
"c128265_g1_i1"	66.296	78.003	70.411	95.143	89.724	115.867	127.068	96.375	66.742	98.944	94.508	62.486	66.684	59.276	71.829	88.172	73.607	71.899	60.987	67.81	52.207	78.203	76.109	61.62	61.286	56.693	40.805	72.809	74.685	125.39	94.708	71.43	81.289	90.007	86.663	74.808	78.79
"c117476_g1_i1"	4.821	4.784	2.203	5.27	10.022	3.244	3.564	0.656	4.386	2.548	10.919	18.797	3.887	3.887	8.944	8.116	7.591	2.402	6.724	4.555	12.577	14.514	4.91	10.518	13.033	7.053	3.341	13.583	7.413	7.408	2.901	7.115	2.844	8.217	2.758	2.191	5.174
"c42636_g1_i1"	0	0	0.181	0	0	0	0	0	0	0.161	0.483	0	0	0	0	0	0	0	0.196	0	0	0.131	0	0	0	0	0.177	0	0	0	0	0	0	0	0	0	0
"c135293_g2_i1"	1.238	1.102	0	0	1.519	0	0.487	1.065	1.536	0	0.493	0.962	0.62	0.632	0.898	1.612	0	2.571	1.213	0	1.406	1.27	0.488	1.541	0.556	0.595	0	0.574	0	0.938	1.44	0.531	1.126	0.453	0.558	1.33	0.475
"c17034_g1_i1"	0	0	0	0	0	0	0	0	0	0	0	0	0	0	0	0	0	0	0	0	0	0	0	0	0	0	0	0	0	0	0	0	0.918	0	0	0.687	0.707
"c133862_g1_i3"	0	0	0	0	0	0	0.172	0	0	0	0	0.34	0	0	0.154	0.179	0	0	0	0	0.167	0	0	0	0	0	0.996	0.383	0.357	0.83	0	0	0.553	0.168	0.19	0	0
"c136531_g3_i1"	9.486	13.912	13.341	8.721	13.408	10.068	9.669	11.477	11.537	9.341	11.279	14.966	14.697	11.228	15.258	14.695	12.043	13.036	12.315	14.049	9.116	10.853	12.307	11.563	14.074	10.402	9.59	16.09	10.158	10.45	13.456	10.661	12.727	10.316	9.983	10.841	10.411
"c2410_g1_i1"	0	0	0	0	0.339	0	0	0	0.36	0	0	0	0	0	0	0	0	0	0	0	0	0	0	0	0	0	0	0.383	0	0.326	0	0	0	0	0	0.609	0
"c169544_g1_i1"	0	0	0	0	0.745	0	0	0	0	0	0	0	0	0	0	0	0	0.947	0	0	0	0	0.737	0	0	0.979	0	0	0.724	0	0	0	0	0	0	0	0.665
"c133341_g1_i1"	2.927	3.467	3.027	1.987	3.695	2.264	5.15	2.926	3.718	4.124	5.592	2.916	4.031	2.131	2.963	2.847	3.435	2.312	3.882	6.087	1.593	1.743	1.566	1.412	3.284	3.848	2.113	3.101	2.68	3.19	3.568	3.153	3.367	2.857	1.452	2.964	3.147
"c110198_g1_i1"	0	0.225	0	0	0	0	0.411	0.215	0.222	0	0	0.198	0.255	0	0	0.641	0	0	0.254	0	0	0.175	0.387	0.226	0	0.221	0	0.463	0	0.198	0.413	0.231	0.217	0	0	0.183	0.201
"c20638_g1_i1"	0	0	0	0	0	0	0	0	0	0	0	0	0	0	0	0	0	0	0	0	0	0	0	0	0	0	0	0	0	0	0	0	0	0	0	0	0
"c120929_g1_i1"	0.107	0	0	0	0.252	0	0.745	0.269	0	0.251	0	0.245	0.31	0.316	0	0	0.243	0	0	0.648	0.482	0	0	0.269	0.283	0	0	0.846	0	0.484	0.254	0	0	0.236	0	0	0.496
"c101717_g1_i1"	0	0	0	0	0	0	0	0	0	0	0	0	0.454	0	0	0	0	0	0	0	0	0	0	0	0	0.413	0	0	0	0	0	0	0	0	0	0	0
"c25602_g1_i1"	0	0	0	0	0	0	0	0	0	0	0	0	0	0	0	0	0	1.286	0	0	0	0	0	0	0	0	0	0	0	0	0	0.947	0	0	0	0	0
"c98594_g1_i1"	0.082	0	0	0.169	0	0	0.191	0	0	0.191	0	0.377	0	0.246	0.34	0	0.374	0.237	0	0.166	0.924	0	0.184	0.216	0	0.202	0	0	0	0	0.191	0	0.207	0	0	0	0.391
"c103409_g1_i2"	0.131	0	0	0	0.648	0	0	0.344	0	0.331	0.645	0	0	0	0	0	0	0.406	0	0.272	0.61	0	0.304	0	0	0.355	0.719	0	0.659	0	0	0	0	0	0	0.287	0
"c75277_g1_i2"	0	0	0	0	0	0	0	0	0	0	0	0	0	0	0	0	0	0	0	0	0	0	0	0	0	0	0	0	0	0	0	0	0	0	0	0	0
"c68099_g1_i1"	0.164	0	0.158	0.115	0	0	0.268	0	0	0	0	0.132	0.476	0	0.121	0.273	0	0.169	0.323	0.114	0	0.228	0.497	0.151	0	0.269	0.454	0.292	0.27	0.128	0	0	0	0	0.301	0	0
"c168689_g1_i1"	0	0.856	0	0	0	0	0	0	0	0	0	0	0	0	0.712	0	0	0	0	0	0	0	0	0	0	0	0	0	0	0	0	0.797	0	0	0	0	0
"c136363_g1_i2"	0.402	0	0.395	0.124	0.203	0.143	0.067	0.075	0.434	0.622	1.384	0.066	0	0.176	0.364	0.141	0.13	0.169	0.335	0.963	0.266	0.114	0.378	0.151	0.152	0.067	0.155	0.232	0.076	0.069	0.349	0.312	0.217	0.207	0.38	0.243	0.486
"c137312_g1_i2"	8.027	7.234	8.54	8.402	8.852	8.058	8.867	10.121	8.454	8.628	8.426	9.898	8.794	9.284	9.13	8.55	9.243	11.006	10.028	9.889	10.139	7.726	9.848	9.074	11.063	10.69	10.165	9.606	7.727	8.158	8.268	9.333	9.34	8.06	8.565	7.268	8.173
"c63526_g1_i1"	0.156	0.417	0	0	0	0	0	0	0	0	0	0	0	0	0	0	0	0	0	0	0.718	0	0.737	0	0	0	0	0	0	0	0	0	0	0	0	0	0
"c168625_g1_i1"	0	0	0	0	0	0	0	0	0	0	0	0	0	0	0	0	0	0	0	0	0	0	0	0	0	0	0	0	1.956	0	0	0	0	0	0	0	0
"c133142_g1_i2"	6.862	3.756	2.734	39.223	3.502	4.917	12.574	15.984	10.922	22.674	3.232	6.199	2.99	2.786	20.859	8.05	15.965	4.59	13.332	2.61	8.083	12.053	15.642	9.268	12.548	11.621	8.053	8.206	10.893	11.991	19.532	0	9.982	7.331	6.298	1	8.764
"c21402_g1_i1"	0	0	0	0	0	0	0	0	0	0	0	0	0	0	1.643	0	0	0	0	0	0	0	0	0	0	0	0	0	0	0	0	0	0	0	0	0	0
"c13482_g1_i1"	0.18	0	0	0	0	0	0	0	0	0	0	0	0	0	0.389	0.452	0	0.553	0.52	0.359	0.403	0	0	0	0	0	0	0.493	0.432	0	0	0.462	0	0	0	0.383	0
"c78749_g1_i1"	0	0	0	0	0	0	0	0	0	0	0	0	0	0	0	0	0	0	0	0	0	0	0	0	0	0.365	0	0	0	0.316	0	0.728	0	0	0	0	0
"c128723_g1_i1"	0.377	0.396	0.531	0.248	0.542	0.643	0	0.473	0.487	0.271	0	0.453	0.975	0.585	0.324	0.914	0.174	0.451	0.116	0.158	0.344	0.622	0.59	0.905	0.202	0.269	0.1	0.403	0.097	0.523	0.286	0.624	0.474	0.266	0.301	0.322	0.18
"c136429_g1_i1"	7.633	11.665	16.888	11.259	11.202	13.842	15.507	12.305	16.601	13.213	9.109	8.483	12.371	13.721	6.589	10.831	8.895	8.119	10.721	10.826	13.374	7.918	9.507	14.441	11.952	12.59	17.455	9.505	15.745	11.191	16.303	18.712	11.641	13.203	15.008	12.214	15.099
"c139389_g1_i9"	0.025	0	0	0	0	0.061	0.124	0.065	0.064	0.12	0.057	0	0.365	0	0.057	0.057	0.235	0	0	0	0.295	0.105	0	0.065	0.131	0.182	0	0.07	0.065	0	0	0.139	0.128	0.059	0	0.052	0.063
"c147377_g2_i2"	0.394	0.235	0.158	0.311	0.426	0.377	0.325	0.29	0.413	0.361	0.351	0.368	0.166	0.34	0.259	0.386	0.339	0.474	0.612	0.298	0.433	0.438	0.267	0.334	0.465	0.259	0.376	0.302	0.389	0.227	0.222	0.312	0.405	0.404	0.29	0.426	0.275
"c151587_g1_i1"	0	0	1.017	0.71	0	0	0	0	0	0	0	0	0	0	0.777	0	0	0	1.017	2.032	0	0	0	0.819	0	0	0.896	0	0	0	0	0	0	0.729	0	0	0
"c142390_g4_i1"	0	0	0	0	0	0	0	0	0	0	0	0	0	0	0	0	0	0	0	0	0	0	0	0	0	0	0	0	0	0	0	0	0	0	0	0	0
"c121931_g1_i1"	0	0.556	0	0	0	0	0	0	0.509	0	0	0	0.62	0	0.453	0	0	0	0	0.42	0.472	0	0	0.517	0.556	0	0	0	0	0	0	0.531	0	0	0	0	0
"c143842_g1_i5"	2.656	2.911	2.881	3.167	2.728	3.091	3.726	3.195	2.998	3.241	2.654	3.388	2.282	2.962	3.707	2.102	3.661	3.563	3.119	3.731	2.527	3.784	2.948	2.522	2.536	2.917	2.201	3.222	2.907	2.232	3.028	2.853	3.081	3.094	2.725	2.312	2.883
"c11430_g1_i1"	0.23	0	0	0	0	0.377	0.182	0	0	0	0	0.179	0.222	0.234	0.162	0	0	0.462	0	0	0.344	0.315	0	0.205	0	0.192	0.21	0.201	0	0	0.191	0.208	0.395	0	0	0	0
"c176440_g1_i1"	0	0	0	0	0	0	0	0	0	0	0	0.821	0	1.101	1.619	0	0	0	0	0	0	0	0	0	0.98	0	0	0	0.865	0	0	0	0	0	0	0.782	0
"c160611_g1_i1"	0	0	0	0.133	0	0	0	0	0	0	0.294	0	0	0	0	0	0	0	0	0.254	0	0	0	0	0	0	0	0	0.454	0	0	0	0	0	0.167	0	0
"c105608_g1_i1"	0.5	0.332	0	1.065	0.6	0	0.592	0.323	0.943	0.913	1.498	0.585	0	0.761	0.534	0.311	1.183	1.139	0.739	1.279	0.57	0.508	0.571	0.959	1.667	0	0.343	1.692	1.848	1.422	1.789	0.67	0.326	0.562	0.67	0.53	1.172
"c128613_g1_i2"	8.141	10.584	8.597	9.245	10.38	8.15	7.692	8.433	8.676	9.12	10.578	8.681	9.436	9.038	9.875	10.284	10.948	10.217	10.455	8.224	10.591	12.009	9.046	9.785	9.598	10.863	9.181	10.421	9.153	8.178	7.591	9.61	9.34	8.848	9.525	8.667	9.64
"c150241_g1_i1"	0	0	0	0	0.542	0	0	0	0.551	0	0	0	0.676	0.679	0.486	0	0	0	0	0	0	0	0	0	0.596	0	0	0	0	0	1.027	0	0.612	0	0	0	0
"c25224_g1_i1"	0.23	0	0	0	0	0	0.535	0	0	0	0	0.528	0	0	0	0	0	0.722	0	0	0	0	0	0	0	0	0	0	0.562	0	0.529	0.589	0	0.503	0	0	0
"c163289_g1_i1"	0	0	0	0	0	0	0	0	0	0	0.123	0	0	0	0	0	0	0	0	0.105	0.108	0	0	0	0	0	0	0	0.249	0.109	0	0	0	0	0	0	0
"c46255_g1_i1"	0	0	0	0	0	0	0	0	0	0	0	0	0	0.199	0	0	0	0	0	0	0	0	0	0	0.354	0	0	0	0	0	0	0	0	0	0	0	0
"c139084_g7_i1"	0	0	0	0	0	0	0	0	0	0	0	0	0	0	0.429	0	0	0	0	0	0	0	0	0	0	0	0	0	0	0	0	0	0	0	0	0	0
"c134344_g1_i3"	0.672	0	2.067	2.564	1.77	0	5.991	5.582	10.827	5.448	0	13.248	4.663	18.276	0	0	0	7.115	9.647	3.644	11.584	4.038	0	13.956	5.577	0	12.853	0	10.904	18.45	0	8.894	2.33	16.188	11.2	2.964	9.376
"c128556_g2_i1"	0.533	1.477	1.615	0	1.383	0	0	0	0	2.839	0	1.198	1.794	0	0	0	0	0	0	0	0	0	0	0	0	2.62	0	0	3.793	0	1.112	0	0	0	0	1.182	0
"c161772_g1_i1"	0	0	0	0	1.2	0	0	0	0	0	1.099	0	0	0	0	1.386	0	0	0	0	0	0	0	1.056	0	0	0	0	0	0	0	0	0	0	0	0	0
"c122691_g2_i2"	0	0	0	0	0	0	0	0	0	0	0	0	0	0	0	0	0	0	0	0	0	0	0	0	0	0	0	0	0	0	0	0	0	0	0	0	0
"c73108_g1_i1"	0	0	0	0	0	0	0	0	0	0	0	0	0	0	0	0	0	0	0	0	0	0	0	0	0	0	0	0	0	0	1.016	0	0	0	0	0	0
"c182692_g1_i1"	0	0	0	0	0	0	0	0	0	0	0	0	0	0	0	0	0	0	0	0	0	0	0	0	0	0	0	0	0	0	0	0	0	0	0	0	0
"c178438_g1_i1"	0.254	0.685	0	0	0.619	0	0	0.323	0	0	0.313	0	0	0	0	0	0.304	0.395	0.381	0.263	0.295	0.526	0	0	0	0	0	0	0	0	0.307	0.347	0.671	0.286	0	0	0.306
"c146589_g2_i3"	0.098	0.257	0.271	0.204	0.232	0.235	0	0.247	0.244	0	0	0.453	0	0	0	0	0.226	0	0.277	0	0.433	0	0	0	0	0	0	0.262	0	0	0	0.254	0	0	0	0.409	0.232
"c128131_g1_i1"	0.033	0.663	0.09	0	0.077	0.306	0.229	0.075	0.085	0.231	0.303	0.226	0.177	0.094	0.065	0.151	0.07	0	0	0.263	0	0.131	0.074	0	0	0	0.088	0.081	0.076	0	0.159	0.092	0.237	0.148	0.089	0.13	0.232
"c83315_g1_i1"	0	0.15	0	0.115	0	0	0.134	0	0	0	0.133	0.519	0	0	0.121	0	0	0	0	0	0	0	0.12	0	0	0.269	0.155	0	0	0.128	0	0	0	0	0	0	0
"c25797_g1_i1"	0.287	0	0	0.204	0	0	0	0	0.244	0	0	0.226	0	0.597	0.413	0	0	0	0	0	0.443	0.201	0.221	0	0.263	0.249	0.531	0	0	0	0.942	0.266	0	0	0	0.417	0.232
"c44132_g1_i1"	0	0	0	0	0	0	0	0	0	0	0	0	0	0	0	0	0	0	0	0	1.141	0	1.409	0	0	0	0	0	0	1.126	0	0	0	0	0	0	0
"c112510_g1_i1"	15.717	7.93	5.931	6.015	10.602	7.161	6.994	8.099	8.136	5.96	5.943	14.994	9.093	7.528	13.671	11.208	13.861	9.393	10.721	11.649	10.001	13.025	4.753	13.298	13.973	8.761	14.214	11.126	6.257	6.914	7.665	9.31	9.074	4.434	9.168	10.18	7.222
"c83637_g1_i1"	0	0	0	0	0	0.49	0	0	0	0.482	0.474	0	0	0	0	0	0	0	0	0	0	0	0	0	0	0	0.52	0	0.475	0	0	0.508	0	0	0	0	0
"c112394_g1_i1"	0.599	0.631	0	0	0.58	0.296	0	0.301	0.297	0	0.284	0.566	0	0	0.777	0	0.574	0.733	1.063	0.49	0.275	0	0.82	0	0	0.94	0.973	0	0	0.543	0	0	0.316	0.276	0.324	1.026	0.57
"c159469_g1_i1"	0	0	0	0	0	0	0	0	0	0.492	0	0	0	0	0	0	0	0	0	0	0	0	0	0	0	0	0	0	0	0	0	0	0	0	0	0	0
"c128505_g1_i1"	1	0	0.136	0.515	1.142	0.816	0.573	1.323	0.858	0.923	1.971	1.585	1.384	0.738	0.308	1.395	0.774	1.139	1.71	0.701	0.767	0.692	1.179	0.765	0.637	1.967	1.184	2.799	1.664	0.109	0.709	1.71	0.731	0.897	0	1.121	0.232
"c25296_g1_i1"	0	0	0	0	0	0	0	0	0	0	0	0	0	0	0	0	0	0	0	0	0	0	0	0	0	0	0	0	1.048	0	0	0.751	0	0	0	0	0
"c3855_g1_i1"	0.377	0	0.215	0	0.551	0	0	0	0.381	0	0.37	0.179	0	0	0	0	1.252	0.913	0.231	0.158	0	0	0	0	0.202	0.192	0.21	0	0.378	0	0.561	0	0.395	0.177	0	0	0
"c145643_g2_i3"	5.37	4.109	5.524	3.992	3.115	4.794	4.003	3.722	3.369	4.374	5.422	4.803	3.455	3.618	4.751	4.515	4.739	3.067	3.547	6.674	3.206	4.432	4.385	4.742	4.91	5.431	4.292	4.471	3.469	4.405	4.118	4.389	3.475	4.611	4.88	3.773	4.234
"c130111_g1_i1"	54.227	56.878	51.805	54.731	54.222	48.952	44.2	68.463	54.612	47.987	50.851	53.436	51.389	62.297	66.374	55.067	61.338	69.847	65.354	62.476	58.167	40.827	56.386	58.614	54.79	53.737	63.194	53.919	52.661	55.144	54.013	53.688	54.226	44.525	55.464	49.118	54.8
"c126714_g2_i1"	0.303	0.225	0.361	0.186	0.31	0.204	0.105	0.323	0.551	0.522	0.417	0.208	0	0.129	0.275	0	0.2	0.507	0.127	0.543	0.59	0.263	0.193	0.571	0.111	0.413	0.476	0.685	0.108	0	0.635	0.116	0.326	0.305	0.346	0.278	0.729
"c94160_g1_i1"	0.074	0	0	0	0	0	0	0.194	0	0	0	0	0	0	0	0	0	0	0	0	0	0	0.175	0	0	0	0.21	0	0	0.356	0	0.427	0	0	0	0	0
"c165618_g1_i1"	0	0	0	0	0	2.662	0	0	0	0	0	1.906	0	0	0	0	0	3.27	0	0	0	0	0	0	2.485	23.481	0	0	0	0	0	0	0	0	0	1.982	0
"c84244_g1_i1"	0	0	0	0	0	0	0	0	0	0	0	0	0	0	7.034	0	0	0	0	0	0	0	0	0	0	0	0	0	0	0	0	0	0	0	0	0	0
"c74548_g1_i2"	1.181	0	0	0.63	0	0	0	0.376	0.371	1.094	1.071	1.387	1.761	0.457	1.279	0.754	1.07	0	1.317	1.515	1.347	0	0	0	0.394	0.796	0.398	0.806	0	1.007	0	0.393	1.57	0.67	0.804	0.956	0
"c140195_g1_i2"	0.385	0.417	0.271	0.417	0.31	0.082	0.382	0.968	0.413	0.462	0.464	0.226	0.731	0.199	0.138	0.311	0.148	0	0.289	0.674	0.216	0.201	0.645	0.259	0.344	0.307	0.088	0.252	0.713	0.593	0.476	0.531	0	0.453	0.692	0.139	0.707
"c119335_g1_i1"	0.689	0.503	0.441	0.452	0.687	0.275	0.497	0.807	0.456	0.692	0.739	0.264	0.277	0.246	0.372	0.5	0.696	0.564	0.139	0.815	0.59	0.955	0.461	0.388	0.768	0.633	0.221	0.806	0.324	0.711	0.243	0.404	0.8	0.838	0.424	0.513	0.158
"c114376_g2_i1"	0.049	0.268	0.147	0.337	0	0	0	0	0.127	0.12	0	0.368	0.144	0	0.219	0	0	0	0.15	0.105	0	0	0.23	0	0.273	0	0	0	0.259	0	0	0	0	0	0.134	0	0.37
"c147367_g2_i1"	13.216	24.603	16.99	43.233	20.673	3.254	20.017	16.952	30.468	38.426	43.998	25.76	58.455	2.353	1.854	22.905	31.521	40.314	21.881	39.843	17.366	1.051	20.552	15.809	36.382	16.198	12.499	22.061	15.043	1.561	16.42	13.353	36.384	21.765	19.977	22.96	36.829
"c135398_g5_i3"	0.262	0.161	0.169	0.133	0.145	0.051	0.191	0.151	0.307	0.1	0.19	0.047	0.111	0.117	0.13	0	0	0.35	0.058	0.123	0.364	0.245	0.046	0.162	0.162	0.278	0.055	0.101	0.195	0.138	0.243	0.162	0.504	0.049	0.536	0	0
"c110878_g1_i1"	0.148	0	0.859	0.319	0.735	0.377	0	0	0	0.371	1.46	0.359	0.454	0	0	0.773	0	0.462	0	0.928	1.377	0	0.35	0.776	0	0	0.819	0	0	0.346	1.44	0	0	0	0.815	0.322	0
"c138758_g1_i3"	0.295	0.139	0	0.151	0.126	0.163	0.21	0.344	0.222	0.462	0.417	0.415	0.199	0.105	0.437	0.377	0.157	0.304	0.254	0.508	0.482	0.324	0.23	0.14	0.232	0.326	0	0.322	0.259	0.277	0.212	0.15	0.217	0.168	0.413	0.113	0.211
"c31329_g1_i1"	0.082	0.214	0	0	0	0	0	0	0	0	0.095	0	0.233	0	0	0	0	0.474	0	0.666	0.551	0	0.267	0	0	0	0	0	0	0	0	0	0	0	0	0	0
"c120727_g1_i1"	0.148	0	0	0.16	0.174	0	0.182	0.183	0	0	0	0	0	0	0	0	0.174	0	0	0.158	0.167	0.307	0	0	0	0	0.199	0	0	0	0.18	0	0	0.168	0.201	0	0
"c128039_g1_i2"	0.721	0.214	0.226	0.515	0.193	0	0	0	0	0.191	0	0	0	0	0	0	0	0	0.243	0	0	0.166	0.359	0.216	0.212	0.202	0	0	0	0.188	0.582	0.439	0.415	0.187	0.435	0.339	0
"c143105_g1_i15"	0.861	0.974	0.836	0.674	0.667	0.836	0.898	0.807	0.657	0.692	0.796	0.708	0.62	0.55	0.801	0.858	0.896	1.004	0.855	0.885	0.944	1.086	0.608	0.711	0.919	0.998	0.996	0.906	0.756	0.593	0.836	0.878	0.691	0.808	0.569	0.6	0.486
"c153857_g1_i1"	0	0	0	0	0.329	0.337	0	0	0	0.672	0	0.321	0	0	0	0	0	0	0	0	0	0	0	0.345	0	0	0	0	0	0	0	0	0	0	0	0	0
"c137318_g1_i1"	0.443	0.086	0.384	0.151	0.164	0.337	0.086	0.43	0.265	0.331	0.171	0.406	0.399	0	0.146	0.415	0.4	0.304	0.104	0	0.393	0.569	0.378	0.183	0.273	0.489	0.575	0.091	0.519	0.395	0.423	0.381	0.78	0.483	0.368	0.365	0.507
"c127130_g1_i1"	1.443	1.316	2.881	0	0	0	1.099	0	1.144	0	0	2.161	0	2.927	0	0	1.304	1.624	1.398	5.465	2.124	0	0	6.444	1.324	0	2.4	0	3.426	2.094	0	2.264	0	0	0	1.052	3.052
"c170470_g1_i1"	0	0	0	0	0.89	0	0	0	0	0	0	0	0	0	0.793	0	0	0	0	0	0	0	0	0	0	0	0.907	0	0	0	0	0.866	0	0	0	0	0
"c141161_g2_i1"	5.993	6.806	5.818	6.37	7.062	6.457	6.927	6.454	5.996	6.18	6.54	8.823	6.313	6.111	7.423	7.607	7.895	7.172	7.07	6.446	6.766	8.479	7.849	6.175	7.234	5.911	5.962	8.216	5.155	7.062	6.193	6.168	8.146	5.744	5.572	5.468	5.417
"c135168_g1_i2"	6.067	13.441	16.414	8.836	10.815	12.373	11.647	13.058	13.317	13.675	8.256	8.143	13.445	15.079	6.225	11.981	5.965	10.183	12.847	7.962	9.981	8.032	6.798	13.223	9.113	11.016	12.942	9.485	15.994	10.104	15.446	14.334	9.962	14.218	15.019	8.946	16.651
"c146936_g4_i1"	0.312	0.835	2.655	0.444	0.252	1.03	1.491	0.527	1.059	2.298	2.019	1.481	1.838	1.92	1.344	1.046	1.73	1.263	0.924	0	0.718	1.069	0	0.539	0.839	0.537	1.139	1.41	1.037	1.195	1.514	1.132	1.629	0.719	0.849	0.443	2.481
"c103487_g1_i1"	0.098	0	0	0.204	0	0.235	0	0.237	0	0	0	0	0	0	0.405	0.236	0.226	0.857	0.277	0.193	0	0	0.212	0.496	0.253	0.48	0	0	0	0	0.455	0	0	0	0	0.4	0.222
"c44878_g1_i1"	0	0	0	0	0	0	0	0	0	0	0	0	0	0	0	0	0	0	0	0	0	0	0	0	0	0	0	0	0	0	0	0	0	0	0	0	0
"c131231_g1_i4"	1.886	2.376	0.666	1.632	2.476	2.071	0.908	1.312	1.081	0.913	2.521	1.566	1.772	0.866	2.21	1.951	2.522	1.973	0.982	0.201	1.957	2.724	1.161	0.884	2.516	1.603	1.305	2.638	0.475	2.736	1.281	1.305	3.841	1.439	2.032	2.113	1.257
"c135938_g1_i3"	21.284	10.552	6.032	10.46	13.108	10.598	12.775	17.511	5.647	13.775	12.796	25.26	16.668	13.569	14.537	22.453	22.026	22.925	23.371	5.369	16.344	21.802	18.608	17.124	29.724	27.195	16.061	31.304	5.728	8.139	13.54	12.879	10.752	7.715	6.142	7.815	3.738
"c112442_g1_i1"	0.254	0.225	0	0	0.406	0.826	0.201	0.215	0	0.411	1.422	0.396	0.487	0	0.542	0.415	0	0.507	0	0	0.197	0.692	0	0	0	0.211	0.465	0.222	0	0	0.201	0.231	0	0	0	0	0
"c84445_g1_i2"	0	0.321	0	0	0	0	0	0	0.307	0	0	0	0	0.375	0	0	0	0	0.358	0	0	0	0	0	0	0	0.664	0.997	0	0	0.582	0	0	0.276	0	0.261	0.285
"c31262_g1_i1"	0	0	0	0	0	0	0	0	0.922	0	0	0	0	0	0.858	0	0	0	0	0	0	0	0	0	1.041	0	0	0	0	0	0	0	0	0	0	0	0
"c174693_g1_i1"	0	0	0	0	0	0	0	0	0	0.13	0.123	0	0	0	0.227	0	0	0	0.312	0	0	0	0.12	0	0	0	0.144	0	0.13	0.119	0	0	0	0.128	0	0	0
"c156373_g1_i1"	0	0	0	0	0	0	0	0	0	0	0	0	0	0	0	0	0	0	0	0	0	0	0	0	0	0	0	0	0	0	0	0	2.33	0	0	0	0
"c146823_g1_i2"	1.591	0.781	1.593	1.508	1.867	0.755	1.815	0.71	1.239	1.756	1.441	0.689	0.521	0.679	2.096	1.084	2.574	2.65	0.913	3.276	0.757	1.726	2.671	1.563	2.081	0.921	1.615	1.007	0.756	2.183	0.741	0.936	1.629	1.754	1.217	1.495	1.489
"c71877_g1_i1"	0	0.728	0	0.293	0	0	0	0	0	0	0	0	0	0	0	0	0	0	0	0	0	0	0	0	0	0	0	0	0	0	0	0	0.365	0	0	0	0
"c36245_g1_i1"	0	0	0	0.692	0	0.408	0	0	0.413	0	0	0	0	0	0	0	0	0	0	0	0	0	0	0.42	0	0	0	0	0	1.126	0.392	0.866	0	0	0	0	0
"c132926_g1_i2"	0	0	0	0	0	0	0	0	0	0	0	0	0	0	0	1.386	0	0	0	0	0	0	0	0	0	0	0	0	0	0	0	1.109	0	0	0	0	0
"c166271_g1_i1"	0	0.161	0	0	0	0	0	0.151	0.456	0	0.284	0	0	0	0	0	0	0.18	0.173	0	0	0.245	0	0	0	0	0	0	0	0	0	0	0	0	0	0	0
"c173129_g1_i1"	0	0	0.282	0	0	0	0	0	0	0	0	0	0	0.304	0	0	0	0	0.289	0	0	0	0	0	0.263	0	0	0.272	0.486	0	0	0	0.257	0	0	0	0
"c135036_g7_i1"	0	0	0	0	0	0.428	0	0.226	0.89	0	0.635	0.415	0.255	0	0.567	0.434	0	0.53	0	0.184	0.6	0	0.396	0	0	0.221	0.719	0.232	0	0	0.858	0.716	0	0	0	0	0.211
"c154297_g1_i1"	0	0	0	0	0	0	0	0.204	0	0	0	0	0	0	0	0	0	0	0	0.166	0	0	0	0	0	0	0	0	0.605	0	0	0	0	0	0.223	0	0
"c137638_g1_i12"	0.221	0.407	0.203	0.55	0.271	0.296	0.277	0.29	0.191	0.351	0.18	0.368	0.332	0.176	0.291	0.198	0.165	0.44	0.37	0.412	0.325	0.201	0.203	0.248	0.172	0.307	0.232	0.211	0.249	0.435	0.286	0.323	0.188	0.493	0.246	0.33	0.222
"c133729_g1_i3"	1.025	1.199	0.633	1.819	0.319	0.969	1.366	0.957	1.61	1.194	1.336	1	1.141	1.112	1.287	0.5	0.565	0.902	1.363	1.48	0.924	0.937	1.179	1.175	0.96	1.161	1.007	0.957	0.616	0.84	0.995	1.536	1.234	0.769	0.815	1.252	1.447
"c141886_g1_i2"	0.426	0.375	0.497	0.692	0.426	1.214	0.086	0.99	0.36	0.431	0.436	0.51	0.82	0.656	0.607	0.17	0.243	0.53	0.104	0.447	0.659	0.368	0.157	0.097	0	0.681	0.299	0.473	0.713	0.326	0.18	0.104	0.355	0.168	0.1	0.53	0
"c133635_g1_i3"	0	0	0.192	0.151	0	0	0	0	0.18	0	0.341	0.17	0	0	0.154	0	0	0	0.208	0	0	0.289	0	0	0	0	0	0.191	0	0	0.169	0	0	0	0.19	0	0
"c120852_g1_i1"	0.066	0	0.35	0	0.145	0	0	0	0.159	0.301	0	0	0.354	0	0.13	0.151	0.148	0.553	0	0.263	0.285	0	0	0	0.333	0.461	0.166	0.161	0.313	0.435	0.455	0.508	0	0.148	0.335	0	0
"c51497_g1_i1"	0	0	0	0	0	0	0	0	0	0	0	0	0	0	0	0	1.113	1.421	0.67	0	0	0	0	0	0	0	0	0.634	0	0	0	0	0	0	0	0	0
"c124462_g1_i2"	0	0.503	0	0	0.222	0	1.127	1.678	0	0	0	0.67	1.108	0	0.202	0	0	0	0	2.155	0	0	0	0	0	0	0	0	0.465	0.217	0.455	0	0.247	0.217	0	0	0
"c144054_g1_i9"	0	0	0	0	0.677	0.694	0	0	0	0	0	0	0	0	0	0	0	0	0	1.077	0	0	0	0	0	0	0	0	0	0	0	0	0	0	0	0	0
"c67512_g1_i1"	0	0	0	0	0	0	0	0	0	0	0	0	0	0	0	0	0	0	0	0	0	0	0	0	0	0	0.929	0	0	0	0	0	0	0	0	0	0
"c122429_g1_i1"	0	0	0	0.825	0	0	0	0	0.487	0	0	0	0	0	0	0	0	0	0	0	0	0	0	0	0	0.557	0	0	0	0	0.455	0	0	0	0	0	0
"c57981_g1_i1"	0	0	0	0	0.638	0.326	0.936	0.333	0.657	0	0	0	0	0	0	0	0	0	0.393	0.272	0	0	0	0.334	0.354	0	0	0	0	0	0	0	0.691	0	0	0	0.306
"c139554_g2_i1"	0	0	0.463	0	0	0	0	0	0	0	0	0.387	0.487	0	0	0	0	0	0	0	1.111	0	0	0	0.434	0	0	0	0	0	0	0	0.434	0.365	0	0.348	0
"c140511_g1_i2"	0	0	0	0.16	0.174	0	0	0	0	0	0	0.17	0	0.222	0	0	0	0	0	0.149	0	0	0	0.194	0	0	0	0	0	0.168	0.529	0.196	0	0	0	0	0
"c136820_g1_i2"	6.854	10.252	11.319	9.874	9.654	10.078	14.256	14.661	8.306	10.936	11.431	9.37	11.884	10.958	8.54	10.388	10.782	10.938	9.808	9.88	9.214	6.596	9.47	10.022	10.709	11.429	9.48	13.774	10.612	7.902	12.27	11.585	12.559	9.262	9.313	7.885	9.239
"c171424_g1_i1"	0	0	0	0	0	0	0	0	0	0.271	0.531	0	0	0	0	0	0	0	0	0	0.256	0	0	0	0	0	0	0	0	0	0	0	0	0	0	0	0.264
"c80208_g1_i1"	0.148	0.407	0	0.319	0.735	0.377	0.363	0	0	0	0	0	0	0	0.332	0	0.365	0.462	0	0.307	0.688	0	0	0	1.222	0	0	0	0	0	0	0	0.405	0	0	0	0.359
"c137002_g1_i1"	0.049	0.171	0.181	0.275	0.3	0.153	0.115	0.161	0.159	0.04	0.19	0.226	0	0.199	0.267	0.113	0.217	0.282	0	0.272	0.108	0.263	0.175	0.216	0.04	0.077	0.31	0.423	0.076	0.257	0.085	0.139	0.276	0.227	0.045	0.035	0.042
"c142023_g1_i2"	0.115	0	0	0.08	0.184	0.092	0	0.484	0.095	0.09	0.19	0	0.111	0	0	0.189	0	0	0.116	0.245	0.354	0.315	0.516	0	0	0.182	0.111	0.101	0	0.089	0.191	0.208	0.099	0.276	0.413	0	0
"c180175_g1_i1"	0	0	0	0	0	0	0	0	0	0	1.924	0	0	0	0	0	0	0	0	0	0	0	0	0	0	0	0	0	0	0	0	0.982	0	0	0	0	0
"c83888_g1_i1"	0.172	0	0.249	0.186	0.213	0.214	0	0	0	0	0	0	0	0.269	0	0.217	0.2	0.259	0.774	0	0	0	0	0.226	0.465	0.441	0.476	0.232	0.216	0	0	0.474	0	0.601	0	0	0.211
"c141075_g1_i1"	0.426	0.567	0.305	0.231	1.79	0.265	0	0.269	1.07	1.043	0.256	1	1.252	0.328	0.688	1.329	0	0.327	0	0.219	0.728	0.438	0.24	0.28	0.566	1.094	1.161	1.148	1.048	0.978	0.254	0.289	0.829	0.729	0.86	0.226	0.507
"c108131_g1_i1"	0.221	0	0	0	0	0.275	0	0.28	0.286	0	0	0	0.653	0	0	0	0	0	0.335	0	0.256	0	0	0	0	0.288	0	0.604	0	0	0	0.3	0	0	0	0	0
"c177709_g1_i1"	0	0	0	0	0	0	0	0	0	0	4.057	0	0	0	0	0	0	0	4.841	0	0	0	0	0	0	0	0	0	0	0	0	0	0	0	0	0	0
"c62123_g1_i2"	0.525	0	0	0	0	0	0.621	0.882	0	0	0.209	0.208	0.255	0.796	0.745	0.217	0	0.53	0.254	0.902	0.403	0	0.193	0.453	0.929	0	0.243	0.232	0.648	0	0	0.474	0	0.404	0.234	0.748	0
"c75278_g4_i1"	0.041	0.214	0.113	0	0	0.194	0.096	0	0	0.191	0.483	0	0	0	0	0.094	0	0	0	0	0.089	0	0.175	0	0	0.096	0	0	0	0	0	0.116	0	0.099	0	0.087	0.296
"c145955_g2_i1"	0.59	0.985	0.497	0.639	0.938	0.908	0.659	1.334	0.551	1.134	0.863	1.5	0.509	0.304	0.121	0.471	0.452	0.812	0.116	0.744	0.089	0.482	0.175	0.797	1.414	0.605	0.387	0.413	0.54	0.316	1.514	1.155	0.889	1.31	0.156	0.252	0.528
"c108214_g1_i2"	1.066	0	0	1.437	0	0	3.277	0.936	1.716	1.816	5.042	3.237	6.723	1.077	0	0	0	1.15	1.04	0	0	0.718	0	0	1.93	1.267	3.639	3.081	1.707	3.141	0	1.744	0	2.946	2.914	2.312	0.781
"c142917_g1_i1"	0.435	0	0.305	0.586	0.387	0.265	0.258	0.14	0.138	0.532	0	0.519	0.941	0.34	0.113	0.396	0.13	0.654	0.647	0.342	0.374	0.228	0.368	0	0.434	0.403	0.155	0.292	0.411	0.504	0.805	0.45	0.553	0.512	0.435	0.348	0.264
"c136609_g2_i4"	1.91	1.038	1.807	2.138	1.915	1.336	2.035	1.979	1.367	1.043	3.014	1.831	2.315	1.393	1.295	2.083	1.678	2.154	1.236	2.864	1.583	1.542	1.566	0.69	1.465	1.478	1.526	0.936	2.064	1.511	1.419	1.375	1.382	1.261	1.429	1.965	1.879
"c102195_g1_i1"	0	0	0	0.302	0.164	0.173	0	0	0	0	0	0	0	0	0	0	0	0	0	0	0	0	0	0	0	0	0	0	0	0	0.169	0	0	0	0.19	0	0
"c139078_g1_i1"	0.139	0.364	0.045	0.293	0.203	0.163	0.287	0.301	0.392	0.251	0.578	0.038	0.532	0.316	0.146	0.16	0.591	0.553	0.15	0.254	0.433	0.175	0.488	0.226	0.131	0.403	0.288	0.403	0.259	0.316	0.296	0.901	0.089	0.118	0.089	0.035	0.665
"c147627_g3_i4"	0.951	1.059	1.017	0.958	0.871	1.244	0.793	0.785	1.134	1.455	1.469	1.746	0.941	1.019	1.125	1.018	1.435	0.654	0.924	0.622	1.052	1.13	1.455	0.744	1.364	0.988	0.719	1.158	1.005	1.067	0.868	0.866	1.284	1.222	0.636	0.939	0.581
"c161803_g1_i1"	0	0	0	0	0	0	0	0	0	0	0	0	0	0	0	0	0	0	0	0	0	0	0	0	0	0	0	0	0	0	0	0	0	0	0	0	0
"c117149_g1_i3"	0.09	0	0	0.195	0	0	0.22	0	0	0.221	0	0	0.532	0	0	0	0.217	0.553	0.266	0	0	0	0	0	0	0	0	0	0.454	0	0	0	0	0	0	0	0
"c99931_g1_i1"	0.016	0	0.158	0.035	0.106	0.031	0	0.032	0	0.03	0.038	0.038	0.078	0.047	0.121	0.038	0.035	0.045	0	0.061	0	0.061	0	0	0	0.202	0.044	0.04	0.108	0	0	0.035	0	0.099	0.078	0.061	0.137
"c140240_g1_i1"	0	0	0	0	0	0	0	0	0	0	0	0	0	0	0	0	0	0	0	0	0	0	0	0	0	0	0	0	0	0	0	0	0	0	0	0	0
"c125675_g3_i1"	0.771	0	0	0	0.638	0.653	0	0	0	0	0	0.594	0.786	0	0	0.688	0.643	0	2.276	0	0	0	0	0	0.697	0	0	0	0	0	0	0	0	0	0	0	0
"c91332_g1_i1"	0	0	0	0	0	0	0	0	0	0	0	0	0	0	0	0	0	0	0	0	0	0	0	0	0	0	0	0	0	0	0	0	0	5.084	0	0	0
"c130420_g1_i2"	0.295	0	0	0.311	0.716	0.367	1.739	1.129	0	0.361	0.351	0.34	0	0.445	0	0.745	0.357	0.451	0	0.298	2.006	0.298	1.023	0.744	0	0.796	0.796	0.403	0.357	1.007	0.349	0.393	0	0	0.402	0.626	0
"c181752_g1_i1"	0.23	0	0	0	0.281	0	0	0	0	0	0	0	0	0	0	0	0.278	0	0	0	0.266	0	0	0	0	0.605	0.31	0	0.281	0.267	0	0	0.306	0.266	0	0	0
"c143774_g1_i3"	0.09	0.043	0.045	0.027	0.039	0.041	0.057	0.032	0.042	0.1	0.133	0.057	0.022	0.023	0.194	0.132	0.07	0.09	0.023	0.193	0.138	0.14	0.138	0.032	0.101	0.01	0	0.081	0.011	0.128	0.074	0.104	0.059	0.03	0.033	0.061	0
"c155677_g1_i1"	0.221	0	0	0	0.551	0	0	0	0	0	0	0.519	0	0	0	0	0.548	0	0	0	0	0	0	0	0	0	0	0	0.551	0	0	0	0	0.493	0	0.965	0.507
"c110777_g1_i2"	4.468	3.927	3.027	3.682	3.27	4.203	3.182	3.012	3.591	3.03	4.351	4.076	3.533	3.77	4.25	4.213	4.687	4.33	4.771	3.232	3.294	4.003	4.735	4.138	4.698	4.117	4.347	4.591	3.782	3.408	3.081	3.119	4.364	3.34	3.395	4.816	3.284
"c130660_g1_i1"	1.845	1.402	1.412	1.703	1.732	1.428	2.35	1.829	2.299	2.298	1.431	1.604	1.451	1.03	1.781	1.423	2.391	1.996	1.502	4.073	1.033	1.323	1.363	1.509	1.566	3.455	1.869	2.447	1.751	2.469	3.271	1.478	2.182	2.118	1.731	0.956	1.774
"c106167_g1_i1"	0.418	0.396	0.102	0.248	0.271	0.092	0.182	0.194	0.095	0.09	0.18	0.274	0.111	0.234	0.081	0	0.087	0.226	0.335	0.236	0.089	0.079	0.083	0.302	0.303	0.182	0.31	0.101	0.184	0.178	0.191	0	0	0.355	0.201	0.243	0.095
"c144311_g1_i1"	0.64	0.342	0.949	0.878	1.422	2.224	0.975	0.968	0.763	0.823	0.36	0.406	0.731	0.913	0.858	0.877	0.635	0.947	1.583	1.577	1.328	0.832	0.847	0.399	0.96	0.806	0.708	0.846	0.854	0.889	0.529	0.589	1.343	0.966	0.748	1.139	0.781
"c101417_g1_i2"	0.246	0.653	0.7	0	0.6	0	0	0	0	0	0	0	0	0	0	0.65	0	0	0	0	0	0	0	0	0	0	0.642	0	0	0.553	0.561	0	0	0	0.659	0	0
"c96973_g1_i1"	0.066	0.696	0.361	0.985	0.155	0.479	0.936	0.333	0.17	0.472	0.635	0.311	0.377	0.199	0	0.32	0.461	0.778	0	0.272	1.2	0.131	0.59	0.69	0.172	0.806	0	0.171	0	0.751	0.159	0.173	0	0.148	1.05	0.278	0.475
"c151106_g1_i1"	0	0	0	0	0	0	0	0	0	0	0	0	0	0	0	0	0	0	0	0	0	0	0	0	0	0	0	0	0	0	0	0	0	0	0	0	0
"c140233_g1_i1"	0	0	0	0	0.967	0	0	0	0	0	0	0	0	0	0	0	0	0	0	0	0	0	0	0	0	0	0	0	0	0	0	0	0	0	0	0.835	0
"c88851_g1_i1"	0	0	0	0	0	0	0	0	2.903	0	0	0	0	0	0	0	0	0	0	0	0	0	0	0	0	0	0	0	0	0	0	0	0	0	0	0	0
"c121560_g1_i4"	2.509	4.131	3.4	1.42	3.986	2.346	3.401	3.41	3.485	2.538	1.346	1.293	3.168	3.278	0.971	2.168	1.53	2.706	1.779	2.61	4.632	1.366	2.414	3.858	2.132	2.946	4.745	2.125	2.875	2.035	2.149	3.754	2.942	1.882	3.908	2.86	2.207
"c121188_g1_i2"	0.32	2.579	4.643	5.864	6.346	0.826	2.217	0	0.773	1.615	3.782	1.463	1.994	1.943	0	6.985	6.487	0	0	0.622	4.986	3.889	3.952	3.783	1.728	5.374	0	2.739	1.535	2.835	0	0.797	0.918	0	1.742	0	0
"c1989_g1_i1"	0	0	0	0	0	0	0	0	0	0	0.929	0	0	0	0	0	0	0	0	0	2.606	0.797	0	0	0	0	0	0	0	0	0	0	0	0	0	0	0
"c169420_g1_i1"	0	0	0	0	0	0	0	0	0	0	0	0	0	3.828	0	0	0	0	0	0	0	0	0	0	0	0	0	4.612	0	0	0	0	0	0	0	0	0
"c147388_g3_i1"	0.156	0	0	0.515	0.377	0.388	1.137	0.398	0	0	0	0	0.233	0	0.34	0	0.374	0	0.231	0.166	0	0	0.534	0.42	0.212	0	0	0	0	0	0	0.219	0.207	0.916	0	0	0
"c139885_g1_i2"	2.714	2.429	2.395	2.005	3.163	2.866	2.207	2.313	2.204	4.043	4.076	4.482	2.636	2.388	3.294	3.205	1.887	2.966	1.71	2.636	1.701	4.967	2.487	2.705	2.394	0.816	1.991	3.192	1.426	2.519	3.007	1.941	3.693	2.473	2.579	1.13	1.806
"c47145_g1_i1"	0.467	0	0	0	0.58	0.602	0	0	0	0	0	0	0.72	1.44	0	0	0	2.943	0	0.473	0	0.482	0	0.582	0	0	0	0	0.573	0.533	0	0	0.652	0.512	0	0	0
"c56756_g1_i1"	0.279	0	0	0	0	0	0	0	0	0	0	1.274	0	1.686	0	0	0	0	0	0	0	0	0	0	0.748	0	0	0	0	0	0	0	0	0	0	0	0
"c142954_g1_i6"	0.295	0.268	0	0	0.474	0	0.468	0	0.498	0	0.474	0.462	0	0	0.21	0.245	0.235	0	0.289	0	0	0.201	0.221	0.259	0.263	0	0	0	0	0.227	0	0	0	0	0.536	0.209	0
"c119081_g1_i1"	6.321	0.342	0.418	2.032	0.31	0.214	0.889	0.376	0.392	0.211	0.104	0.519	0.31	0.539	8.499	0.943	0.548	0.316	0.901	0.963	0.403	0.893	1.437	0.647	0.919	0.72	0.597	2.346	0.378	0.306	0.974	0.427	0.82	0.256	0.179	0.739	0.317
"c144165_g2_i4"	0.074	0	0	0.053	0	0.061	0	0	0	0	0	0	0	0.07	0	0	0.052	0.631	0.069	1.156	0.384	0	0.949	0	0	0.115	0	0	0	0	0	0	0.059	0	0	0	0
"c135613_g1_i1"	0.517	0.31	0.192	0.204	0.387	0.224	0.22	0.409	0.593	0.341	0.284	0.557	0.399	0.503	0.494	0.339	0.27	0.282	0.347	0.447	0.325	0.578	0.157	0.377	0.061	0.441	0.586	0.181	0.875	0.217	0.402	0.254	0.464	0.217	0.38	0.252	0.517
"c181107_g1_i1"	0.41	0	0.587	0	0	0	0	0.538	0	0	0	0	0	0	0	0	0	0	0	0.42	0.472	0	0	0	0	0	0	0	0.508	0	0	0	0	0.453	0.558	0.887	0
"c180144_g1_i1"	0	0	0.633	0	0	0	0	0	0	0	0	0	0	0	0	0	0	0	0	0	0	0	0	0	0.586	0	0	0	0	0	0	0	0	0	0	0.469	0
"c143410_g1_i4"	3.37	0.128	0.203	0.364	0.232	0.632	0.344	0.183	0.127	0.171	0.872	0.226	0.21	0.738	1.117	0.17	0.496	1.139	0.924	0.254	0.767	2.216	0.267	0.711	1.02	0.844	0.929	0.886	0.065	0.217	0.36	0.196	0.296	0	0.123	0.156	0.063
"c146700_g2_i1"	0.312	0.118	0.124	0.39	0.213	0.439	0.535	0.226	0	0.321	0.872	0.104	0.255	0	0.097	0.217	0.104	0	0.139	0.096	0	0.368	0.396	0.356	0.242	0.326	0.243	0.242	0.108	0	0.445	0.243	0.227	0.315	0.123	0.287	0.539
"c23164_g1_i1"	0	0	0	0.248	0	0	0	0.893	0	0	2.256	0.274	0.687	0	0	0	0	0.35	0	0	0	0	0	0.603	0.313	0	0	0.634	0	0	0	0	0.306	0	0	0	0.275
"c102090_g3_i1"	0	0	0	0.151	1.238	0.082	0.248	0.086	0	0	0	0.085	0	0	0.073	0	0.078	0.304	0	0.508	0.315	0	0.074	0.097	0	0.326	0.1	0	0	0	0	0	0	0	0	0.07	0
"c143719_g2_i3"	8.1	8.615	7.535	6.051	7.826	7.242	5.37	6.572	8.253	7.324	8.35	7.02	6.8	7.704	8.094	11.161	9.087	9.123	11.622	7.375	8.664	8.882	8.687	7.91	9.76	9.97	8.827	9.817	7.5	8	7.559	7.635	10.15	7.794	8.866	7.537	6.346
"c120642_g2_i1"	0.303	0	0	0	0.755	0	0	0	0	0	0	0	0	0	0	0.829	0	1.94	0	0	0	0	0	0.722	0	0	0	0	0	0	0	0	0	0	0	0	0
"c124235_g1_i2"	0.074	0.385	0	0	0.348	0	0.172	0	0.18	0.181	0	0.17	0	0	0	0.716	0	0.214	0	0.149	0	0.298	0	0.377	0	0.182	0.398	0	0.184	0	0.349	0	0	0.168	0.19	0	0.348
"c86531_g1_i1"	28.614	11.376	28.569	38.593	24.61	38.599	53.802	29.214	24.154	28.062	51.571	22.288	15.683	19.142	34.069	15.025	30.817	16.768	31.77	54.041	19.825	24.798	26.383	27.642	19.509	14.183	16.205	19.977	29.891	34.451	28.033	13.953	18.72	13.193	35.978	16.665	19.977
"c140672_g1_i1"	10.609	9.653	6.699	8.579	8.91	12.088	13.778	8.755	11.855	8.267	14.672	13.258	7.686	8.312	16.326	9.36	11.348	9.596	13.967	17.044	6.471	12.21	11.404	10.119	9.356	7.446	8.628	9.213	6.138	11.26	9.909	7.392	13.497	7.203	9.871	10.319	6.884
"c137314_g3_i2"	1.451	2.119	2.632	3.655	4.808	1.316	0.946	2.711	6.325	1.946	2.237	4.661	0.786	3.653	3.999	2.008	2.843	0.406	5.488	7.068	4.229	4.073	3.666	3.739	2.839	0.701	3.584	4.33	2.615	5.442	2.848	1.409	2.794	1.803	5.003	0.565	3.748
"c131299_g1_i2"	0	0.15	0	0.124	0.667	0.541	0.401	0.14	0.138	0.271	0	0.132	0.321	0.679	0.356	0.405	0.13	0.169	0.335	0.35	0	0	0.249	0.442	0.596	0.403	0	0	0.14	0.128	0.138	0	0.425	0.256	0.301	0	0.539
"c99473_g1_i1"	0	0	0	0	0.29	0	0	0	0	0	0	0	0.354	0	0	0	0	0.361	0	0.245	0.275	0.245	0	0.927	0	0	0	0	0	0.277	0	0.323	0	0.276	0	0	0.285
"c96642_g1_i1"	0.041	0.225	0.124	0	0.31	0.204	0.411	0.323	0	0.211	0	0.302	0.122	0.269	0	0	0	0.124	0.254	0.184	0.098	0	0.193	0	0.344	0.211	0.122	0.111	0.324	0	0	0.116	0.109	0.207	0.112	0	0
"c61289_g2_i1"	0	0	0	0.151	0.329	0.173	0	0.172	0	0	0	0.33	0	0	0	0.17	0.165	0	0	0.289	0	0.14	0	0.366	0	0	0.376	0	0	0	0	0	0	0.315	0.19	0.296	0
"c142661_g3_i1"	0.23	0.257	0.452	0.639	0.31	0.235	0.229	0.086	0.17	0.08	0.474	0.311	0	0.199	0.073	0.471	0.148	0.293	0.289	0.482	0	0.272	0.286	0.086	0	0.23	0.265	0.171	0.076	0.296	0.159	0	0.405	0	0.179	0.348	0.549
"c133527_g3_i2"	0.402	0	0.373	0.195	0.106	0.439	0.21	0.452	0.339	0.321	0	0.321	0.388	0.269	0.097	0.217	0.522	0	0.127	0.28	0.207	0.368	0.203	0.237	0.242	0.106	1.361	0.352	0.443	0.415	0.551	0.866	0.336	0.631	0.234	0.574	0
"c55949_g1_i1"	0	0	0.26	0	0	0	0	0	0	0.231	0.455	0	0	0	0	0.236	0	0	0	0	0	0	0	0	0	0	0	0	0	0	0	0	0	0	0	0	0
"c78602_g1_i1"	0	0	0	0	0	0	0	0	0	0	1.09	0	0	0	0	0	0	0	0	0.236	0	0	0	0	0	0	0	0	0	0	0	0.3	0	0	0.301	0	0
"c51443_g1_i1"	0	0	0	0	0	0	0	0	0	0	0	0	0	5.128	0	0	0	0	0	0	0	0	0	0	0	0	0	0	0	0	0	0	0	0	0	0	0
"c146669_g1_i1"	0.025	0.161	0.056	0.071	0.145	0.051	0.076	0.204	0.053	0.02	0.123	0.226	0.089	0.129	0.308	0.198	0.096	0.158	0.035	0.131	0.098	0.21	0.092	0.194	0.051	0.144	0.199	0.03	0.108	0.168	0.18	0.058	0.158	0.197	0.078	0.043	0.253
"c115489_g1_i1"	10.585	10.284	11.895	12.829	13.176	12.669	11.934	10.358	11.102	12.421	9.109	10.785	11.075	13.007	20.155	12.612	14.861	14.716	14.822	17.386	8.506	12.272	14.656	9.279	9.073	9.759	7.82	16.282	7.262	16.327	12.005	10.142	14.721	11.37	9.704	9.476	11.868
"c108230_g1_i1"	0.189	1.166	0.181	0.949	0.455	1.081	3.019	0.323	0.159	0.462	2.445	1.198	0.365	0.386	0.939	0.622	1.174	0.756	0.185	1.182	0.285	1.165	0	1.002	0.172	0.47	0	0.503	1.102	0.731	2.16	0.52	0.968	1.468	0.335	0.4	1.373
"c70940_g1_i1"	0.246	0	0.068	0	0.058	0	0	0	0.064	0	0.057	0.113	0.21	0	0.154	0.113	0.052	0	0	0.149	0.393	0.053	0.157	0.453	0.061	0.058	0	0	0.119	0.109	0	0.208	0.118	0	0.782	0.261	0
"c144508_g1_i1"	0	0	0	0	0	0	0	0	0	0	0	0	0	0	2.169	0	0	3.27	0	0	0	0	0	0	0	0	0	0	0	0	0	0	0	0	0	0	0
"c111884_g1_i1"	0.73	0.556	0.734	0.674	0.871	1.142	0.621	0.129	1.197	0.381	0.502	0.623	0.908	0.644	0.777	0.386	0.609	0.62	0.774	1.533	0.482	0.964	0.82	0.69	0.839	0	0.431	0.554	0.778	0.484	0.519	0.427	0.8	0.611	0.145	0.782	1.14
"c100088_g1_i1"	0.164	0	0.474	0	0	0	0	0	0	0	1.014	0	0	0	0.178	0	0	0.248	0.243	0	0	0	0	0	0	0	0	0	0	0	0	0	0.217	0	0	0	0
"c6931_g1_i1"	0	0.161	0	0.133	0	0	0	0	0	0.15	0	0	0	0.187	0	0	0	0.18	0	0	0	0	0	0	0.162	0	0	0	0	0	0	0.162	0	0	0	0	0
"c121663_g2_i1"	0.369	1.477	0.531	0	0.445	0	0.869	0	0	0	0	0	0	0	0	0	0	0	0	1.121	0	0.377	0	0.463	0	0	0	0	0	0.415	0	0.959	0.997	0	0.994	0	0.422
"c140289_g2_i4"	1.591	0.556	2.372	0.692	5.814	1.632	2.876	2.581	2.892	0.602	0.682	2.265	1.628	1.733	2.105	1.367	1.391	2.413	3.05	0.368	1.623	1.095	0.396	2.748	2.627	1.439	1.759	0.755	2.907	2.538	2.276	1.767	1.432	2.503	3.607	0.826	2.407
"c147001_g2_i2"	0	0	0	0.452	0.532	0	0	0	0	0	0	0	0	0.667	0	0	0.539	0.688	0.647	0	0.492	0	0	0	0	0	0	0	0	0	0	0	0.602	0.483	0	0	0
"c142494_g1_i1"	0.353	0.054	0.249	0.523	0	0	0	0.108	0.053	0.05	0	0.264	0.122	0.07	0.559	0	0.148	1.759	0.196	4.178	1.318	0.14	3.362	0.119	0.172	0	0.243	0	0	0.158	0.053	0.127	0.889	0	0.056	0.043	0
"c104035_g1_i1"	0	0	0	0	0	0	0	0	0	0	0	0	0	0	0	0	0	0	0	0	0	0	0	0	0	0	1.184	0	0	0	0	0	0	0.493	0	0	0
"c128876_g1_i1"	0.459	0.107	1.231	0.044	1.944	0.153	0.153	0.054	0.159	2.017	0.209	1.397	0.055	1.674	0.04	0	0.965	0.068	0.994	0	2.026	0	0	0.172	0.889	1.18	0.055	1.168	0.108	0.049	0.159	0.058	0	1.143	1.016	0.939	1.594
"c138976_g6_i1"	0.139	0	0.395	0.293	0	0	0.659	0	0	0.341	0.332	0	0.41	0	0	0.707	0.33	0	0.82	0.289	0	0	0	0	0	0	0	1.138	0.346	0	0.995	0.37	0.365	0.946	0	0	0
"c164974_g1_i1"	0	0	0	0	4.585	0	0	0	0	0	0	0	0	0	0	0	0	0	0	0	0	0	0	0	0	0	0	0	0	0	0	0	0	0	0	0	0
"c153997_g1_i1"	9.486	12.831	28.026	8.606	12.944	16.596	26.963	14.596	32.587	19.805	8.17	5.813	18.673	16.812	2.153	9.285	2.365	5.785	7.313	12.113	13.158	3.933	6.218	20.734	7.062	17.138	15.95	8.357	42.481	15.942	28.097	14.092	4.492	17.647	31.97	10.928	17.887
"c136884_g5_i8"	0.082	0	0.102	0.124	0.068	0.133	0.086	0.14	0.053	0.171	0.246	0.085	0.044	0.047	0.089	0.141	0	0	0	0.123	0.118	0.21	0.267	0.097	0.04	0	0	0	0	0.119	0	0	0.128	0.118	0.078	0.017	0.084
"c108551_g1_i1"	0.41	0	0	0	0	1.081	1.882	1.086	0.985	0	0	0	0	1.241	0	0	0	0	0	2.356	0	0	0	0	0	0	1.04	2.406	0	0	0	0.982	0	0	0	0	0
"c166708_g1_i1"	0	0	0	0	0	0	0	0	0	5.96	0	0	0	0	0	0	0	0	0	0	0	0	0	0	0	0	0	0	0	0	0	0	0	0	0	0	0
"c83408_g1_i1"	0	0	0	0	2.186	0	0	2.313	0	0	0	0	0	0	1.967	0	2.47	0	0	0	0	0	0	0	2.273	0	0	0	1.859	0	0	0	0	0	0	0	0
"c156405_g1_i1"	0	0	0	0	0	0	0	0	0	0	0	0	0	0	0	0.415	0	0	0	0	0	0	0	0	0	0	0	0	0	0	0	0	0	0	0	0	0
"c177134_g1_i1"	0	0	0	0	0	0	0	0	0	0	0	0	0	0	0	0	0	0	0	0	3.963	0	0	0	0	0	0	0	0	0	0	0	0	0	0	0	0
"c109025_g1_i1"	0.18	0.289	0	0.231	0.087	0	0.086	0	0.18	0	0.085	0	0.41	0.105	0	0	0	0	0.104	0.079	0	0	0.083	0	0	0.086	0	0.091	0	0.079	0	0	0.089	0.089	0.19	0.078	0.18
"c77274_g1_i1"	0	0	0	0	0	0	0	0	0	0	0	0	0	0	0	0	0	0	0	0	0.236	0	0	0	0	0	0	0	0	0	0	0	0.533	0	0	0	0.243
"c132857_g1_i1"	0.246	0.193	0.203	0.106	0.29	0.122	0.115	0	0.127	0.06	0.057	0.057	0	0.07	0.21	0.292	0.165	0.293	0	0.21	0.393	0.254	0.166	0.065	0.131	0.173	0.199	0.131	0.421	0	0.18	0.139	0.059	0.404	0.525	0.156	0.296
"c140628_g1_i2"	0.803	2.087	1.796	0.843	1.258	1.979	0.927	1.226	1.526	1.675	1.166	1.217	2.082	2.213	1.344	1.819	0.713	1.477	2.576	2.575	2.232	0.815	1.354	2.877	2.233	1.67	3.075	1.178	2.734	1.205	1.789	1.86	0.938	1.439	2.512	1.347	1.922
"c115379_g3_i1"	0.549	0.182	1.92	0.151	0.493	0	0.487	1.215	0.699	0.171	0	0.481	0.199	0	0.291	0.669	0.478	0	0.208	0.289	0	0.28	0.617	0	0.182	0	0	0	0.335	0	0	0.185	0	0.64	0.179	0	0
"c100167_g1_i2"	0	0	0.102	0	0	0	0.096	0	0.286	0	0	0	0.111	0	0.081	0	0	0	0	0.079	0.177	0.158	0	0.205	0	0.086	0	0	0	0	0	0	0.099	0.089	0	0.078	0.095
"c142190_g2_i1"	0	0.3	0	0	0.551	0	0	0	0	0	0	1.349	0	1.054	0	1.15	0.817	0	0	0	0.266	0	0	0.884	0	0	0.31	0	0	0	0	0	0.898	0	0.927	0	0.275
"c158640_g1_i1"	0	0	0	0	0	0	1.347	0	0	0	0	0	0	0	0	0.782	0	0	0	0	0.649	0	0	0	0	0	0	0	0	0	0	0	0	0	0	0	0
"c124797_g1_i1"	1.992	10.819	1.107	16.307	16.881	11.782	4.3	7.465	24.959	8.247	16.663	4.737	1.65	29.866	9.414	6.259	1.626	5.965	3.304	1.314	4.76	9.101	4.062	9.279	6.183	8.588	1.759	2.749	6.322	24.91	19.363	11.146	3.712	8.109	4.612	6.772	2.429
"c101794_g1_i1"	0	0	0	0	0	0	0	0	0	0	0	0	0	0	0	0	0	0	0.531	0	0	0	0	0	0	0	0	0	0	0	0	0	0	0	0	0	0
"c112689_g3_i1"	0.082	0.214	0	0	0	0.194	0	0.204	0.201	0.191	0.199	0	0	0	0	0.198	0.191	0	0	0	0.187	0.166	0	0.216	0	0.403	0	0	0	0	0.392	0	0.207	0	0	0	0.19
"c140738_g1_i1"	0.295	0.278	0.531	0.319	0.455	0.255	0.354	0.581	0.699	0.562	0.256	0.453	0.609	0.386	0.267	0.358	0.243	0.248	0.439	0.263	0.875	0.263	0.23	0.506	0.222	0.345	0.354	0.332	0.475	0.296	0.529	1.12	0.267	0.296	0.96	0.539	0.517
"c134807_g1_i1"	15.25	8.358	12.098	6.033	17.645	24.185	17.504	20.264	10.965	16.093	12.947	16.919	16.225	10.361	11.413	18.381	20.208	20.681	17.653	11.159	20.612	15.399	16.526	19.43	16.923	22.483	20.242	22.786	5.879	6.795	10.11	15.12	19.323	13.361	11.926	10.154	9.609
"c147316_g1_i1"	0.205	0.139	0	0.55	0	0	0.612	0	0.265	0.993	0	0.123	0	0	0	0.123	0	0.462	0	0	0	0	0	0	0.131	0	0	0	0	0.237	0	0	0	0.118	0	0.113	0
"c70209_g1_i1"	0.467	0.417	0.215	0.169	0.184	0.194	0.191	0.592	0.201	0.381	0.379	0.557	0.233	0	0	0.386	0.548	0.237	0.462	0	0.364	0.158	0	0	0.212	0	0.21	0	0	0	0.191	0.208	1.007	0	0.424	0.165	0.56
"c131139_g1_i2"	0	0	2.689	1.57	0	0	1.863	0	0	0	0	0	0	0	0	0	0	0	0	0	0	0	5.288	0	0	0	0	0	0	3.516	1.609	0	0	2.985	0	0	0
"c132209_g2_i1"	1.107	0	1.423	0	1.209	0.745	2.15	1.022	0.763	0	0	1.897	0.299	0	1.077	0	2.139	0.609	3.281	0	0.462	0.412	0	0.259	1.344	1.545	1.372	0	0.249	0.464	0	1.351	0.523	2.079	1.63	1.504	1.193
"c121456_g1_i1"	0	0	0	0.665	0	0	0	0	0.265	0	0	0	0	0	0.672	0.773	0	0.316	0	0.219	0	0.21	0.24	0.269	0	0	0	0.282	0	0	0	0	0	0	0	0	0
"c167332_g1_i1"	0	0.535	0	0.222	0.242	0	0.239	0	0.254	0.251	0.246	0	0.598	0	0.219	0.255	0.243	0.62	0.3	0.42	0.236	0.42	0	0.269	0	0	0	0.272	0	0.464	0	0.277	0.267	0	0.279	0.652	0
"c135590_g3_i1"	0.328	0.888	0.96	2.023	0.822	0.857	0.764	3.474	1.61	5.037	0.787	0.755	1.03	1.007	2.202	2.724	0	3.18	0.97	0	5.89	0	1.64	2.339	0.899	3.387	0	0.946	0	2.193	0	0	1.915	1.379	0.904	0.713	3.643
"c135611_g1_i4"	0	0	0	0.231	0	0	0	0	0.265	0	0	0.255	0	0	0.227	0	0	0.327	0	0.219	0	0	0	0	0	0	0.288	0	0	0	0	0	0	0	0	0	0
"c66674_g2_i1"	0	0	0	0	0	0	0	0	0	0.12	0.123	0	0	0	0	0	0	0	0	0.105	0	0	0.111	0	0	0	0	0	0.119	0	0	0.139	0	0.118	0.134	0	0
"c147636_g1_i1"	18.357	15.143	11.624	22.641	16.436	9.721	9.536	16.134	9.884	17.497	13.677	16.711	11.906	10.326	10.798	12.763	9.356	13.261	7.521	17.841	11.574	16.914	17.383	8.891	6.81	14.461	9.701	9.707	13.671	21.404	12.249	9.206	13.497	13.449	11.178	16.413	7.328
"c129079_g1_i1"	0.402	0.246	0.339	0.532	0.077	0.071	0.373	0.151	0.074	0.07	0.303	0.217	0.177	0.281	0.194	0.151	0.139	0.271	0.185	0.385	0.069	0.123	0.341	0.248	0.414	0.144	0.343	0.081	0.227	0	0.148	0.081	0.158	0.296	0	0.2	0.074
"c111200_g1_i2"	0	0	0	0	0.174	0	0	0	0	0	0	0	0	0.445	0	0	0	0	0	0	0	0.149	0	0	0	0	0	0	0	0.336	0.36	0.196	0	0.168	0.201	0	0
"c159995_g1_i1"	0	0	0	0	0	0	0	0	0	0.592	0	0	0	0	0	0	0	0	0	0	0	0	0	0	0	0	0	0	1.146	0	0	0	0	0	0.636	0	0
"c158164_g1_i1"	0	0.985	0	0	0	0	0.831	0	0	0	0	0	0	0	0	0	0	0	0	0	0	0	0	0	0	0	0	0	0	0.8	0	0	0	0	0	0	0
"c131894_g1_i2"	0.09	0.161	0.09	0	0.077	0.071	0.076	0.161	0.159	0	0.076	0	0.266	0.293	0.065	0.075	0.07	0	0.185	0	0.148	0	0	0	0.172	0.595	0.265	0	0	0.148	0.159	0.266	0	0.079	0.167	0.13	0.148
"c142908_g6_i1"	0.361	0.139	0	0	0	0	0.745	0.398	0.53	0.632	0.123	0.245	0.454	0.644	0	0.255	0.122	0.304	0.462	0.648	0.354	0.105	0	0.14	1.243	0.633	0.575	0.141	0.519	0.119	0.762	0.716	0.533	1.094	0.424	0.217	0.253
"c140459_g2_i2"	0.508	0.171	0.09	0.346	0	0.082	0	0.237	0	0.08	0.389	0	0.642	0.094	0.065	0.151	0.661	0	0	0.604	0.511	0.596	0	0	0.253	0.537	0	0.252	0.313	0.079	0	0.358	0.079	0.532	0	0.478	0
"c42725_g1_i1"	0	0	0	0	0.522	0	0	0	0	0	0.265	0	0	0	0	0	0	0	0	0	0.246	0	0	0	0	0	0	0	0	0	0	0	0	0	0	0	0
"c172425_g1_i1"	0	0	0	0	0	0	0	0	0	0	0	0	0	0	0	0	0.487	0	0	0	0	0.403	0	0	0	0.566	0	0	0	0	0	0	0.543	0	0.536	0	0
"c141611_g3_i1"	0	0	0	0	0	0	0	0	0	0	0	0	0	0	0	0	0	0	0	0	0	0	0	0	0	0	0	0	0	0	0	0	0	0	0	0	0
"c123329_g1_i1"	0.033	0	0	0.852	0.59	0.082	0.516	0.355	0.275	0	0.777	0	0.72	0.222	0.526	0	0.574	0	0	0	1.229	0.736	2.063	0	0	0	1.869	0	0	0.326	0	0	0	0.335	0.38	0	0.169
"c116446_g2_i1"	0	0	0	0	0	0	1.471	0	0.625	1.214	1.488	0	0.365	0	0	0	0	0.372	0	0	0	0	0	0	0.667	0	0	0.332	0	0.286	0	0.335	1.629	0.286	0	0.53	0.296
"c163569_g1_i1"	0	0	0	0	0	0	0	0	0	0	0	0	0	0	0	0	0	0	0	0	0	0	0	0	0	0	0	0	0	0	0	0	0	0	0	0	0
"c81743_g1_i1"	0	0	0.158	0.373	0	0.143	0	0.14	0	0	0	0	0.332	0.176	0.121	0	0.13	0	0	0	0	0	0.129	0.151	0.152	0	0.155	0	0	0	0.138	0.312	0	0	0.156	0	0.137
"c154343_g1_i1"	0	0	0	0	0.503	0	0	0	0	0	0	0	0	0	0	0	0	0	0.612	0	0.934	0	0	0.517	0	0	0	0	0.508	0	0	0	0	0	0	0	0
"c22844_g1_i1"	0	0	0	0	0	0	0	0	0	0	0	0	0	0	0	0.632	0	0	0	0	0	0	0	0	0	0	0	0	0	0	0	0	0	0	0	0	0
"c133800_g2_i1"	0.959	0	0	1.499	0	0	0.564	0.624	1.79	0.602	0.578	0.557	0	0	1.06	0.641	0	0.756	1.421	0.482	0.541	0.981	0	0	0.647	0	0.63	0.675	1.178	0	0	0	0	0	1.306	1.043	0.549
"c119331_g1_i3"	0	0	0	0	0	0.194	0	0	0	0	0	0	0	0	0	0	0	0.237	0.243	0	0	0	0	0	0	0	0.221	0	0	0	0	0	0	0	0	0	0
"c138430_g1_i2"	8.404	8.732	6.834	7.053	7.681	7.579	6.297	9.035	6.536	7.204	7.497	7.794	7.742	8.102	7.503	7.843	9.391	8.503	9.577	6.044	7.543	5.553	8.926	8.147	8.992	8.79	7.975	8.831	6.754	7.102	5.653	7.289	9.173	7.597	6.879	9.05	7.782
"c129760_g1_i2"	0.156	0.118	0.068	0.195	0.058	0	0.105	0.172	0.053	0.271	0.104	0.104	0.066	0.34	0.049	0.104	0.052	0.068	0	0.193	0.049	0.228	0.101	0.065	0.121	0.269	0.122	0.121	0.173	0.049	0.116	0.127	0.168	0.049	0.301	0.096	0
"c131985_g1_i2"	1.451	2.515	1.627	2.591	3.521	2.622	2.159	2.926	2.574	3	1.668	1.765	2.957	1.627	0.615	0.575	1.4	4.308	3.616	0.727	1.219	0.71	0.94	0.927	1.475	1.938	1.692	3.363	4.744	3.931	7.157	7.058	0.464	3.941	5.539	1.86	5.037
"c118957_g2_i1"	0	0	0	0	0	0	0	0	0.413	0	0	0	0	0	0	0	0	0.507	0	0	0	0	0	0	0	0	0	0	0	0	0	0	0	0	0	0	0
"c147505_g2_i2"	0.402	0.182	0.305	0.346	0.406	0.469	0.678	0.473	0.434	0.361	0.256	0.349	0.332	0.281	0.583	0.481	0.365	0.248	0.3	0.359	0.246	0.526	0.249	0.517	0.172	0.297	0.476	0.211	0.303	0.119	0.243	0.139	0.504	0.483	0.402	0.287	0.38
"c78579_g1_i1"	0	0	0	0	0	0.224	0.879	0	0	0	0	0	0	0	0	0	0	0	0	0.193	0	0	0	0.237	0.242	0	0.254	0	0	0	0.445	0	0	0	0.246	0	0.222
"c177423_g1_i1"	0	0	0	0	0	0	0	0	0	0	0	0	0	0	0	0	0	0	0	0	0	0	0	0	0	11.822	2.411	0	0	0	0	0	0	0	0	0	0
"c117883_g1_i2"	0.336	0	0.192	0	0	0	0	0.172	0	0	0.322	0.16	0.199	0.211	0	0.16	0	0	0.196	0.42	0.157	0.14	0	0	0	0	0	0.181	0.994	0.158	0	1.282	0	0.936	0.536	0.139	0.158
"c83959_g1_i1"	0	0	0	0	1.412	0	0	0	0	0	0	0.661	0	0	0	0	0	0	0	0	0	0	0	0	0	0	0	0	0	0	0	0	0	0	0	0	0
"c98771_g1_i1"	0.492	0	0	0	0.397	0.816	0	0.419	0	0	0	0.387	0	0	0	0	0.391	0.507	0	0.333	0.374	0	0	0	0	0	0	0.453	0	0.741	0.381	0	0	0	0.447	0	0
"c148290_g1_i1"	0	0	0	1.162	0	0	0	0.355	0	0	0.332	0	0.41	0.843	0.299	0.698	0	0	0.404	0	0.315	0.561	0	0	0	0.365	0	0	0	0	0	0	0	0.305	0	0	0
"c141766_g1_i1"	7.887	7.962	7.998	8.606	9.664	7.569	8.322	7.497	8.348	8.658	8.635	8.511	8.993	7.317	9.357	9.162	9.539	6.834	9.057	8.794	7.621	8.934	7.545	7.694	8.608	7.379	8.506	8.8	8.256	8.475	8.469	7.681	9.094	7.419	6.89	7.25	8.173
"c141431_g1_i14"	0.139	0.46	0	0.346	0.222	0	0.268	0.161	0.244	0.341	0.54	0.075	0.177	0.199	0.299	0.386	0.148	0.045	0	0.272	0.148	0.096	0.286	0.216	0.081	0.297	0	0.081	0.357	0.217	0.201	0.046	0.197	0.079	0.167	0.07	0.158
"c111953_g3_i1"	0.107	0	0	0	0	0	0	0	0	0.261	0	0.255	0.31	0	0	0	0.252	0	0	0.438	0	0	0	0	0	0	0	0.292	0	0.247	0	0.289	0	0.246	0	0	0
"c158607_g1_i1"	0	0	0	0	0	0	0	0	0	0	0	0	0	0	0	0	0	0	0	0	0	1.857	0	0	0	0	0	0	0	1.906	0	0	0	0	0	0	1.742
"c147440_g1_i4"	2.074	0.974	1.954	2.262	1.674	1.734	3.22	1.807	1.589	2.538	2.976	1.755	1.584	0.773	1.028	1.489	1.035	0.936	0.693	1.909	1.042	1.445	1.446	1.358	1.152	0.864	1.538	1.46	1.297	1.906	1.715	1.964	1.55	1.508	1.976	0.965	1.436
"c139654_g9_i1"	0.271	0.428	0	0.231	0.387	0.388	0.258	0.14	0.275	0.13	0	0.123	1.551	0.328	0.113	1.178	0.496	0.485	0	0.333	0.492	0.219	0.599	0.711	0.141	2.476	0.299	0	0	0.741	0	0.439	0.276	0	0.145	0	0.264
"c11987_g1_i1"	0.049	0.128	0	0	0	0	0	0	0	0	0	0.113	0	0	0.105	0.123	0	0	0.289	0	0	0	0.111	0	0	0	0	0.131	0	0.119	0.243	0	0	0	0	0	0
"c140393_g1_i3"	0.09	0.054	0.147	0.098	0	0	0.143	0.054	0.021	0.291	0.294	0.189	0.111	0.059	0.024	0.141	0.078	0.023	0.081	0.184	0.226	0.123	0.018	0.086	0.121	0.096	0.111	0	0.065	0.02	0.116	0.127	0.03	0.059	0.056	0.043	0.053
"c138101_g4_i3"	0	0	0	0	0	0.714	0	0	1.176	0.632	0.559	0.472	0.665	0	0.769	0	0	0.677	0.786	0	0	0	0	0	1.051	1.094	0.365	0	0	0.612	0	0.82	0	0.926	0.357	0	0.644
"c148946_g1_i1"	0	0	0	0.151	0	0	0	0	0	0	0.171	0	0	0	0.154	0	0	0	0	0	0	0	0	0	0	0	0.188	0	0	0	0.519	0	0	0	0	0.148	0
"c111289_g1_i2"	0	0	0	0	0	0	0	0	0	0	0	0	0	0	0	0	0	0	0	0	3.678	0	0	0	0	0	0	0	0	0	0	0	0	0	0	0	0
"c95699_g1_i2"	0	1.734	0.463	0.346	0.397	0	0	0.419	0	0	0.389	0	0	0	0.348	0	0	0.496	0	0	0	0	0	0	0	0	0	0.886	0.4	0.741	0.762	0.427	0	0	0.435	0.348	0
"c143162_g3_i1"	0	0	0	0	0	0	0	0	0	0	0	0.481	0	0	0	0	0	0.654	0	0	0	0	0	0	0	0	0	0	0.508	0	0	0	0	0	0	0	0
"c125910_g1_i1"	0.041	0.161	0	0.044	0.097	0.143	0.048	0.409	0.106	0.1	0.047	0.189	0	0.187	0.089	0.094	0.235	0.237	0.243	0.21	0.275	0.079	0.138	0.108	0.051	0.24	0.221	0.262	0.151	0.188	0.053	0.219	0.257	0.099	0	0.043	0.148
"c120044_g1_i1"	0	0	0	0	0	0	0	0	0	0	0	0	0	0	0	0	0	0	0	0	0	0	0	0	0	0	0	0	0	0	0	0	0	0	0	0	0
"c113733_g1_i1"	0	0.171	0	0.426	0.155	0	0.162	0	0	0	0	0	0.388	0	0	0.32	0.617	0	0	0	0	0	0	0	0	0.163	0.177	0	0	0.148	0.159	0	0	0	0	0	0
"c139300_g5_i1"	0.877	0.118	0.124	0.994	0.658	0.898	0.554	0.118	0.35	0.441	0.673	0.661	0.133	0.855	0.979	0.452	0.426	0.271	0.139	0.482	0.531	1.042	0.203	0.614	0.121	0.336	0.387	0.493	0	0.425	0.222	0.508	0.583	0.542	0.246	0.487	0.56
"c146936_g1_i5"	0.082	0	0	0.089	0.097	0.204	0.306	0.215	0	0.1	0	0.104	0.122	0	0	0.104	0.296	0	0	0.088	0.098	0.088	0	0.226	0	0.307	0.232	0.222	0.313	0	0.106	0	0.109	0.099	0	0	0.106
"c11802_g2_i1"	0.041	0	0	0	0	0	0	0	0	0.211	0.218	0	0	0	0	0	0	0	0	0.096	0	0	0	0	0	0	0	0	0.216	0	0	0.612	0	0	0	0	0
"c144051_g1_i1"	0	0.118	0	0.098	0	0	0	0	0	0.11	0	0	0	0.129	0	0.217	0	0	0	0	0.197	0	0.101	0	0	0	0.122	0	0.108	0.099	0	0	0	0.207	0.123	0	0
"c124370_g1_i1"	1.156	2.386	3.457	0.275	1.499	3.713	1.968	6.088	5.88	2.388	0.303	0.406	2.957	4.074	0.356	4.11	0.53	3.676	3.443	1.419	3.058	0.35	1.115	4.084	1.01	3.57	6.371	0.665	4.042	2.933	3.197	6.33	0.898	4.444	6.097	0.226	4.382
"c147388_g1_i4"	0.926	0.118	0.147	0.381	0.31	0.439	1.634	0.129	0.561	0.361	0.408	0.727	0.377	0.129	0.243	0.754	0.383	0.304	0.439	0.482	0.325	0.201	0.055	0.711	0.465	0.202	0.586	0.463	0.173	0.059	0.593	0.705	0.089	0.581	0.815	0.409	0.148
"c128296_g1_i1"	0.246	0	0	0.177	0.397	0.204	0.191	0.204	0.212	1.204	0	0.585	0.952	0.258	0.704	0.405	0.583	0	0.243	0.342	0.561	0.342	0	0	0.434	0.202	0.221	0.222	0.411	0.188	0.603	0.219	0.207	0.571	0.447	0	0.792
"c123741_g2_i1"	1.55	2.461	2.44	0.665	1.335	1.214	0.296	0.624	1.42	0.903	0.597	0.736	1.617	1.908	1.457	1.518	1.017	0.372	1.294	0.385	1.426	1.533	1.529	2.953	2.152	1.679	4.093	1.661	1.697	0.573	1.98	1.19	1.906	1.586	2.501	1.982	0.602
"c100836_g2_i1"	0	0	1.536	0	0	0	0	0	0	0	0	0.613	0	0	0	2.121	1.322	0	0	1.051	0	0.543	0.645	1.282	0	0	0	0	0	1.185	0	0	0	0	0	0	0
"c7013_g1_i1"	0.197	0	0	0.63	0	0	0	0	0.244	0	0	0	0	0	0	0	0	0	0	0	0	0	0	0.506	0	0	0	0.524	0	0.444	0.233	0	0.257	0.227	0	0.209	0
"c144150_g1_i1"	0.336	0.107	0.237	0.461	0.464	0.286	0.325	0.312	0.466	0.431	0.227	0.717	0.565	0.293	0.299	0.302	0.435	0.372	0.162	0.368	0.344	0.228	0.47	0.259	0.465	0.72	0.265	0.665	0.335	0.326	0.318	0.15	0.434	0.305	0.313	0.235	0.275
"c122052_g2_i2"	0.189	0.31	0.328	0.204	0.281	0.224	0.057	0.172	0.244	0.221	0.057	0.113	0.133	0	0.146	0.113	0.052	0.135	0.416	0.201	0.266	0.096	0.101	0.442	0.253	0.163	0.265	0.252	0.054	0.217	0.349	0.393	0.059	0.168	0	0.252	0.116
"c19532_g1_i1"	0.41	0	0	0.293	0	0	0	0.344	0	0.672	0.332	0	0	0	0.291	0	0.322	0.834	0	0.28	0.315	0	0	0.345	0.364	0.365	0	0	0	0	0	0	0	0.305	0.368	0	0.317
"c99622_g1_i1"	0	0	1.039	0	0.59	0	0.296	0	0	0	0	0	0	0	0	0.924	0	0	0	0.762	0	0.254	0	0	0	0.326	0	0.332	0.303	0.277	0.296	0.323	0	0	0	0.261	0.296
"c100504_g1_i1"	0.115	0	0.339	0.124	0.571	0.143	0.143	0.151	0.148	0	0.142	0.283	0.177	0.187	0	0	0.139	0	0	0	0	0.123	0	0.162	0.162	0.288	0	0.161	0	0.138	0.148	0	0.454	0	0.156	0.13	0
"c68855_g1_i1"	0	0	0	0	0	0	0	0	0	0	0.36	0	0	0	0	0	0	0.226	0	0.158	0	0	0.166	0	0	0	0	0	0.378	0.178	0	0.208	0	0	0	0	0
"c94991_g1_i1"	0	0	0	0	0	0	0.153	0.161	0	0	0	0	0.365	0	0.138	0	0	0.192	0	0	0.433	0	0	0	0	0	0	0.171	0	0.148	0.159	0	0.158	0.296	0	0	0
"c35150_g1_i1"	0	0	0	0	0	0	0	0	0	0	0	0	0	0	0	0	0	0	0	0	0	0	0	0	0	0	0	0	0	0	0	0	0	0	0	0	0
"c146423_g4_i1"	0.123	0.963	0	0	0.29	0	0	0	0.604	0	0	0	0	0	0.518	0.302	0.287	0.361	0	0	0	0	0	0	0	0	0	0	0	0	0	0	0.316	0.276	0	0	0.285
"c116158_g2_i1"	23.686	20.204	32.172	17.274	16.474	16.005	14.743	13.746	27.481	17.126	11.061	16.202	16.303	23.673	14.141	22.84	23.495	27.019	20.853	25.856	27.338	21.399	18.802	43.462	21.692	24.748	45.175	16.624	44.902	15.003	19.966	21.854	16.834	25.608	23.952	23.707	34.886
"c2025_g1_i1"	0.402	0	0	0.807	0	1.061	1.844	0	0	0	0	0	0	0	0.898	0	0	0	0	0	0	0.815	0	0	2.182	0	0	1.168	0	0	0	0	1.205	0	0	0	0
"c68240_g1_i1"	4.026	5.779	7.772	6.663	7.962	5.498	3.765	7.701	10.562	7.434	9.601	9.917	7.432	6.568	8.888	7.918	4.704	7.645	6.308	5.868	5.428	6.569	1.953	9.753	8.709	8.444	8.44	1.52	9.78	7.823	9.771	8.848	3.031	6.917	9.503	3.477	7.264
"c146553_g2_i1"	0.59	0	0	0	0	0	0	0	0	0	0.701	0	0	0	0	0	0	0	0	0	0.659	0	0	0	0	0	0	0	0	0	0	0	0	0	0	0	0
"c120693_g1_i2"	3.329	0	0	15.02	0.648	0	1.577	2.388	0	0	0	1.255	0	0.82	11.51	0	0	0.812	1.976	5.474	0.915	0.272	1.234	1.024	0.354	0.71	2.168	2.175	0.324	1.521	0	0	0.355	0	0	0.574	1.257
"c173609_g1_i1"	0	0	0	0	0	0	0	0	1.409	0	0	0	0	0	0	0	0	2.109	1.744	0	0	0	0	0	0	0	0	0	0	0	0	0	0	0	0	0	0
"c130411_g1_i1"	0.599	0.792	1.672	0.861	1.306	0.969	1.07	0.882	0.636	1.445	1.45	2.133	0.288	0.925	0.421	0.848	0.235	1.037	0.439	0.727	0.688	1.437	0.894	1.056	0.667	0.969	0.686	0.926	0.865	1.264	1.599	0.959	0.385	2.217	1.34	0.956	0.729
"c35556_g1_i1"	0	0	0	0	0	0	0	0	0	0	0	0	0	0	0	0	0	0	0	0	0	0	0	0	0	0	0	0	0	0	0	0	0	0	0	0	0
"c176183_g1_i1"	0.23	0	0	0	0	0.581	0	1.183	0	1.144	0	0	0	0	0	0	0	0	0.67	0	0	0	1.649	1.132	0	0	0	2.568	2.237	1.551	0.529	0	0.632	0	0	1.487	0
"c145372_g1_i1"	0.344	0.407	0.226	0.311	0.638	0.286	0.669	0.43	0.297	0.351	0.521	0.538	0.509	0.328	0.761	0.283	0.513	0.158	0.531	0.78	0.334	0.893	0.571	0.119	0.384	0.547	0.277	0.403	0.313	0.356	0.222	0.578	0.543	0.434	0.681	0.496	0.201
"c128598_g1_i1"	0.123	0	0.339	0	0.29	0	0	0	0	0.592	0	0	0	0	0	0	0	0	0	0	0	0	0.553	0	0	0	0.984	0	0	0	0	0	0	0	0	0	0
"c129475_g1_i1"	189.081	265.878	100.617	305.062	200.857	253.196	248.231	84.521	103.694	178.997	218.113	175.539	223.721	80.198	154.918	262.829	199.604	154.308	198.117	259.065	77.382	229.852	221.768	98.627	165.32	130.495	58.094	214.56	78.154	156.68	112.61	125.626	123.084	117.22	251.558	139.557	206.161
"c12747_g1_i1"	0	0	0	0	0	0	0	0	0	0	0.578	0	0	0	0.259	0	0	0	0	0	0	0	0.276	0	0	0	0	0	0	0	0	0.635	0	0	0	0	0
"c21813_g1_i1"	0	0	0	0	0	0	2.742	0	0	3.933	0	0	0	0	0	0	0	0	0	0	0	0	0	0	0	0	0	0	0	0	0	0	5.421	0	0	0	0
"c28504_g1_i1"	0	0	0	0	0	0	0	0	0	0	0	0	0	0	0	0	0	0	0	0	0	0	0	0	0	0	0	0	0	0	0	0	0	0	0	0	0
"c161476_g1_i1"	0	0	0	0	0	0	0	0	0	0	0	0	0	0	0	0	0	0	0	0.333	0	0	0	0	0	0	0	0	0.4	0.375	0	0	0	1.094	0	0	0
"c138613_g9_i1"	0.574	0	0.971	0.736	0.551	0	0.545	0	0.286	0.562	0.834	0.538	0	0.702	0	0.575	0	0	0	0	0	0.237	0	0.291	0	0	0	0	0	1.047	0	0	0	0	0.614	0.243	0
"c164968_g1_i1"	0	0	0	0	0	0	0	0	0	0	0	0	0	0	0	0	0	0	0	0	0	0	0	0	0	0.739	0	0	0	0.553	0	0	0	0.532	0	0	0
"c147354_g2_i3"	0.828	0.685	0.576	0.444	0.368	0.632	0.248	0.129	0.53	0.632	0.626	0.491	0.299	0.316	0.332	0.255	0.122	0.778	0	0.324	0.59	0.955	0.12	0.69	0.414	0.249	0.575	0.272	0.648	0.958	0.508	0.566	0	0.246	0.279	0.33	0.127
"c140940_g1_i2"	0.435	0	0	0.869	1.112	0	0	0	1.049	0	0	2.963	0	0	0	2.536	0	1.455	1.271	0.832	2.901	0	0	0.991	0	0	0	0	1.037	0.958	1.874	1.04	4.028	0.877	1.206	0	2.809
"c25324_g1_i1"	0	0	0	0	0	0	0	0	0	0.181	0	0	0	0	0	0	0	0	0	0.464	0	0	0	0	0	0	0	0	0	0.168	0	0	0	0.177	0	0	0
"c74058_g1_i1"	0	0	0	0	0	0	0	0	0	0	0	0	0	0	0	0	0	0	0	0	0	1.945	0	0	0	0	0	0	0	0	0	0	0	0	0	0	0
"c107490_g1_i1"	0.066	0	0	0.417	0	0.479	0	0	0.17	0.161	0.161	0	0	0.199	0.138	0	0.148	0.192	0	0.131	0.295	0.272	0.295	0	0.344	0	0.354	0	0	0	0.159	0	0	0.148	0	0	0
"c95201_g1_i1"	0	0	0	0	0	0	0	0	0	0	0	0	0	0.363	0	0	0	0.361	0	0	0	0.245	0	0.614	0	0.317	0	0	0	0	0	0	0	0	0	0	0
"c165282_g1_i1"	0	0	0	0.825	1.035	0	0.936	1.086	0	0	0	0	0	0	1.846	0	2.148	0	0	0.788	0	0	0	0	0	0	0	0	0	0	0	0	2.478	0	0	0	0
"c53990_g1_i1"	0	0.556	0	0	0	0	0	0.538	0.53	0	0.256	0	0	0	0	0.264	0	0.316	0	0	0	0.648	0	0.269	0.283	0.269	0	0.282	0	0	0	0.289	0	0	0.569	0	0
"c147279_g2_i4"	0	0.075	0	0.009	0.3	0.031	0.382	0.215	0.265	0	0	0.519	0	0.234	0	0.886	0.87	0.147	0.012	0	0.167	0.105	0.755	0	0.111	0.067	0.232	0.141	0.27	0	0.614	0.092	0.583	0	0.279	0	0.264
"c147206_g1_i2"	30.901	23.34	32.116	32.037	49.143	28.194	31.187	39.378	30.786	38.255	29.458	33.309	29.626	32.36	31.001	29.947	38.53	56.168	33.676	36.436	25.224	21.075	31.33	28.967	42.626	36.09	20.441	31.909	18.912	33.306	35.444	27.433	34.153	29.381	26.23	30.732	35.066
"c122083_g2_i3"	8.994	11.654	12.821	12.004	11.27	13.373	10.902	10.509	16.06	11.749	11.431	12.286	9.425	11.345	10.417	10.124	10.452	12.325	14.221	12.849	9.686	11.597	9.608	13.255	12.114	10.498	12.953	11.579	12.374	13.354	10.417	10.222	9.893	11.991	15.432	10.589	10.686
"c59881_g1_i1"	0	0	0	0	0	0.734	0	0	0	0	0	0	0	0	0	0	0	0	0	0	0	0	0	0	0	0	0.741	0	0	0	0	0.716	0	0.611	0	0	0
"c123910_g1_i1"	0	0.107	0	0.169	0.097	0.092	0.096	0	0.307	0	0	0	0	0.48	0	0.189	0	0.113	0	0	0.089	0.079	0	0.108	0.414	0	0.221	0	0.097	0.178	0	0	0.099	0.089	0	0.087	0.095
"c153509_g1_i1"	0	0	0	0	0	0	0	0	0	1.515	0	0	0	0	0	0	0	0	1.64	0	1.239	0	0	0	0	0	0	0	0	0	0	0	0	0	0	0	0
"c120469_g3_i1"	0	0.3	0	0	0	0	0	0	0.286	0	0	0	0	0	0	0	0.27	0	0	0	0.256	0	0	0	0	0	0	0.906	0	0	0	0	0	0	0	0	0
"c452_g1_i1"	0.533	0	1.615	0	0	0	0	0	0	0	0	0	0	0	0	0	0	1.838	0	0	0	1.086	0	0	0	0	0	0	0	0	0	0	0	0	0	0	0
"c87369_g1_i2"	0.418	0.556	0	0	0.996	0.337	0.497	0.355	0	0.171	0	0.16	0.199	0.211	0.445	0.339	0.165	1.049	0.208	0.867	0.482	0.14	0.47	0.55	0.556	0	0.188	0.191	0.173	0	0	0.185	0.178	0	0.19	0.296	0
"c85378_g1_i1"	0.082	0.428	0	0	0	0	0.392	0.204	0	0	0	0	0.233	0	0	0	0	0	0	0.166	0	0	0	0	0	0	0	0	0	0	0.593	0	0	0	0.223	0	0
"c48077_g1_i1"	0	1.145	0	0.444	0	0	0	0	0	0	0	0	0	0	0.469	0	0	0.665	0	0	0	0.438	0	0.528	0	0	0	0	0	0	0.498	0	0	0	0	0	0
"c145983_g7_i1"	6.608	5.244	8.201	16.582	9.8	5.161	14.342	11.531	12.882	11.658	21.847	8.738	7.852	5.339	6.241	6.108	2.478	4.578	7.567	10.764	6.884	10.24	2.929	11.693	4.658	4.846	7.245	4.722	9.748	18.342	8.639	9.656	4.562	14.543	10.027	7.207	12.649
"c122864_g1_i1"	0.713	3.97	6.19	2.981	2.215	7.967	6.908	7.508	9.047	3.702	6.199	5.086	4.485	9.272	5.642	2.913	3.983	7.149	7.914	7.217	7.887	7.507	3.279	7.436	8.012	4.222	3.341	5.155	3.491	5.719	7.146	10.511	5.381	2.138	8.609	4.025	11.583
"c58693_g1_i1"	0	0	0	0	0	0	0	0	0	0	0.464	0	0	0	0	0	0	0	0	0	0	0.193	0	0	0	0	0	0	0	0	0.233	0	0	0	0	0	0
"c33262_g1_i1"	0	0	1.243	0	0	0	0	1.119	1.006	0	0	0.944	0	0	0	0	0	1.376	0	0	0	0.85	0	0	0	0	0	0	0	0	0.9	0	2.538	0	0	0	0
"c85761_g1_i1"	0	0	0	0	0	0	0	0	0	0	0	0	0.399	1.229	0.291	0	0	0	0.786	0.543	0	0	0	0	0.354	0	0	0	0	0	0	0.358	0.355	0	0	0	0
"c53123_g1_i1"	0	0	0	0	0	0	0	0	0	0	0	0	0	0	0	0	20.513	0	0	0	0	0	0	0	0	0	0	0	0	0	0	0	12.678	0	0	0	0
"c145892_g2_i2"	0	0	0	0	0	0	0	0	0	0	0	0	0	0	0	0	0	0	0	0.78	0	0	0	0	0	0	0	0	0	0.435	0	0	0	0	0	0	0
"c28470_g1_i1"	0.361	0	0	0.736	0	0	0	0	0	0	0	0	0	0	0	1.009	0	0	0	1.401	0.806	0	0.912	0	0	1.295	0	0	0.865	0	0	0	0	0	0	0	0
"c141774_g1_i1"	0.943	1.241	0.633	1.411	1.248	0.857	1.51	1.14	2.172	0.632	2.019	1.104	0.808	0.527	1.692	0.999	1.652	1.77	0.843	2.312	0.983	0.692	1.502	1.821	1.98	1.372	1.803	1.802	1.751	0.909	1.461	1.421	1.274	1.32	1.541	1.139	1.637
"c137362_g1_i3"	0	0	0	0	0	0	0	0	0	0	0	0	0	0	0	0	0	0	0	0	0	0	0	0	0	0	0	0	0	0	0	0	0	0	0	0	0
"c106697_g2_i1"	0	0	0	0	0	0	0	0	0	0	0	0	0	0	0	0	0	0	0	0	0	0	0	0	0	0	0	0	0	0	0	0	0	0	0	0	0
"c87998_g1_i2"	0	0	0	0	0	0	0	0	0	0	0.313	0	0	0	0	0	0	0	0	0	0	0	0	0	0	0	0	0	0	0	0	0	0	0	0	0	0
"c39150_g1_i1"	0	0	0	0	0	0	0	0	0	0	0	0	0.631	0	0.453	0	0	0	0	0	0	0	0.497	0.517	0	0	0	0	0	0	0	0.543	0	0	0	0	0
"c126186_g1_i1"	39.149	27.867	21.633	38.682	29.873	23.451	18.937	20.576	19.631	21.37	29.335	32.441	25.684	28.122	64.059	30.541	39.451	28.045	35.733	55.197	28.97	34.669	47.193	24.323	28.976	25.746	23.627	38.363	23.083	31.883	24.042	26.186	41.597	20.603	19.675	36.582	24.887
"c88862_g1_i1"	0	0	0.746	0	0	0	0	0	0	0	0	0	0	0	0	0	0.626	0	0	0.543	0	0	0	0.334	0	0	0	0	0	0	0	0.347	0	0	0.357	0	0
"c138868_g1_i1"	0.082	0	0.158	0.062	0.329	0.469	0.526	0.14	0.35	0.201	0.531	0.132	0.078	0.258	0.178	0.198	0	0.733	0.243	0.175	0.511	0.166	0.064	0	0.141	0.134	0.232	0.141	0.065	0.128	0.138	0.081	0.138	0.325	0.882	0.174	0.137
"c107397_g1_i1"	0	0	0	0	0	0	0	0	0.286	0.271	0	0	0	0	0	0	0.261	0	0	0	0	0	0	0.291	0	0.288	0.299	0.302	0	0	0.805	0	0.286	0	0	0	0.264
"c104595_g2_i1"	0	0	0	0	0	0	0	0	0	0	0	0	0	0	0	0	0	0	0	0	0	0	0	0.884	0.475	0	0	0.483	0	0	0	0	0	0	0	0	0
"c78899_g1_i1"	0.066	0.171	0.181	0.417	0.155	0	0	0	0.328	0.161	0.313	0.302	0.188	0.199	0	0	0.148	0	0.196	0.272	0	0.263	0	0	0.172	0.633	0.177	0.342	0.162	0.296	0.318	0.358	0	0.601	0	0	0.158
"c11026_g1_i1"	0	0.556	0.587	0	0	0	0.487	0	0	0	0	0.481	0.62	0	0	0.537	0	0	0	0.42	0	0.841	0	0.517	0	0	0	0	0	0	0	0.531	0	0	0	0	0
"c157764_g1_i1"	0	0	0	0	0	0	0	0	0	0	0	0	0	0	0	0	0	0	0	0	0	0	0	0	0	0	0	0	0	0	0	0	0	0	0	0	0
"c20611_g1_i1"	0	0	0	0	0	0	0	0	0	0	0.54	0	0	0	0	0	0	0	0	0	0	0	0	0	0	0	0	0	0.832	0.257	0	0.3	0	0	0	0	0
"c124999_g1_i1"	10.937	4.174	9.805	5.483	6.394	6.436	8.16	6.787	3.57	5.558	4.066	13.144	8.174	8.09	9.398	6.523	10.165	9.202	2.888	22.203	2.468	5.229	14.251	5.765	7.284	7.245	6.216	7.471	7.943	14.035	6.214	5.105	11.256	7.134	5.996	11.484	7.296
"c137592_g1_i1"	0	0	0	0	0	0.704	0.229	0.247	0	0	0	0	0	0	0	0	0.226	0	0.566	0	0.216	0.193	0.433	0	0.768	0.24	0	0	0.238	0.217	0	0	0	0	0	0	0
"c3961_g1_i1"	0	0	0	0	0	0	0	0.645	0	0	0	0	0	0	0	0	0	0	0	0	0	0	0.295	0	0	0	0	0	0	0	0	0	0	0	0	0	0.296
"c131777_g3_i4"	0.172	0	0.158	0	0.068	0.133	0.268	0.075	0.286	0.07	0	0.264	0	0.351	0	0.207	0.261	0.169	0	0	0	0	0.378	0	0.222	0	0	0.222	0	0.198	0	0.231	0.918	0	0	0.296	0.063
"c170041_g1_i1"	0	0	0	0	0	0	0	0	0.561	0	0	0	0	0	0	0	0	0	0	0	0	0	0	0	0.606	0	0	0	1.102	0.514	0	0	0	0	0	0	0
"c119979_g1_i6"	0.033	0	0	0	0	0.082	0.076	0.086	0.085	0	0	0.075	0	0	0.065	0	0	0	0.092	0	0.079	0	0	0	0	0	0.088	0	0	0.079	0	0.185	0	0	0	0.209	0
"c127193_g2_i1"	0	0	0	0.328	0.358	0.367	0.726	0	0.127	0.492	0.616	0.717	0.443	0.621	0.324	0	0	0	0	0	0.236	0.105	1.013	0	0	0	0.277	0	0	0	0	0	0	0	0	0	0.243
"c177874_g1_i1"	0	0	0	0	0	0	0	0	0	0	0	0	0	0	0	0.349	0	0	0	0	0	0	0	0	0	0	0	0	0.335	0	0	0.358	0	0	0	0	0
"c147680_g1_i1"	23.088	17.764	17.464	15.89	26.864	21.482	24.632	14.994	18.709	11.096	24.406	21.467	13.224	16.988	46.308	25.771	20.521	25.598	17.017	24.384	11.388	17.151	27.028	18.374	21.722	11.41	8.86	20.249	9.283	26.461	16.356	20.988	21.89	22.681	19.798	22.438	17.316
"c87338_g1_i1"	0	0.278	0	0.444	0	0	0	0	0.265	0	0.758	0	0	0	0.227	0	0.991	0	0	0.219	0	0	0.24	0	0	0.537	0	0	0	0.237	0.508	0	0	0.483	0	0	0
"c55432_g1_i1"	0	0	2.666	0	0	0	0	0	0	0	0	0	0	0	0	0	0	0	0	0.85	0	0	0	0	0	0	0	0	0	0	0	0	0	0	0	0	0
"c143214_g3_i2"	0.082	0.503	0.124	0.142	0.019	0.265	0.506	0.452	0.212	0.301	0.332	0.151	0.465	0.304	0.04	0.349	0.165	0.35	0.162	0.079	0.059	0.166	0.359	0.194	0.051	0.106	0	0.473	0.432	0.168	0.254	0.208	0.523	0.345	0.313	0.156	0.222
"c136327_g2_i3"	8.117	14.715	16.459	9.032	14.646	13.811	9.564	11.552	15.51	13.996	10.739	9.842	13.656	13.827	8.596	12.414	7.904	12.201	13.297	8.811	15.439	10.143	9.921	13.094	10.204	13.406	16.227	10.25	20.057	11.951	12.471	13.872	13.023	14.957	18.894	13.345	15.933
"c131822_g1_i1"	0.148	0.086	0.237	0.222	0.193	0.204	0.201	0.333	0.042	0.08	0.085	0.198	0.1	0.105	0.032	0.085	0.191	0.192	0.046	0.14	0.197	0.105	0.184	0.14	0	0.23	0	0.091	0.13	0.079	0.085	0.139	0.168	0.158	0.313	0.104	0.127
"c153399_g1_i1"	0	0	0	0	0	0	0	0	0	0	0	0	0	0	0	0	0	0	0.913	0	0	0	0	0	0	0	0	0	0	0	0.699	0	0	0	0.86	0	0
"c96898_g2_i1"	0	0	0.915	0	1.18	0.204	0	0.419	0.212	0.401	0.597	0	0	0	0.348	0.603	0.191	0	0	0	0.934	0.333	0.184	0.431	0.657	0	0	0	0	0	0	0	0.425	0	0	1.226	0
"c100482_g1_i1"	0	0.621	0	0	0	0	0	0	0	0	0	0	0	0	0	0.613	0	0	0	0	0.521	0	0	0	1.253	0	0.608	0	0.562	0.523	0	0	0	0	0	0	0
"c158774_g1_i1"	0	0	0	0	0	0	0	0	0	5.96	0	0	0	0	0	0	0	0	0	0	0	0	0	0	0	0	0	0	0	0	0	0	0	0	0	0	0
"c144833_g1_i2"	0.869	0.899	1.469	0.639	1.035	1.091	1.127	1.237	1.462	1.184	0.815	0.802	1.506	1.03	0.51	1.141	0.939	1.229	0.97	0.867	0.462	0.674	0.866	0.948	1	1.382	0.863	0.836	1.426	0.899	0.985	1.386	0.958	1.281	1.329	0.748	0.971
"c18447_g1_i1"	0	0	0	0	0.784	0	0	0	0	0	0	0	0	0	0	0	0.8	1.004	0	0	1.406	0	0	0	0.849	0	0.807	0	0	0	0	0	0	0	0	0	0
"c147266_g1_i3"	1.591	0.728	0.294	0.488	1.393	0.632	0.468	0.99	0.509	0.411	1.014	0.745	1.495	0.843	0.526	1.32	0.809	0.778	0.705	2.382	1.387	1.156	0.35	1.056	1.111	1.19	1.239	0.624	1.34	0.514	0.656	0.404	0.425	0.778	0.804	0.391	0.644
"c132520_g1_i2"	0.353	0.235	0.621	0.195	0.745	0.214	1.175	0.559	0.456	0.752	0.976	0.849	0.133	0.41	0.283	0.32	0.104	0.53	0.266	0.561	0.098	0.639	0.497	0.711	0.232	0.748	0.122	0	0.443	0.207	0.222	0.612	0.336	0.315	0.48	0.287	0.327
"c144364_g1_i3"	0.205	0.321	0.113	0	0.097	0.296	0	0.108	0.106	0.1	0.398	0.198	0.233	0.503	0.259	0	0.096	0.361	0.243	0.175	0.846	0.508	0.276	0.55	0.222	0	0.111	0.111	0.205	0.286	0.106	0.116	0.207	0.769	0.435	0.522	0.296
"c89590_g1_i1"	0.074	0.096	0.102	0.08	0.513	0.082	0.172	0.269	0	0.261	0.085	0.51	0.1	0	0.154	0.085	0.078	0.429	0.104	0.149	0.167	0.07	0.083	0.194	0.283	0.173	0.1	0	0.27	0.079	0.18	0.393	0.178	0.168	0.1	0	0.084
"c147409_g1_i1"	0	0.225	0.938	1.783	0.996	0.612	0.984	1.893	0.837	2.017	0.806	0.981	2.414	0.761	1.417	1.64	0.783	0.744	0.982	0.858	0.57	0.508	0.184	0.873	0.667	0.211	0.907	1.339	0.411	0.948	0.603	1.351	1.284	0.956	1.117	0	2.386
"c75128_g1_i2"	0	0	0	0	0	0	0	0	0	0	0	0	0.233	0	0	0	0	0	0	0	0	0	0	0	0	0	0	0	0	0	0	0	0	0	0	0	0.19
"c40608_g1_i1"	0.41	0	1.209	1.641	4.131	0	0	0	0	1.053	2.891	0	3.932	0	5.528	1.169	1.078	0	0	0.788	3.619	0	0	2.813	2.233	0	1.04	6.011	0.973	5.383	0	0	2.478	0	0	2.669	0
"c136827_g1_i1"	2.607	2.14	3.355	3.15	2.012	2.571	4.175	3.152	2.924	3.11	2.739	2.321	2.06	2.845	1.611	2.064	2.096	4.15	3.096	3.477	2.311	2.479	1.925	2.436	2.081	3.224	3.141	2.235	2.626	2.331	3.388	2.934	1.896	2.444	3.16	2.938	3.136
"c72060_g2_i1"	0	0	0	0	0	1.295	0	0	0	0	0	0	0	0	0	0	0	0	0	0	0	0	0	0	0	0	0	0	0	0	0	0	0	0	0	0	0
"c112742_g1_i1"	0.189	0	0.26	0	0.222	0	0.44	0	0	0	0.673	0.217	0	0	0	0.462	0	0.564	0.277	0	0	0	0.212	0	0	0	0	0	0	0	0	0.254	0	0	0	0	0
"c91698_g1_i1"	0	0	0	0	0	0	0	0	0	0	0	0	0	0	0	0	0	0	0	0	0	0	0	0	0	0	0	0	0	0	0	0	0	0	0	0	0
"c14157_g1_i1"	0	0	0	0	0	0	0	0	0	0	0	0	0	0	0	0	0	0	0	0	0	0	0	0	0	0	0	0	0	0	0	0	0	0	0	0	0
"c182253_g1_i1"	0.262	0	0	1.082	0	0	0	0	0	0	0	0	0	0	0	0	0.652	0	0	0	0	0	0	0	0	0	0	0	0	0.583	0	0	0	0.562	0	0	0
"c138311_g2_i1"	0.262	0	0.768	0	0.658	0	0.621	1.377	0	0	0	0.613	0	0	0.583	0	0	0	0	1.051	0.6	0	0	0	0.717	0	0.697	0.745	0	1.185	0.603	0	0	0.571	0	0.574	0
"c135016_g2_i14"	0.049	0.064	0.068	0.053	0.058	0.235	0	0	0	0	0	0.293	0	0.07	0.202	0.179	0	0.068	0.069	0.053	0.226	0	0	0	0	0	0.133	0.131	0.065	0.109	0	0.069	0.059	0	0	0	0.063
"c10495_g1_i1"	0	0	0	0	0	0	0	0	0	0	0	0	0	0	0	0	0	3.834	0	0	0	0	0	0	0	0	0	0	0	0	0	0	0	0	0	0	0
"c134570_g1_i3"	0.656	0	0.429	0.169	0.832	0.561	0.554	0.484	0.392	0	0.663	1.01	0	0	0.575	0.66	0.087	0.113	0.809	0.324	0.354	0	0.433	0.205	0	0.748	0.962	0	0.292	0.267	0.381	0	0.395	0	0.525	0.661	0
"c132513_g2_i2"	0.443	0.15	0.271	0.417	0.048	0.143	0.096	0.14	0.689	0	0.047	0.094	0.111	0.117	0.162	0.368	0.261	0.226	0.231	0.447	0.305	0.158	0.129	0.151	0.303	0.355	0.321	0.453	0.713	0.178	0.053	0	0.099	0.227	0.257	0.165	0.137
"c118502_g2_i2"	0.082	0.225	0	0.089	0	0.102	0	0.215	0	0.201	0	0.094	0	0	0.267	0	0	0.248	0	0	0	0.604	0.092	0.442	0.222	0	0	0.554	0	0	0	0.231	0.207	0.099	0	0.53	0.201
"c22912_g1_i1"	0	0	0	0	0.068	0.071	0.067	0	0.074	0.07	0	0	0	0.187	0.065	0	0	0.09	0.092	0.061	0	0	0.064	0.075	0.162	0.144	0	0.081	0	0.069	0	0.081	0	0.069	0	0	0
"c19074_g1_i1"	0	0	0	0	0	0	0	0	0	0	0	0	0	0	0	0	0	0	0	0	0	0	0	0	0	0	0	0	0	0	0	0	0	0	0	0	0
"c134231_g1_i1"	7.043	7.555	5.58	3.602	8.523	7.65	9.946	3.227	10.658	9.391	2.711	7.275	5.239	3.501	9.843	6.165	5.026	6.54	8.191	5.483	4.769	4.826	5.923	9.354	6.224	5.422	10.685	7.944	8.343	7.062	6.839	2.599	3.732	2.581	10.508	4.016	8.616
"c79914_g2_i1"	0	0	0	0	0	0	0	0	0	0	0	0	0	0	0	0	0	0	0	0	0	0	0	0	1.324	0	0	0	0	0	0	0	0	0	0	0	0
"c140375_g1_i1"	0.508	1.006	0	0.967	0.832	0.612	0.535	0.957	0.816	1.144	1.081	0.83	0.177	0.784	0.939	0.311	1.026	1.037	0.659	0.736	0.659	0.263	0.912	1.185	0.677	0.528	0.088	1.349	0.865	1.106	0.783	0.97	1.195	0.975	0.335	0.409	0.391
"c113693_g1_i1"	0	0	0	0	0	0	0	0	0	0	0	2.463	0	1.674	0	0	0	0	0	0	1.21	0	0	0	0	0	1.361	0	0	0	0	0	0	0	0	0	0
"c65280_g1_i1"	0	0	0	0.861	0.503	0	0	0	0	0.512	0	0	0	0	0.453	0	0	0	0	0.832	0	0	0	0	0	0	0	0	0	0	0	0	0	0	1.686	0	0
"c54840_g1_i1"	0	0	0	0	1.035	0	0	0	0	0	0	0	0.31	0	0	0	0.252	0.327	0.635	0	0.246	0	0	0.28	0	0	0	0	0	0	0	0	0.276	0	0	0	0
"c4431_g1_i1"	0	0	0	0	0	0	0	0	0	0	0	0	0	3.091	0	0	0	0	0	0	0	0	0	0	0	0	0	0	0	0	0	0	0	0	0	0	0
"c43922_g1_i1"	0	0	0	0	0	0	0	0	0	0	0	0	0	0	0	0	0	0	0	0	0	0	0	0	0	0	0	0	0	0	0	0	0	0	0	0	0
"c154454_g1_i1"	0	0	0	0	0	0	0	0	0	0	0	0	0	0	0	0	2.687	0	0	0	0	0	0	0	0	0	0	0	0	0	0	0	0	0	0	0	0
"c115287_g3_i1"	0.107	0	0	0.24	0	0	0.268	0.559	0	0	0	0	0	0	0.478	0	0	0	0	0.455	0	0	0	0	0	0	0.299	0	0.551	0.504	0	0	0.286	0	0.301	0.235	0
"c135597_g1_i4"	0.287	0	0	0	0	0.734	0	0.742	0	0	2.038	0	0	0.866	0.631	0	0	0	0	0	0	0	0	0.69	0	0.912	0.741	0	0	0	0	0.716	0.81	0.611	0	0	0
"c117206_g1_i1"	0.156	0	0	0	0.193	0.388	0.764	0.204	0.403	0.391	0.768	0	0.233	0.246	0.34	0.396	0.191	0	0.474	0.832	0.187	0.166	0.184	0	0	0	0	0	0.195	0	0	0.219	0	0.552	1.072	0.678	0.38
"c93956_g1_i1"	1.148	0	0.666	0	1.335	1.081	1.72	0	0.9	1.084	1.128	0	0.687	0.995	0	0	0.87	0	0.081	1.48	0	0	1.741	1.175	0	0	0	1.48	0.735	1.63	0	0	1.372	0.7	0	0	0
"c128385_g1_i2"	0.238	0.128	0.136	0.213	0.232	0.112	0	0	0.127	0	0.351	0.226	0	0.445	0	0.113	0.452	0	0	0.307	0	0.499	0.111	0.129	0.253	0.355	0.133	0.131	0	0	0.36	0.531	0.247	0.453	0	0.304	0.116
"c135586_g3_i1"	5.411	3.168	10.144	9.289	0	5.937	9.201	6.088	0	12.983	0	8.313	0.509	0	3.675	0	0	0	5.499	4.134	5.379	7.279	0	4.278	0	0	1.361	5.588	3.328	0	0	2.229	7.731	3.399	0	0	0.391
"c53726_g1_i1"	0	0.278	0	0	0.252	0	0	0.269	0	0	0	0.245	0	0	0	0	0	0	0	0	0	0	0	0	0	0	0	0.282	0	0	0	0	0	0.236	0	0	0
"c154731_g1_i1"	0	0	0	0	0	0	0.449	0	0	0	0.464	0	0.576	0	0	0	0	0	0	0	0	0	0	0	0	0	0	0	0.465	0	0	0	0	0	0	0	0
"c67463_g1_i1"	0	0	0	0	0	0	0	0	0	0	0	0	0	0	0	0	0	0	0	0	0	0	0	0	0	0	0	0	0	0	0	0	0	0	0	0	0
"c147400_g1_i3"	9.683	7.748	11.24	10.496	9.19	10.384	12.22	9.218	11.293	10.805	11.45	9.691	7.531	7.493	7.593	7.965	8.035	8.412	7.867	9.819	8.654	8.812	7.71	9.117	7.547	7.888	9.69	7.834	9.261	9.541	8.946	9.229	9.182	9.163	8.442	8.798	9.45
"c118936_g1_i1"	57.375	69.709	79.041	64.286	66.768	78.421	85.171	73.787	75.567	70.561	69.276	64.684	78.025	81.017	63.986	59.96	59.659	87.438	80.257	79.949	73.93	55.262	64.253	63.733	71.551	62.556	62.994	62.951	64.43	61.959	66.145	75.808	80.163	67.897	71.711	64.541	74.588
"c118576_g1_i4"	0	0	0	0.186	0	0.071	0.134	0	0.074	0	0	0.066	0.078	0	0	0.066	0	0	0.081	0	0.069	0.061	0	0	0	0.067	0	0.151	0	0.128	0.138	0	0.069	0.069	0	0.061	0.211
"c111078_g1_i1"	0.451	0	0	0	0	0.275	0.268	0	0	0	0.815	0	0.332	0	0.243	0	0	0	0	0	0	0	0	0	0	0	0	0	0	0.257	0	0	0	0	0	0	0
"c110672_g1_i1"	0	0	0	0	0	0	0.602	0	0.212	0.211	0.616	0	0.986	0.258	0.364	0.632	0.8	0.507	0.497	0	0.197	0.526	0.387	0	0.455	0	0	0	0.421	0	0.614	0.231	0	0.197	0.223	0	0
"c120359_g2_i8"	0.041	0	0	0	0.087	0	0	0.194	0	0	0	0	0	0	0.081	0	0	0	0	0.245	0	0	0.175	0.108	0	0	0	0	0	0	0	0	0.099	0	0	0	0
"c142737_g2_i5"	0.246	0.653	0.102	0.08	0.339	0.51	0.172	0.086	0.18	0.171	0.085	0.255	0.199	0.328	0.154	0.255	0.165	0	0.52	0.07	0.167	0.289	0.24	0.194	0.566	0.086	0.199	0.191	0	0.079	0.265	0.196	0.444	0.168	0	0.374	0.348
"c140643_g1_i2"	0.951	0.524	0.52	0.648	0.687	0.836	0.487	0.387	1.229	0.582	0.844	0.547	0.875	0.749	2.566	1.075	0.861	0.88	0.762	2.111	0.659	0.841	1.575	0.733	0.717	0.873	0.719	1.128	0.638	0.761	0.625	0.543	2.073	0.66	0.558	1.139	0.665
"c122113_g2_i1"	0.664	1.776	0.949	0.701	2.834	1.244	1.577	1.71	0.413	0.411	0.796	0.387	0.498	1.534	2.169	2.554	0.4	3.586	0.497	0.674	1.131	2.041	0.387	2.522	3.566	0	5.807	3.202	2.042	1.511	3.928	2.195	0	1.113	0	0.713	0.391
"c131438_g1_i3"	0.139	0.203	0.113	0	0	0.143	0.239	0.549	0.106	0.14	0	0.142	0.055	0.304	0.04	0.094	0.043	0.53	0.116	0.333	0.138	0.079	0.046	0	0.051	0.182	0.332	0	0.151	0	0.243	0.116	0.099	0.424	0.268	0	0.19
"c127165_g1_i1"	0.418	0.353	0.26	1.074	0.455	0.275	0.411	0.14	0.879	0.411	1.062	0.953	0.277	0.059	0.121	0.452	0.261	0.169	0.277	0.963	0.128	1.638	0.59	0.463	0.556	0.317	0.42	0.302	0.281	0.356	0.805	0.578	0.662	0.177	0.257	0.165	0.232
"c152358_g1_i1"	0	0	1.615	0	0	0	0	0	0	1.415	0	0	0	0	0	0	0	0	6.215	0	0	0	0	1.175	0	0	0	0	0	0	1.112	0	0	0	0	0	0
"c103056_g1_i1"	0	0	0	0	0	0	0	0	0	0.281	0	0	0	0.351	0	0	0	0	0	0.701	0	0	0	0	0	0	0	0	0	0	0	0	0	0	0.313	0	0
"c17508_g1_i1"	0	0	0	0	0	0	0	0	0	0	0	0	0	0	0	0	0	0	0	0	0	0	0	0	0	0	0	0	0	0	0	0	0	0	0	0	0
"c87094_g1_i2"	0.353	0	0	0	0	0.928	0	0	0	0	0	0	0	1.077	0	1.979	0	1.15	0	0	0.787	0	0.894	0	0	0	0	1.027	1.707	0	0	0	0	0	0	0	0.781
"c178469_g1_i1"	0	0	0	0	1.142	1.193	0	0	0	1.164	0	0	0	0	0	1.301	0	0	0	2.558	0	0	0	0	0	0	0	0	0	0	0	0	0	0	1.228	0	0
"c128305_g1_i1"	13.782	21.157	38.476	19.128	18.806	21.411	24.68	22.297	32.121	20.658	15.904	15.72	19.271	26.904	16.48	19.644	16.139	24.278	22.089	18.831	28.744	23.519	13.974	31.457	25.955	25.429	40.319	17.923	39.337	14.914	29.463	25.504	20.715	21.292	32.416	24.698	28.762
"c99483_g1_i1"	1.558	0.931	0.328	0.612	0.629	0.887	0.602	0.441	0.53	0.813	1.147	1.264	1.141	0.539	1.651	1.169	1.661	1.004	1.005	1.463	1.052	2.12	1.594	0.754	1.132	1.104	0.487	1.943	0.216	0.514	1.101	0.785	1.254	0.315	0.715	0.348	0.433
"c147468_g3_i1"	0	0.3	0	0	0	0.286	0	0	0	0	0	0	0	0	0	0	0.27	0	0.335	0	0	0	0	0	0	0	0	0	0	0	0.275	0.312	0	0	0	0.243	0
"c114617_g1_i1"	2.033	5.19	2.689	1.517	5.853	3.529	4.386	6.475	4.788	4.063	5.403	5.445	4.884	7.177	2.436	4.647	3.661	7.443	5.592	1.209	6.598	4.511	3.841	6.035	9.962	6.621	5.829	4.179	4.323	3.309	4.224	4.528	3.367	4.493	7.537	3.217	3.77
"c120150_g1_i1"	0	0.225	0.249	0.745	0.213	0	0.21	0	0	0	0	0.406	0	0	0.186	0	0.2	0	0.254	0	0.197	0.175	0.193	0.226	0.232	0	0	0	0.432	0	0	0	0	0	0	0	0.211
"c177588_g1_i1"	0.697	0	0	0	0	0	0	0	0	0	0	0.793	0	0	0	0	0	1.128	0	0	0.777	0	0	0	0	0	0	0	0	0	0	0	0	0	0	0	0
"c30167_g1_i1"	0	0	0	0	0	0	0	0	0	0	0	0	0	0	0	5.675	0	0	0	0	0	2.856	0	0	0	0	0	0	0	0	0	0	0	0	0	0	0
"c114376_g1_i1"	0.328	0	0.373	0.852	0.319	0.163	1.882	0.161	0.667	0	0.796	0.462	0	0.41	0.283	0.16	0.461	0.395	0.196	0.823	0.452	0.131	0.147	0.517	0.172	0.163	0.719	0.171	0.162	0.306	0.487	0.358	0.504	0.158	0	0.417	0
"c146560_g1_i6"	0.812	0.738	0.542	0.745	1.2	0.979	0.621	0.914	0.932	0.903	0.417	0.613	0.587	0.562	1.133	0.716	0.809	0.699	0.601	1.27	0.62	0.797	1.013	0.7	0.424	0.796	0.476	0.987	0.746	1.096	0.614	0.566	0.938	0.897	0.636	0.73	0.866
"c138002_g1_i1"	0.131	0.353	0.373	0.071	0.077	0.245	0.076	0.247	0.17	0.321	0.246	0.16	0	0	0.073	0.085	0	0.203	0.104	0	0.079	0.07	0.221	0.269	0.182	0.163	0.365	0	0.584	0.158	0	0.185	0.168	0.158	0.357	0.139	0.401
"c132315_g2_i19"	0.271	0.235	0.124	0.692	0.329	0.224	0.869	0.118	1.038	0.773	0.663	0.217	0.133	0.843	0	0.113	0.417	0.406	0	0.377	0.728	0	0.912	0	0.97	0.988	0.254	0	0.108	0.425	0.561	0.381	0	0	0	0.869	0
"c29217_g1_i1"	0	0	0.915	0	0	0	0	0.817	0	0	0	0	0	0	0.696	0	0	0	0	0.613	0	0	0.774	0	0	0	0	0	0	0	0	0	1.807	0	0	0	0
"c145666_g3_i1"	64.566	25.512	19.531	46.338	27.425	14.423	40.206	33.624	9.768	30.089	60.282	28.903	7.132	22.689	78.272	30.56	34.912	39.378	43.427	51.466	22.991	78.045	52.572	14.074	63.236	11.064	13.218	52.449	19.031	25.819	41.489	6.445	51.56	33.106	8.542	64.697	18.077
"c138895_g1_i1"	0.262	0.567	0.791	0.071	0.232	0.806	0.401	0.463	0.551	0.522	0.284	0.16	0.288	0.667	0.178	0.839	0.348	0.338	0.647	0.28	0.462	0.342	0.295	0.938	0.748	0.307	0.509	0.574	0.994	0.583	0.582	0.277	0.543	0.552	0.357	0.6	0.412
"c138864_g1_i2"	1.09	4.077	1.265	4.037	5.398	2.326	1.309	1.506	1.907	1.796	3.668	2.34	1.296	3.302	5.124	7.748	3.974	3.124	1.952	2.417	1.387	4.458	2.929	1.476	4.728	3.291	1.062	6.142	0.951	3.417	1.408	1.12	2.182	1.123	1.172	2.434	1.689
"c665_g1_i1"	0	0	0	0	0	0	0	0	0	0	0	0	0	0	0	0	0	0	0	0	0	0	0	0	0	0	0	0	0	0.859	0	0	0	0	0	0	0
"c151892_g1_i1"	0	0	0	0	0	0	0	0	0	0	0	0	0	0	0	0	0	0	0	0	0	1.393	0	0	0	0	0	0	0	0	0	0	0	0	0	0	0
"c5284_g1_i1"	0.123	0	0	0	0	0	0	0	0	0.311	0	0.293	0	0	0	0	0	0	0	0	0	0.263	0	0	0	0	0	0.342	0	0	0	0.335	0.336	0	0	0	0
"c143871_g1_i1"	0	0	0	0	0	0	0	0	0	0	0	0	0	0.831	0	0	0	0	0	0	0	0	0	0	0	0	0	0	0	0	0	0	0	0	0	0	0
"c123192_g1_i1"	14.323	29.772	28.648	19.412	32.359	24.348	27.565	31.515	28.212	25.473	27.44	21.854	26.913	32.032	26.655	23.415	20.347	32.127	32.475	19.401	25.155	21.206	22.357	25.896	29.512	25.026	25.319	23.763	24.186	24.633	25.715	25.654	25.355	25.293	28.184	18.63	29.047
"c145370_g3_i2"	0.861	0.696	0.599	0.311	0.735	0.408	0.573	0.602	0.244	0.231	0.635	0.849	1.03	0.152	0.453	1.386	0	0.429	0.855	0.403	0	0.193	0.525	0	0.384	0	0.265	0.383	0.184	0.336	0.233	1.328	0.178	1.241	0.123	0.252	0.76
"c143134_g4_i1"	0	0	0	0.204	0	0	0	0	0	0.231	0.464	0.226	0	0.585	0.202	0	0	0.575	0	0.201	0.216	0	0	0.248	0.253	0	0	0	0	0.217	0	0	0	0	0	0	0
"c142454_g1_i1"	0.098	0.203	0	0	0.184	0	0.182	0.129	0.191	0.371	0.19	0.302	0.078	0	0.162	0.123	0.113	0.147	0.081	0.324	0.059	0.158	0.221	0	0.071	0.125	0.066	0.332	0	0.178	0.064	0	0.188	0	0.134	0.217	0
"c145132_g1_i2"	0.353	0.364	0.508	0.479	0.426	0.439	0.487	0.624	0.53	0.462	0.351	0.453	0.543	0.539	0.429	0.443	0.365	0.553	0.647	0.447	0.58	0.289	0.433	0.517	0.707	0.585	0.454	0.493	0.702	0.375	0.508	0.566	0.434	0.591	0.614	0.287	0.496
"c141012_g2_i2"	1.853	1.455	0.531	1.313	1.093	2.071	2.064	1.42	1.282	0.863	1.374	1.5	1.063	1.03	1.926	1.508	1.643	1.443	1.375	1.217	0.708	1.585	1.382	0.97	1.738	0.72	0.852	1.148	0.67	1.047	1.726	1.259	1.629	1.251	1.105	1.965	0.971
"c126219_g1_i2"	89.785	138.338	162.634	62.884	110.794	107.462	96.407	115.209	138.951	93.577	124.677	102.626	132.937	135.938	128.433	112.388	99.372	168.212	156.239	136.417	137.506	115.29	93.427	148.372	138.697	140.801	160.545	130.565	140.499	124.422	111.933	137.107	109.577	108.747	172.946	92.986	128.047
"c125091_g2_i3"	0.115	0	0	0.16	0.087	0.092	0.268	0.28	0.095	0.09	0.095	0	0.111	0	0.478	0.094	0	0	0.116	0	0.089	0.079	0.083	0.097	0	0	0.1	0.201	0	0	0	0	0.188	0	0	0	0.095
"c99874_g1_i2"	0	0	0	0	0	0.173	0	0	0	0	0.171	0	0	0.222	0	0.358	0	0.214	0	0.298	0	0.149	0	0.194	0	0.537	0.199	0	0.184	0	0.349	0	0	0	0	0	0
"c19309_g1_i1"	0	0	0	0	0.561	0.581	0	0	0.572	0	0	0.528	0	0	0	0.603	0	0	0	0.455	1.033	0	0	0	0	0	0	0	0	0	0.529	0	0	0	0	0	0
"c63296_g1_i1"	0	0	0	0	0	0	0	0	0	0	0	0	0	0	0	0	0	0	0	0	0	0	1.013	0	0	0	0	0	0	0	0	0	0	0	0	0	0
"c69361_g1_i1"	0	0	0	0.479	0	0	0	0	0	0	0	0.538	0.709	0	0	0.613	0	0	0	0	0	0	0	0	0	0	0	0	0	0	0	0	1.284	0	0	0	0
"c138967_g1_i1"	8.092	8.015	7.546	8.535	10.564	7.355	8.322	7.4	6.473	6.883	9.27	9.653	7.852	8.125	10.393	8.738	9.765	9.754	9	7.603	8.074	8.199	8.899	9.268	9.204	7.072	8.042	8.71	9.218	8.623	8.406	7.693	10.091	7.764	6.678	8.424	7.898
"c154208_g1_i1"	30.557	14.072	7.038	10.052	39.063	15.056	10.147	15.166	11.759	7.143	12.151	15.532	14.498	27.162	33.041	10.359	12.165	27.019	20.737	33.292	32.923	15.25	27.949	8.794	21.348	10.661	12.632	10.462	12.006	17.423	10.936	13.537	30.43	11.094	11.468	69.757	11.91
"c170929_g1_i1"	0	0	0	0	0	0	0	0	0	0	1.886	0	0	0	0	0	0	0	0	0	0	0	0	0	0	0	0	0	2.875	0	0	0	0	0	0	0	0
"c168529_g1_i1"	0	0	0	1.943	0	0	0	0	0	0	0	2.274	0	0	0	0	0	0	0	0	0	0	0	0	0	0	0	0	0	0	0	0	0	0	0	0	0
"c36313_g1_i1"	0.066	0	0	0.133	0	0.459	0	0.161	0.159	0	0	0.151	0	0	0	0	0	0	0	0	0.423	0.131	0	0	0	0.154	0	0.493	0.465	0	0	0	0	0	0.167	0.13	0
"c124180_g1_i2"	0.033	1.07	0	0.958	0	0.714	0.086	0	0.191	0.09	0.265	0.613	0	0	0.623	0.895	0.087	0	0	0	0.423	0.149	0.332	0.097	0.192	0	0.608	0.393	0.638	0.425	0	0	0.188	0.256	0.893	0	0.802
"c78677_g1_i1"	1.172	1.466	2.079	3.46	1.77	2.703	3.535	4.206	4.079	3.14	3.583	2.189	3.035	1.136	0.656	2.262	0.861	2.402	1.098	1.288	1.701	2.277	1.796	2.446	1.313	1.814	1.184	2.306	1.988	2.133	1.969	3.038	2.676	3.449	2.814	2.495	2.978
"c126481_g1_i1"	0.115	0	0.068	0	0.493	0.051	0.115	0	0.064	0	0	0	0.133	0.07	0.049	0.17	0.104	0	0.069	0.096	0.531	0.333	0	0.431	0.242	0.106	0.454	0	0.519	0.435	0.349	0.127	0	0.059	0.246	0.052	0.454
"c145118_g1_i2"	12.339	11.804	15.442	14.807	16.842	13.72	15.469	16.08	13.465	15.802	16.919	15.022	15.107	17.714	12.061	14.158	11.591	13.385	14.048	12.613	15.056	13.498	12.934	15.755	13.114	14.125	14.457	15.426	15.54	14.302	17.711	16.021	14.03	13.883	15.466	10.745	13.642
"c119237_g2_i3"	2.706	2.515	2.327	3.646	3.657	4.039	1.567	3.313	3.136	1.856	5.128	3.067	1.816	3.91	4.816	3.261	2.696	4.849	1.294	3.705	3.511	3.407	4.993	2.619	3.465	1.919	1.349	4.148	3.631	3.576	1.207	2.01	3.268	2.424	2.244	2.452	3.527
"c120207_g1_i2"	0.131	0	0	0	0.329	0	0	0	0.339	0.331	0	0.944	0	0.41	0.291	1.018	0.322	0.823	0.797	0.272	1.534	0	0.617	0	0.364	0	0.365	0.362	0.335	0.612	0.318	0.358	0	0	0	0.287	0.317
"c102405_g1_i1"	0.484	0	0.271	0	0.464	0.245	0	0.495	0.985	0.472	0.237	0.462	0.288	0.901	0.421	0.481	0.226	0	0.289	0	1.78	0	0.663	0.506	0.515	0.249	1.858	0.262	0.962	0	0	0.266	1.007	0.443	0.525	0.835	0.232
"c145131_g1_i1"	0.844	1.017	0.757	0.603	0.967	0.663	0.526	0.473	0.9	0.652	0.872	0.812	0.742	0.96	1.068	0.839	0.748	1.037	0.89	0.99	0.875	1.069	0.811	0.528	0.717	0.748	0.642	0.806	0.605	0.682	0.561	0.774	0.8	0.631	0.335	0.774	0.75
"c81113_g1_i1"	0	0	0	0	0	0.388	0	0	1.547	0	0	0	0	0	0	0	0.374	0	0	0	0	0	0	0	0	0	0	0	0.756	0	0	0	0.415	0.69	0	0.33	0
"c134749_g2_i1"	62.393	75.06	122.08	61.199	64.35	73.81	64.332	61.288	94.117	58.753	51.988	60.787	75.711	95.511	64.577	71.064	56.225	90.742	75.312	85.362	90.077	59.554	54.507	104.22	81.19	87.717	127.814	50.073	128.914	58.779	74.731	76.766	61.73	66.645	107.868	74.851	104.722
"c160254_g1_i1"	0	0	0	0	0	0	1.022	0.57	0.54	0	0.521	0	0	0	0	0	0	0	0	0	0.492	0	0.525	0	0	0	0	0	0	0	0.508	0	0	0	0	0	0
"c123915_g1_i1"	0.025	0.064	0.068	0.115	0.184	0	0	0	0	0.13	0	0	0	0	0.275	0.189	0.243	0.158	0	0	0	0.105	0.12	0.14	0	0.058	0.077	0.211	0	0.365	0.064	0.15	0	0.128	0	0.052	0.127
"c54458_g1_i1"	1.254	0.449	0	0	1.209	0	0.602	2.345	2.129	0.411	1.014	1.783	1.96	1.288	0.898	0.415	1.974	0	1.987	2.619	0.767	0.175	0.571	0.216	1.566	0	1.15	0	0	2.321	0	0.231	1.738	0.966	0.681	1.078	0.802
"c113967_g1_i1"	0.082	0	0	0	0	0.214	0	0	0	0	0	0	0	0.269	0	0	0.4	0	0	0	0	0.175	0	0	0	0	0	0	0	0	0	0	0	0.394	0	0.183	0
"c129569_g1_i1"	0.189	0	0.26	0.195	0.222	0	0	0	0.71	0	0.227	0.443	0	0.281	0.397	0	0.217	0.282	0.277	0.385	0	0	0.424	0	0	0.24	0	0.503	0.227	0.425	0	0.254	0.237	0	0	0.4	0
"c4093_g1_i1"	0	0	0	0	0	0	0	0	0	0	0	0	0	0	0	0	0	0	0	0	0	0	0	0	0	1.295	0	0	0	0	0	0	0	0	0	0	0
"c139598_g3_i2"	1.96	1.841	0.813	0.479	3.57	1.642	1.061	1.248	1.271	0.752	3.213	2.576	1.362	1.3	2.177	2.734	0.678	0.868	3.385	2.864	1.436	1.06	2.874	1.39	1.071	2.543	1.173	0.483	0.692	1.877	1.694	1.178	2.528	0.611	0.793	0.348	0.718
"c136523_g1_i7"	0.631	1.166	0.938	0.319	1.18	0.816	0.764	0.721	1.441	0.963	0.768	0.727	1.263	1.101	0.607	0.886	0.774	1.128	0.843	0.49	0.875	1.042	0.811	1.024	1.182	1.084	1.261	0.866	1.113	1.007	0.762	1.155	0.997	0.857	1.306	1.078	1.299
"c128457_g1_i1"	0.221	0.845	0.316	0.328	0.735	0.388	0.42	0.215	0.286	0.652	0.967	0.623	0.964	0.609	0.291	0.537	0.374	0.519	0.3	0.394	0.197	0.412	0.166	0.334	0.263	0.288	0.454	0.423	0.4	0.375	0.307	0.52	0.158	1.005	0.502	0.4	0.127
"c133022_g2_i2"	0.385	0	0	0.373	0.106	0.204	0.201	0.538	0.328	1.344	0	0.104	0.244	0.656	0.453	0.311	0.791	1.274	0.762	0.902	0.59	0.175	0.092	0.226	0.232	0	0.122	0.232	0.216	0.198	0	0.589	0.434	0.7	0.112	0.365	0.106
"c162799_g1_i1"	0	0.203	0	0	0	0	0	0	0	0	0	0	0	0	0	0	0	0.237	0	0	0	0.158	0.175	0	0	0	0	0.211	0	0	0.191	0	0	0.177	0	0	0
"c56830_g1_i1"	1.254	1.113	0	0.364	0.203	1.642	0.401	0.635	0.212	1.023	1.014	0.991	0.487	0.258	0.356	0.207	0.2	0	0.497	1.042	0.384	0.692	1.142	1.099	0.899	1.689	0.918	0.675	0.411	0.968	0.201	0.231	0.434	0.581	1.128	1.434	0
"c23691_g1_i1"	0.131	0	0.734	0.275	0.31	0.326	0	0.333	0	0.632	0	0	0	0	0	0	0.313	0	0	0	0.295	0.797	0	0.668	0.697	0	0	0	0.962	0.593	0.307	1.386	0.346	0	0.703	0.556	0
"c124702_g1_i1"	0	0.139	0	0.231	0.126	0.388	0.248	0	0.138	0.13	0.379	0.245	0	0	0.445	0	0	0	0	0.438	0.118	0.105	0.47	0	0	0	0.144	0	0	0.119	0	0	0	0	0	0	0.127
"c80219_g1_i1"	0	0	0	0	0	1.683	0	0	0	0	0	0	0	0	0	0	0	0	0	1.112	0	0	0	0	0	0	0	0	0	0	0	0	0	0	0	0	0
"c165828_g1_i1"	0	0	0	0	0	0.204	0	0	0	0	0.398	0	0	0	0	0	0	0	0	0	0	0	0	0	0	0	0	0	0	0	0.201	0.219	0	0	0	0	0
"c151652_g1_i1"	0	0	0	0	0	0	0	0	0	0	0	0	0	0	0	0	0	0	1.744	0	0	0	0	0	1.677	0	0	0	0	0	0	0	0	0	0	0	0
"c34162_g1_i1"	0	0	0.633	0	0.542	0	0	0	0	0	0	0	0	0	0	0.584	0	0	0	0	0.502	0	0	0	0	0	0	0.614	0	0	0	0	0	0	0	0	0.507
"c115381_g1_i1"	0	0	0.305	0	0	0	0	0	0	0	0	0	0	0	0	0	0	0	0	0.876	0	0	0	0.28	0	0	0	0	0	0	0	0	0	0	0	0	0
"c134564_g1_i2"	20.874	12.285	8.212	20.822	15.023	13.322	13.635	12.262	8.602	12.2	19.857	14.843	12.615	11.509	22.098	12.688	13.948	13.351	14.487	22.019	15.292	18.07	16.628	11.434	13.215	12.907	7.887	14.902	8.332	16.06	10.565	11.308	16.163	10.937	10.932	21.769	12.322
"c57459_g1_i1"	0	0	0	0	0	0	0	0	0	0	0	0	1.794	1.627	0	0	0	0	0	0	0	2.164	0	0	0	0	0	0	0	0	0	0	0	0	0	0	0
"c133264_g1_i1"	0	0	0	0	0	0	0	0	0	0	0	0	0	0	0	0	0	0	0	0	0	0	0	0	0	0.633	0	0	0	0	0	0	0	0	0.324	0	0
"c141706_g1_i2"	0.623	0.728	0.915	1.198	1.18	1.418	0.841	1.431	1.038	0.973	1.204	0.613	0.842	1.182	0.429	0.528	1.226	0.868	0.485	1.358	0.846	0.753	0.571	0.991	0.828	0.605	1.117	0.483	0.919	0.77	0.868	0.97	0.968	0.916	1.429	0.704	1.077
"c182701_g1_i1"	0	0	0	0	0	0	0	0	0	0	0	0	0	0	0	0	0	0	0	0	0	0	0	0	0	0	0	0	0	0	0	0	0	0	0	0	0
"c162064_g1_i1"	0	0	3.152	0	0	0	0	0	0	0	0	0	0	0	0	0	0	0	0	0	0	0	0	0	0	9.577	0	0	0	0	0	0	0	0	0	0	0
"c147464_g2_i3"	0.623	0.246	0.441	0.364	0.416	0.112	0.287	0.258	0.244	0.401	0.701	0.623	0.399	0.433	0.316	0.754	0.557	0.248	0.358	0.473	0.433	0.648	0.368	0.776	0.344	0.365	0.365	0.514	0.227	0.306	0.254	0.231	0.444	0.483	0.246	0.53	0.18
"c131498_g2_i1"	0	0	0	0.248	0	0	0.277	0	0.297	0.291	0	0	0	0	0	0	0	0	0.693	0	0.266	0	0	0	0.313	0.307	0.321	0	0	0.267	0	0	0	0.266	0	0	0
"c119319_g1_i3"	0	0	0	0	0	0	0	0	0	0	0	0	0	0	0	0	0	0	0	0	0.334	0	0	0	0	0	0	0	0	0	0	0	0	0	0	0	0
"c144535_g1_i5"	0.189	0.985	0	0.062	0.126	0.133	0	0.742	1.303	0	0	0.066	0.155	0.082	0.057	0.066	0.922	1.421	0.081	0.053	0.433	0.657	0.055	0	0.849	0.566	0	0.775	0.865	0.247	0.402	1.629	1.145	0	1.072	0.174	0.845
"c136934_g2_i1"	6.813	5.779	4.744	6.131	4.982	7.681	5.704	7.088	5.657	6.511	5.829	5.69	5.006	3.7	5.804	5.232	6.017	4.962	5.996	6.7	5.359	4.371	6.098	6.003	6.203	5.537	5.674	5.407	5.241	5.264	5.177	5.394	5.628	5.074	5.271	6.798	6.378
"c125337_g2_i1"	0.057	0	0	0.044	0.097	0.428	0.43	0.441	0.456	0.622	0.483	0.047	0.399	0.363	0.081	0.33	0.087	0.35	0	0.088	0.177	0.28	0	0.162	0.101	0.461	0	0	0.346	0.089	0.339	0.601	0.197	0.276	0	0.296	0.676
"c107522_g1_i1"	0.115	1.53	0	1.473	0	0	0	0	0.286	0	0	0	0	0	0	0	0	0.35	0	0.473	0.266	0.473	0	0	0.313	0.297	0.31	0	0	0	0.275	0	0	0.266	0	0	0.275
"c103463_g1_i2"	0	0	0	0	0	0	0	0	0	0	0	0	0	0	0	0	0	0	0	0	0	0	0	0	0	0	0	0	0	0	0	0	0	0	0	0	0
"c138459_g3_i3"	2.993	0	0.768	0.577	2.312	2.703	1.29	1.043	1.367	3.351	2.294	4.473	3.223	2.927	1.174	0.349	1.626	4.578	2.415	2.794	2.478	0.841	2.202	2.446	1.455	1.459	2.212	2.97	3.026	1.551	1.62	1.455	2.162	0.621	2.948	4.668	0.317
"c147239_g1_i3"	0.066	0.214	0.463	0.089	0.213	0.214	0.172	0.527	0.636	0.311	0.18	0.17	0.233	0.222	0.154	0.123	0.157	0.699	0.427	0.298	0.59	0.131	0.378	1.121	0.313	0.912	1.228	0.232	1.135	0.148	0.296	0.508	0.158	0.384	0.782	0.174	0.739
"c130212_g2_i1"	25.252	15.924	10.822	17.753	23.304	20.585	18.058	18.199	16.569	18.862	35.714	18.353	11.784	16.73	27.586	18.683	21.973	13.16	19.281	23.333	15.636	22.24	19.456	16.445	19.954	12.839	8.285	23.733	11.995	22.095	15.15	15.836	24.477	13.676	12.529	22.264	18.752
"c8291_g2_i1"	0	0	0	0	0	0	3.774	0	0	0	4.057	0	0	0	0	0	0	0	0	0	0	0	0	0	0	0	0	0	0	0	0	0	0	0	0	0	0
"c72738_g1_i1"	0.115	0	0	0	0	0	0	0	0	0	0.275	0	0	0	0	0	0	0	0	0.236	0	0	0	0	0	0	0	0	0.562	0	0	0.3	0	1.035	0	0	0
"c129806_g2_i1"	1.509	2.558	1.694	2.741	3.908	1.622	1.443	3.668	4.153	2.789	1.763	0.434	2.802	1.862	3.999	2.668	3.243	1.263	1.976	3.285	1.524	3.977	2.441	3.362	1.606	2.821	3.329	2.91	4.355	4.326	1.334	2.483	2.626	1.695	3.573	1.165	3.062
"c103940_g1_i1"	0	0	0	0	0	0	0	0	0	0	0	0	0	0	3.278	0	0	0	0	0	0	0	0	0	0	0	0	0	0	0	0	0	0	0	0	0	0
"c60181_g1_i1"	0.189	0.257	0	0	0.232	0	0	0	0.244	0	0.227	0	0	0.293	0.202	0	0	0	0.277	0	0.659	0	0.433	0	0	0	0	0	0	0	0	0.254	0	0	0	0.2	0
"c55914_g1_i1"	0	0	0	0.311	0	0	0	0	0	0	0	0	0	0.222	0	0	0	0	0	0	0	0	0	0	0.192	0.182	0	0	0	0	0	0	0	0	0	0	0
"c43205_g1_i1"	0	0	0	0.311	0	0	0	0	0	0	0	0	0	0	0	0	0	0	0	0	0.659	0	0	0	0	0	0.398	0	0	0	0.349	0	0	0	0	0	0
"c138153_g2_i1"	4.427	5.404	5.151	4.8	5.05	3.672	4.386	6.023	4.174	3.471	4.189	5.095	5.427	6.018	4.339	3.648	5.356	6.642	5.915	5.22	3.884	2.295	4.459	3.869	5.496	6.093	5.874	4.511	4.107	3.141	4.044	3.523	4.502	4.168	5.572	5.225	4.435
"c150605_g1_i1"	0	0	0.361	0.266	0.31	0	0	0	0	0	0	0.594	0	0	0	0	0	0	0	0	0	0.263	0	0.323	0	0	0	0	0	0	0	0	0.336	0	0	0.269	0
"c13358_g1_i1"	0.057	0.043	0.045	0.062	0.106	0.112	0.038	0.043	0.074	0.15	0.152	0.104	0.089	0.047	0.065	0.075	0.035	0	0	0.035	0	0.096	0	0.043	0.04	0.317	0.044	0	0.227	0.069	0.191	0.173	0	0.108	0.123	0	0.148
"c136629_g3_i1"	0	0	0	0	0	0	0	0	0	0	0	0	0	0	0	0	0	0	0	0	0	0	0	0	0	0	0	0	0	0	0	0	0	0	0	0	0
"c107214_g1_i2"	3.042	11.483	4.089	5.651	3.928	2.244	0.42	7.368	2.235	4.435	3.014	0.84	9.658	4.39	0.389	1.848	2.609	5.526	5.291	6.543	4.465	7.332	3.786	4.052	1.445	0.499	2.389	4.44	8.775	7.714	5.463	3.28	2.419	6.759	7.269	7.694	6.652
"c86703_g1_i1"	0	0	0	0.151	0	0	0	0.71	0	0	0	0	0.199	0.211	0	0.339	0	0	0	0	0.325	0.289	0.157	0	0	0	0	0	0	0	0	0	0.178	0.158	0	0	0
"c120552_g2_i1"	4.526	3.093	2.214	6.521	3.84	4.509	10.816	4.894	3.549	5.96	9.118	3.84	3.666	2.388	3.999	1.565	3.426	3.473	1.744	4.949	3.383	5.133	3.197	2.996	3.061	3.455	2.212	2.719	3.663	6.084	3.652	4.724	3.624	4.572	5.349	1.921	2.819
"c77990_g1_i1"	0	0	0	0	0	0	0	0	0	0	0	0	0	1.147	0	0	0	0	0	0	0	0	0	0	0	0	0	0	0	0	0	0	0	0	0	0	0
"c40628_g1_i1"	0	0	0	0	0	0	0	0	0	0	0	0	0	0	0	0	0	0	0	0	0	0	0	0	0	0	0	0	0	0	0	0	0	0	0	0	0
"c135592_g4_i7"	0.959	0.685	1.017	0.683	1.325	1.306	0.497	1.398	0.403	0.793	0.512	0.868	0.498	0.585	0.882	0.961	1.243	1.387	0.416	1.577	0.757	0.359	0.811	0.657	1.344	0.777	0.774	1.833	0.692	0.563	0.603	0.439	0.829	0.739	1.217	0.704	1.024
"c88973_g1_i1"	0.5	0	0	0	0	0	0	0	0	0	0	0	0	0	0	0	0	0	0	0	0	0	0	0.42	0	0.461	0	0	0	0	0	0.439	0	0	0.458	0	0
"c104569_g1_i3"	0	0.043	0.045	0	0.039	0.122	0.086	0.172	0.222	0	0	0.16	0.288	0.152	0.105	0.123	0	0.045	0.046	0.14	0.197	0.07	0.111	0.043	0.04	0.038	0.232	0	0.303	0	0.042	0.046	0.217	0.158	0.089	0.148	0.253
"c158983_g1_i1"	0	0	0	0	0	0	0	0	0	0	0	0	0	0	0	0	0	0	0	0	0	0	0.875	0	0	0	0	0	0	0	0	0	0	0	0.949	0	0
"c178261_g1_i1"	0.221	0	0	0	0	0.275	0.526	0	0	0.803	0	0	0.321	0.34	0.235	0.273	0	0.338	0	0.228	0	0.228	0.249	0	0	0.566	0	0	0.54	0	0	0.3	0.859	0	0	0.235	0
"c107572_g1_i1"	0.164	0	0	0	0	0.826	0	0.419	0.413	0	0	0	0	0	0	0.424	0.8	0	0	0	0.374	0	0.774	0	0	0.451	0	0	0	0.375	0.773	0	0.444	1.104	0	0.356	0.38
"c146365_g5_i1"	0.123	0	0.113	0.027	0.097	0.102	0.067	0.032	0.244	0.161	0.028	0.16	0	0.047	0.146	0.094	0.061	0.158	0.046	0.026	0.059	0.026	0	0.032	0.111	0.029	0.033	0.141	0	0.099	0	0.116	0.069	0.03	0.112	0.087	0
"c145902_g6_i1"	0.254	0	0	0	0.919	0	0	0	0.636	0	0	0.887	0.377	0	0.275	0.32	0.304	0.383	0.751	0	0	0	0	0.323	0.677	0.662	0	1.712	0.313	0.286	2.117	0.67	0.336	0.286	0	0	0
"c101317_g1_i1"	0	0.856	0	0	0.387	0	0	0	0	0	0	0	0	0	0	0	0	0	0	0	0	0.333	0	0	0	0.883	0.431	0	0	0	0	0	0	0	0	0	0
"c115231_g2_i1"	0.033	0.086	0.09	0.071	0	0.071	0.143	0.075	0.074	0.15	0	0	0	0.094	0.065	0	0	0.09	0.37	0.131	0.069	0.061	0.203	0	0	0.144	0	0	0	0.069	0	0	0.079	0.069	0.167	0.391	0
"c182725_g1_i1"	0	0	0	0	0	0	0	0	0	0	0	0	0	0	0	0	0	0	0	0	0	0	0	0	0	0	0	0	0	0	0	0	0	0	0	0	0
"c34853_g1_i1"	0	0	0	0	0	0	0	0	0	0	0	0	0	0	0	0	0	0	0	0	0	0	0	0	0	0	0	0	0	0	0	0.531	0	0.227	0.268	0	0
"c166464_g1_i1"	0	0	0	0	0	0	0	0	0	0	0	0	0	0	0	0	0	1.128	1.537	0	0	0	0	0	0	0	0	0	0	0	0	0	0	0	0	0	0
"c111657_g1_i1"	0	0.268	0	0.071	0.077	0.163	0.076	0.086	0	0	0.085	0	0.1	0.211	0	0	0	0.101	0.104	0	0.079	0	0	0.086	0	0.077	0.088	0.091	0.086	0.237	0.085	0.092	0.089	0	0.089	0	0.158
"c152396_g1_i1"	0.795	0	0	0	0	0	0.621	0.688	0.646	0	0	0	0.808	0	0.583	0	0	0.834	0	1.051	0.6	0	1.28	0	0	0	0	0	0	0.593	0	0	0	1.705	0.726	0	0
"c141609_g1_i1"	75.536	41.147	73.935	54.03	60.655	54.328	69.3	52.565	61.975	70.631	69.475	52.493	64.403	64.427	44.665	42.352	65.112	71.674	75.07	71.515	34.812	50.594	43.333	38.397	62.691	43.479	56.347	44.183	47.323	50.887	57.856	52.348	44.935	45.393	55.866	54.117	49.605
"c127370_g1_i1"	15.11	19.038	8.574	14.559	14.114	11.996	12.526	10.842	9.153	7.234	11.639	15.937	16.126	16.262	24.906	15.572	18.669	20.681	18.219	17.526	11.368	18.351	16.305	13.913	15.003	18.069	16.006	17.591	9.931	11.892	11.846	14.057	18.612	8.858	13.109	17.144	13.927
"c91132_g1_i1"	0.262	0	0.373	0.275	0	0	1.538	0.333	0	0	0	0.302	0	0	0	0	0	0	0.381	0	0	0	0.295	0.334	0	0.345	0	0.352	0	0.296	0.932	0	0	0	0.346	0	0
"c31447_g1_i1"	0	0	0	0	0	0.653	0	0	0	0	0	0	0	0	0	0	0	0.801	0	0.508	0	0	0	0	0	0	0	0	0	0	0	0	0	0	0	0	0
"c27480_g1_i1"	0	0	0.531	0	0	0	0	0	0	0	0	0	0	0	0	0	0	0	0	0	0.413	0	0	0	0	0	0	0	0	0	0	0	0	0	0	0	0
"c143861_g1_i4"	8.978	2.14	3.841	2.626	2.834	6.518	3.917	3.904	2.373	3.291	1.535	5.124	5.449	4.215	2.388	2.554	3.139	2.594	3.119	3.976	4.848	2.61	3.547	3.783	3.607	2.149	5.188	1.249	4.463	3.743	2.107	5.129	3.051	2.532	4.489	3.443	2.978
"c138858_g2_i1"	1.443	0	0	0	0	0	1.605	2.022	0	1.976	0	1.576	0	0	0	0	0	0	2.068	0	0	0	0	0	0	4.952	0	0	1.664	0	2.827	1.571	0	0	0	0	1.425
"c145567_g3_i1"	0.828	1.006	0.712	1.171	0.832	0.459	0.612	0.721	0.403	0.462	0.616	1.812	0.82	0.679	0.947	1.31	1.322	1.883	1.225	0.604	0.511	0.455	1.483	0.851	0.929	0.988	0.885	1.682	0.551	0.889	1.26	1.502	0.158	0.453	1.105	0.878	1.858
"c132144_g1_i2"	0.066	0.353	0.192	0	0.319	0.163	0	0.333	0.339	0.482	0	0	0.188	0.609	0.146	0	0.157	0	0	0.28	0.148	0.14	0.147	0	0	0	0	0	0	0	0	0	0	0.158	0	0.139	0
"c151599_g1_i1"	0	0	0	0	0	0	0	0	0	0	0.408	0	0	0	0	0	0	0	0	0.342	0	0	0	0	0	0	0	0	0.411	0	0	0	0	0	0	0	0
"c147477_g1_i2"	0.361	0.492	0.576	0.816	0.484	0.337	0.334	0.549	0.699	0.451	0.218	0.538	0.609	0.375	0.947	0.943	0.417	0.665	0.739	0.359	0.502	0.42	0.359	0.819	0.515	0.998	0.763	0.936	0.378	0.533	0.381	0.404	0.543	0.847	0.279	0.582	0.443
"c140796_g1_i2"	0.959	0.449	0.96	1.224	0.29	0.122	0.468	0.312	0.752	0.181	0.417	0.642	0.487	0.609	2.234	0.594	0.791	0.361	0.659	1.191	0.964	0.858	0.866	0.797	0.657	0.461	0.199	0.846	0.432	0.909	0.73	0.543	0.612	0.463	0.983	1.565	0.781
"c127188_g1_i13"	0	0	0.068	0	0	0.051	0	0	0	0	0.379	0	0	0	0	0.104	0	0	0	0	0	0	0.046	0.065	0	0	0.066	0	0	0	0	0	0	0	0.123	0	0
"c142161_g1_i1"	20.612	24.581	26.253	20.299	17.171	24.767	22.062	28.708	29.578	26.507	19.44	17.249	25.551	31.166	21.96	24.715	17.591	25.519	31.897	21.196	21.811	20.549	24.154	28.59	25.066	29.296	32.52	20.853	30.281	27.004	20.633	23.587	24.862	25.972	31.914	17.743	25.352
"c157684_g1_i1"	0	0	0	0	0	0	0.287	0	0	0	0.881	0	0	0	0	0	0	0	0	0	0	0	0	0	0	0	0	0	0	0	0.286	0.323	0	0	0	0	0
"c133493_g2_i1"	0	0.128	0.136	0	0.116	0.224	0	0	0.117	0	0	0	0	0	0.097	0	0.217	0	0.277	0	0	0	0	0	0.253	0	0.133	0.121	0	0	0.233	0	0	0	0.123	0	0
"c129055_g1_i3"	0.016	0.043	0.102	0.24	0.087	0.092	0.258	0.043	0.042	0.221	0.218	0.217	0.155	0.117	0.194	0.217	0.122	0.056	0.162	0.079	0.128	0.114	0.286	0.054	0.141	0.038	0.199	0.141	0.043	0.336	0.042	0.15	0	0.128	0.145	0.113	0.137
"c143575_g4_i1"	0	0	0	0	0	0	0	0	0	0	0	0	0	0	0	0	0	0	0	0	0	0	0	0	0	0	0	0	0	0	0	0	0	0	0	0	0
"c121010_g1_i2"	1.008	0.514	0.542	0.337	0.735	0.561	0.277	0.882	0.498	0	0.654	0.368	0.443	0.351	0.413	0.66	0.626	1.15	0.347	0.815	1.16	0.718	0.866	0.83	1.334	0.931	0.531	0.201	0.486	0.899	0.191	0.751	0.879	0.64	0.625	0.739	0.56
"c63853_g1_i1"	0	0	0	0	0	0	0	0	0	0	0	0	0	0	0	0	0	0	0	0	0	0	0	0	0	0	0	0	0	0	0	0	0	0	0	0	0
"c35505_g1_i1"	0	0	0	0	0	0	0	0	0	0	0	0	0	0	0	0	0	0	0	0	0	0	0	0	0	0	0	0	0	0	0	0	0	0	0	0	0
"c140814_g3_i2"	0.262	0.985	0.339	0.754	0.406	0.418	0.162	0.333	0.17	0.261	0	0.443	0.343	0.41	1.408	0.764	0.67	0.586	0.913	0.762	0.462	0.631	0.847	0.463	0.424	0.624	0.033	1.017	0.238	0.464	0.233	0.15	0.898	0.256	0.112	0.313	0.454
"c108740_g2_i5"	0	0	0	0	0	0	0	0	0.275	0	0	0	0	0.328	0	0	0	0	0	0	0	0	0	0	0	0	0	0	0	0	0.265	0	0	0	0	0	0
"c170128_g1_i1"	0	0	0	2.83	0	0	0	0	0	0	0	0	0	0	0	0	2.226	2.695	0	0	0	0	0	0	0	0	0	0	0	1.57	0	0	0	0	6.298	0	0
"c122421_g1_i2"	0.041	0	0.226	0.089	0.193	0.194	0.096	0	0	0.1	0.389	0.094	0.343	0.375	0	0.198	0	0.474	0.116	0	0.187	0.079	0.092	0.216	0.212	0.192	0.442	0.111	0.097	0	0.095	0.219	0	0	0	0	0
"c59060_g1_i1"	0	0	0	0	0	0	0	0	0	0	0.284	0	0	0	0	0	0	0	0	0.49	0	0	0	0	0	0	0	0	0.584	0	0	0.312	0	0.808	0	0	0
"c136780_g1_i1"	3.124	0	1.57	0	0	1.418	0	0	8.623	0	0	0	0	1.581	0	0	1.435	3.552	3.027	1.953	0	1.051	2.819	2.295	4.304	0	0	1.591	4.928	2.252	1.09	1.213	0	2.04	2.881	0	1.088
"c156725_g1_i1"	0	0	0	0	0	0	0	0	0	0	0	0	0	0	0	0	0	0	0	0	0	0	0	0	0	0	0	0	2.464	0	0	0	0	0	0	0	0
"c122389_g1_i2"	0.517	0.139	0.068	1.02	0.184	0.194	0.248	0.129	0.138	0.311	0	0.189	0.078	0.234	1.101	0.066	0.122	0.079	0.231	0.385	0.177	0.105	0.23	0.14	0.626	0.182	0.144	0.211	0.065	0.178	0.127	0.069	0.069	0.187	0.145	0.556	0.127
"c152785_g1_i1"	0	0	0	0.399	0	0	0	0	0	0	0	0	0	0	0.413	0	0	0	0	0	0.423	0	0	0.474	0	0	0	0	0	0	0	0	0	0	0	0	0
"c137331_g1_i1"	7.518	10.434	14.064	8.49	8.997	9.068	10.147	13.101	13.815	9.391	8.341	8.747	10.156	9.788	8.604	10.265	8.635	11.062	9.485	9.547	12.046	7.183	8.18	13.977	9.376	11.467	15.287	8.418	16.804	7.694	10.534	12.186	9.41	9.449	13.154	7.503	14.233
"c129557_g3_i1"	103.699	269.891	371.855	98.842	195.314	121.671	118.794	188.361	181.898	188.137	85.153	134.35	380.237	238.298	108.238	180.426	104.702	235.341	196.824	168.395	277.755	133.15	156.722	270.589	204.116	259.753	319.496	163.228	298.407	117.073	170.477	346.326	155.716	185.856	256.918	129.812	263.168
"c123477_g1_i1"	0	0	0	0	0	0	0	0	0	0	0	0	0	0	0	0	0	0	0	0	0	0	0	0	0	0	0	0	0	2.538	0	0	0	0	0	0	0
"c126722_g1_i3"	0.213	0.139	0.147	0	0	0.194	0.134	0.14	0	0.07	0.332	0.066	0	0.082	0.113	0.264	0.061	0	0.081	0.175	0.059	0.114	0.064	0.075	0.071	0	0.155	0.141	0	0.128	0	0	0.138	0.128	0	0.226	0.137
"c146317_g1_i6"	0.221	0.118	0.124	0	0	0.112	0.325	0.118	0.233	0	1.204	0.217	0	0.14	0.097	0.547	0.313	0.135	0.139	0.28	0	0.184	0.203	0.119	0.364	0.326	0.376	0	0.227	0.316	0.106	0	0.118	0.207	0.123	0.669	0
"c183507_g1_i1"	0	0	0	0	0	0	0	0	1.229	0	0	0	0	0	1.198	0	0	0	0	0.981	0	0	0	0	0	0	0	0	0	0	0	0	0	0	1.44	0	0
"c153356_g1_i1"	0	0	0	0	0	0	0	0	0	0	0	0	0	0	0	0	0	0	0	0	0	0	0	0	0	0	0	0	4.042	0	0	1.837	0	0	0	0	0
"c144697_g1_i1"	4.657	4.88	8.506	7.293	6.859	6.12	6.43	7.25	7.384	5.819	6.72	7.19	6.047	4.8	6.006	6.759	4.887	5.841	5.095	4.125	7.277	4.931	5.453	6.886	6.254	3.848	4.27	4.612	6.268	5.423	6.331	5.775	5.45	6.789	5.271	7.25	5.163
"c29122_g1_i1"	0.041	0	0	0.089	0.184	0.092	0.191	0	0.095	0	0.19	0.189	0	0	0	0	0.183	0.113	0	0.166	0.089	0	0.083	0	0	0.278	0.111	0.312	0.097	0	0.095	0.104	0.099	0.089	0	0.087	0.095
"c135587_g6_i1"	0.066	0.086	0.09	0	0.077	0	0.076	0	0.085	0	0	0	0	0.094	0.138	0.16	0	0.101	0	0.07	0	0	0.433	0.172	0	0.077	0.088	0.091	0.076	0.227	0.085	0.092	0.247	0.148	0	0	0
"c3993_g1_i1"	0	0	0	0.47	0.551	0.571	0.526	0	0	0.562	1.071	0	0	0	0	0	0	0	0	0	0	0.911	0	0	0	0	0.597	0.624	0	0	0.519	0	0	0.493	0.603	0	0.507
"c124153_g1_i2"	0.32	0	0.294	0.115	0.252	0.133	0.124	0	0.275	0.381	0.389	0.377	0	0.164	0.227	0.132	0.374	0	0.162	0.552	0.118	0	0.479	0.42	0.424	0.518	0.73	0.282	0.13	0.247	0	0.589	0.267	0.128	0	0.113	0
"c55753_g1_i1"	0.361	0	0.678	0.257	0.29	0	0	0	0	0.592	0	0	0.709	0.363	0.259	0	0.574	0	0.358	0	0	0.736	0	0	0	2.197	0	0	0	0	0	0	0	0.542	0	0.252	0.57
"c8752_g1_i1"	0	0	0	0	0	0	0	0	0.35	0	0	0	0	0	0	0.5	0	0	0.208	0.28	0.472	0	0.304	0	0	0	0	0	0	0.158	0	0	0	0	0	0	0
"c146110_g1_i1"	3.558	4.634	4.733	3.283	4.256	5.08	5.542	6.583	5.774	4.264	3.45	4.208	3.799	5.069	3.173	4.6	4.304	5.401	6.158	2.269	5.32	3.004	4.053	6.628	5.991	6.074	7.179	4.591	6.171	3.536	5.06	5.302	5.361	5.261	6.767	5.286	5.765
"c140214_g2_i2"	0.574	0.128	0.136	0	0.058	0	0.124	0	0	0	0.123	0.123	0.066	0.152	0.631	0.123	0	0.226	0	0.158	0	0	0.387	0.065	0	0	0.066	0.07	0.065	0.227	0.064	0.069	0.128	0.059	0	0.582	0.063
"c170710_g1_i1"	0	0	0	0	0	2.305	0	0	0	0	0	0	0	0	0	0	0	0	0	0	0	0	0	0	0	0	0	0	0	0	0	0	0	0	0	0	0
"c112470_g2_i1"	0.131	0	0	0	0	0	0	0.656	0.646	0	0.313	0	0.377	0	0	0	0	0.395	1.132	0	0.58	0	0	0	0	0	0	0	0	0	0.307	0	0	0	0	0	0.306
"c142194_g8_i1"	0.631	0.15	0	0.177	0.397	0.469	0.659	0.344	0.699	0.863	0.663	0.651	0.631	0.503	0.405	0	0.504	0.733	0.739	0.928	0.187	0.508	0.368	0.884	0.808	0.134	0.232	0.725	0.886	0.573	0.201	0.15	0.484	0.906	0	0.296	0.602
"c82968_g2_i2"	0	0	0	0	0	0	0	0	0	0	0	0	0	0	0	0	0	0	0	0	0	0	0	0	0	0	0.675	0	0	0	0	0	0	0	0	0	0
"c111171_g1_i1"	0	0	0	0	0	0	0	0	0	0	0	0	0	0	0	0.858	0	0	0	0	0	0	0	0	0	0	0	0	0	0	0	0	0	0	0	0	0
"c139511_g1_i1"	15.356	18.492	15.612	18.658	17.142	19.626	20.16	18.941	21.156	19.394	19.724	18.948	17.942	18.463	15.468	17.74	16.347	16.971	18.658	17.815	12.892	15.434	16.01	16.908	19.621	19.365	12.975	20.319	16.21	20.169	18.23	18.805	17.753	21.322	19.765	13.588	19.534
"c114910_g1_i1"	48.734	60.881	55.341	50.499	51.881	52.339	40.187	51.672	52.133	44.315	36.681	44.151	48.277	55.6	66.884	52.277	57.294	66.96	55.823	57.186	58.727	57.645	56.276	63.431	53.052	55.685	65.041	54.775	59.34	56.092	47.291	54.982	51.767	48.437	58.11	45.224	57.229
"c121094_g1_i2"	0.107	0.064	0.034	0.08	0.058	0.092	0	0.129	0.032	0.06	0.123	0.028	0	0.035	0.219	0.151	0	0.147	0.116	0.14	0.059	0	0.23	0.032	0.141	0.058	0.066	0	0	0.059	0.032	0.069	0.099	0	0.067	0	0.032
"c143547_g1_i1"	0.23	0.439	0.52	0.311	0.29	0.5	0	0.312	0.371	0.492	0.246	0.491	0.354	0.375	0.607	0.302	0.565	0.553	0.3	0.394	0.236	0.464	0.497	0.162	0.222	0	0.63	0.322	0.724	0.474	0.307	0.52	0.257	0.68	0.335	0.13	0.76
"c12644_g1_i1"	0	0	0	1.854	0	0	0	0	0	0	0	0	0	0	0	0	0	0	0	0	0	0	0	0	0	0	0	0	0	4.168	0	0	0	0	2.926	0	0
"c162612_g1_i1"	0	0	0	0	0	0	0	0	0	0	0	1.113	0	0	0	0	0	0	0	0	0	0.999	0	0	0	0	0	1.49	0	0	0	0	0	0	0	0	0
"c94054_g1_i1"	0	0	0	0	0.667	0	1.882	0	0.657	0	0	0	0	0	0	0	0.67	0	0	0.534	0	1.095	0	0.647	0	0	0	0	0.648	0.603	1.217	0.681	0	0.571	0	0	0
"c143906_g2_i1"	0.205	0.546	0	0	0.493	0	0.487	0.527	0	0	0	0.727	0.299	0.316	0	0.509	0	0	0	0.85	0	0.21	0	0.269	0	0.269	0	0.282	0.259	0.474	0.498	0.277	0.267	0.709	0.279	0	0
"c55836_g1_i1"	0	0	0	0	1.171	0	0	0	0	0	0	1.029	0	0	0	0	0	0	0	0	0	0	0	0	0	0	0	0	0	0	0	1.086	0	0	1.262	0	0
"c114453_g1_i1"	1.951	0	0.7	1.011	0.6	0.622	1.147	1.269	0.604	0	2.919	3.388	0	0.749	1.611	5.175	0	0	0	1.463	0	0	0	1.196	0.657	0.739	2.577	2.054	1.189	2.193	2.234	0.624	0	0.532	1.329	5.268	0.56
"c173326_g1_i1"	0	1.188	0	0	0	0	0	0	0	0	0	0.991	0	0	0.988	0	0	0	0	0	0	0	0	0	0	0	0	0	0	0	0	0	0	0	0	0	0
"c145906_g3_i1"	0	0	0	0	0	0	0	0	0	0	0	0	0	0	0	0	0	0	0	1.822	0	0	0	0	0	0	0	0	0	0	0	0	4.364	0	0	0	0
"c142290_g1_i4"	0.049	0.139	0.294	0.222	0.242	0.255	0.497	0	0.392	0	0	0.245	0.144	0	0.113	0.123	0	0.304	0	0	0	0.21	0.12	0.14	0	0.125	0.144	0.272	0	0.237	0.127	0	0.128	0	0	0	0.127
"c135693_g1_i4"	0.18	0.118	0.124	0.452	0.106	0.102	0.182	0.183	0.148	0.11	0.218	0.245	0.089	0.14	0.34	0.104	0.139	0.304	0.046	0.184	0.374	0.307	0.193	0.194	0.162	0.134	0.243	0.352	0.151	0.553	0.296	0.127	0.188	0.315	0.078	0.096	0.222
"c143454_g2_i2"	11.741	10.338	11.15	13.281	13.079	15.688	15.909	13.994	10.499	13.725	15.658	13.409	11.552	10.162	10.215	10.416	10.826	10.217	9.797	11.929	10.512	8.926	13.035	9.828	11.103	9.903	9.292	10.381	10.483	14.361	10.82	10.846	9.479	11.291	12.808	12.214	10.348
"c140578_g1_i3"	0.131	0.128	0.418	0.106	0.193	0.357	0.038	0.376	0.678	0.161	0.123	0.16	0.144	0.363	0.138	0.443	0.157	0.101	0.046	0.035	0.079	0.201	0.221	0.496	0.576	0.077	0.697	0.262	0.702	0.158	0.254	0.231	0.168	0.118	0.893	0.391	0.285
"c106439_g1_i1"	0	0	0	0	0	0	0.277	0.871	0	0.562	1.384	0	0.332	0	0	0	2.722	0	0.682	0	0	0	0	0.291	0	0	0	0	0	0.267	0	0	1.501	0	2.479	0	0
"c35599_g1_i1"	0	0.257	0.271	0	0	0	0	0.247	0	0.241	0	0.226	0.288	0	0	0	0	0	0	0	0	0	0.221	0	0.525	0.249	0	0.262	0.486	0.454	0	0	0	0	0	0	0.232
"c182622_g1_i1"	0	2.29	0	0	0	0	0	0	0	0	0	1.755	0	0	0	0	0	0	0	0	0	0	0	0	0	0	0	0	0	0	1.556	0	0	0	0	0	0
"c143117_g2_i1"	0.681	0	0	0	1.238	0.847	0.803	0.43	0.424	1.254	0	0.396	0	0.515	1.837	0	0	1.049	0	0.342	0.384	0	0	0.431	1.364	2.821	0	1.4	0	0	0	0.45	0.454	0.374	0	1.452	0
"c160919_g1_i1"	0.541	0.482	0	0	0	0	0	0	0	0	1.299	0.425	0	0	0.785	0.933	0	1.116	0	0	1.229	0.368	0	0	0	0	0.962	0	0	0.415	0.423	0.474	0	0	0.983	0	0
"c136491_g3_i1"	3.37	0	0	0	0	0	0	0	3.432	0	0	0	0	0	0	0	0	0	0	0	0	0	0	0	0	0	0	0	3.588	0	5.357	0	0	2.424	0	0	0
"c28520_g1_i1"	0	0	2.067	0	0	0	0	0	0	0	0	0	0	0	0	0	0	0	0	1.217	0	1.349	0	0	0	0	0	0	1.556	0	0	0	0	0	0	0	0
"c139428_g1_i1"	35.534	25.363	22.277	23.617	28.954	22.298	20.313	22.093	16.166	22.494	28.169	27.685	25.074	25.968	30.192	27.147	30.808	29.195	28.35	24.446	26.679	27.005	32.426	23.946	24.046	27.464	24.479	28.676	19.636	24.969	20.549	24.615	31.99	23.598	20.859	34.565	21.044
"c100186_g1_i2"	0	0	0	0	0	0	0	0	0	0	0	0	0	0	0	0	0	0	0	0	0	0	0	0	0	0	0	0	0	0	0	0	0	0	0	0	0
"c146956_g2_i6"	0.164	0.3	0.045	0.142	0.232	0.643	0.44	0.204	0.381	1.154	0.758	0.51	0.233	0.41	0.178	0.481	0.113	0.485	0.15	0.175	0.266	0.201	0.074	0.269	0.616	0.345	0.409	0.433	0.367	0.227	0.741	0.601	0.039	0.079	0.491	0.243	0.243
"c86007_g1_i1"	0	0.182	0	0.151	0.077	0	0.086	0.172	0.17	0.08	0	0.16	0.199	0	0.073	0.085	0.078	0.101	0.104	0	0.236	0	0.23	0.636	0.364	0.326	0.564	0.091	0	0.079	0.085	0.092	0.346	0	0.179	0.148	0
"c54305_g1_i1"	0	0	0	0	0	0.357	0.688	0	0	0.351	0	0	0	0	0	0	0	0	0.427	0.596	0	0.298	0	0	0	0	0	0	0	0	0	0	0.385	0.65	0	0	0
"c155957_g1_i1"	0	0	0	0	0	0	0	0	0	0	0	0	0	0	0	0	0	0	0	0	0	0	0	0	0	0	0	0	0	0	0	1.201	0	0.512	0	0	0
"c131848_g3_i2"	1.509	1.145	0.565	1.384	1.761	0.408	1.366	1.775	0.858	1.053	1.63	0.321	0.864	1.335	1.279	2.027	0.391	0.992	1.49	1.27	1.229	1.927	1.713	1.703	2.405	1.036	1.018	2.839	0.249	1.472	1.99	0.924	1.609	1.655	0.904	1.069	0.813
"c146421_g3_i1"	1.787	1.177	0.045	0.018	0.929	0.02	0.048	0	1.028	0.04	0.133	0.085	1.274	0.925	1.157	0.019	0	0.023	0	0	1.328	1.069	1.244	0	0.071	0.038	0.996	1.198	0.043	0.02	0	1.074	0.701	1.153	0.022	1.321	0.021
"c105386_g1_i1"	0	0	0	0.319	0.726	0	0.707	0	0	0	0	0.349	0	0.457	0	0	0	0	0	0.307	0	0	0	0	0	0	0	0.413	0	0	0	0.393	0	0.335	0	0	0
"c146496_g4_i3"	0.894	0.321	0.452	0.266	0	0.5	0.296	0.312	0.625	0.883	0.986	0.481	0.709	0	0	1.584	1.322	0.609	0	0	0.747	0.92	0.359	0.216	2.384	2.063	0.675	0	0.508	0.375	0.402	0.45	0	0.867	0	1.043	0.296
"c160824_g1_i1"	0	0	0	0	0	0	0	0	0	0	0	0	0	0	0	0	0	0	0	0	0	0	0	0	0	0	0	0	2.226	0	0	3.327	0	0	0	0	0
"c34948_g1_i1"	0	0.107	0	0	0.097	0	0	0.108	0	0	0.199	0	0	0	0	0.104	0	0.124	0	0	0.285	0	0	0	0.222	0	0	0	0	0	0.106	0	0	0	0	0	0
"c143537_g2_i2"	0.246	0.482	0.96	0.479	0	0.561	0.564	0.312	1.038	0.381	0.569	0.793	0.842	0.304	0.105	0.5	0.539	0.902	0.104	0.026	0.256	0.657	0.322	0.496	0.778	0.969	0.719	0.06	0.735	0.879	0.339	0.485	0	0.847	0	0.443	0.486
"c122966_g1_i1"	0.082	0.278	0	0.062	0.252	0	0	0.204	0.138	0.13	0	0.066	0.155	0.164	0.057	0.066	0.183	0	0	0	0	0.053	0	0.14	0.071	0.576	0	0.07	0.065	0	0.064	0.3	0.069	0.128	0	0.113	0
"c96392_g1_i1"	0	0	1.909	0	0	0	1.041	1.14	0	0	0	0	0.676	0	0	0	0	0	0	0.447	0.502	0	0.525	0.55	0	0.653	0	0	2.161	0	0.508	0	0	1.448	1.798	0.478	0.507
"c54681_g1_i1"	0	0	0	0	0	0	0	0	0	0.181	0	0	0	0	0	0	0	0	0	0.149	0	0	0	0	0	0	0	0	0.724	0	0	0.393	0.188	0.168	0.19	0	0
"c135595_g1_i2"	0.336	0.139	0.068	0	0	0.245	0	0.065	0.201	0	0.436	0.123	0.299	0.468	0	0.189	0	0.147	0.3	0.105	0.059	0.053	0.341	0.065	0.344	0.125	0	0.201	0.389	0.533	0.064	0	0.128	0.177	0.067	0.33	0
"c25951_g1_i1"	0	0	0	0	0	0	0	0	0	0	0	0	0	0	0	0	0	0	0	0	0	0	0	0	0	0	0	0	0	0	0	0	0	0	0	0	0
"c143718_g1_i2"	3.657	3.617	3.897	4.498	3.908	4.437	5.274	4.324	3.867	3.923	3.573	3.916	3.898	3.746	4.646	4.025	4.383	3.473	4.228	4.914	4.179	3.828	4.578	4.785	3.748	3.838	3.993	3.947	3.912	5.067	4.722	3.777	4.048	4.483	3.964	3.773	4.561
"c129506_g1_i3"	0.262	0.706	0.373	0	0	0.653	1.567	0.333	0.328	0.321	0	0	0	1.627	0	0	0.313	0.406	1.178	0	0.305	0	0	0.345	0.354	1.056	0	0	0	0	0	0.358	0	0	0	0.287	0.317
"c175134_g1_i1"	0	0	0.508	0	0	0	0	0	0	0	0.427	0	0	0	0	0	0	0	0	0.359	0	0	0	0	0	0	0	0	0	0	0	0.936	0	0.394	0	0	0
"c122555_g1_i3"	0	0	0	0	0.097	0.102	0	0.108	0.212	0.1	0.095	0	0	0.246	0	0.094	0	0.124	0	0	0	0	0.092	0.108	0	0	0	0.111	0.205	0.099	0	0	0	0	0	0	0
"c100989_g1_i1"	0.139	0	0	0	0	0	0	0	0	0	0	0	0	0	0	0	0	0	0	0	0	0.289	0	0	0	0	0	0	0	0	0	0	0	0	0	0	0
"c81564_g1_i1"	0	0	0	0	0	0	0	0	0	0	0	0	0	0	0	0	0	0	0	0	0	0	0	0	0	0	0	0	0	0	0	0	0	0	0	0	0
"c7362_g1_i1"	0	0	0	0	0.387	0	1.127	0.409	0.795	0	0.379	0	0.476	0.492	0	0	0	0	0	0.648	0.364	0.324	0.746	0.399	0	0	0.431	0	0.389	0.721	0	0	0	0.355	0	0.687	0
"c143768_g1_i17"	0.369	0.599	0.497	0.426	1.229	0.469	0.153	0.527	0.54	0.973	0.588	0.613	0.598	0.597	0.518	0.509	0.522	0.575	0.196	1.095	0.669	0.263	0.82	0.485	0.384	0.566	0.675	0.816	0.605	0.454	0.773	0.404	0.444	0.847	0.48	0.313	0.95
"c81286_g1_i1"	0	0	0	0	0	0	0	0	0	0	0.512	0	0.089	0	0	0	0	0	0	0.061	0	0	0.064	0	0	0	0	0	0.454	0.207	0	0	0	0	0	0	0
"c24223_g1_i2"	0	0.492	0	0	0	0	0.44	0	0.466	0	0	0	0	0	0	0	0	0	0	0	0	0	0	0	0.505	0	0	0	0	0	0	0	0	0	0	0	0
"c86609_g1_i1"	0	1.059	0	0	0	0	0	0	0	0	0	0	0	0	0	0	0	0	0	0	0	0	0	0	0	0	0	0	0	0	0	0.947	0	0	0	0	0
"c137758_g3_i2"	0	0	0	0	0.532	0	0	0	0	0	0	0.255	0	0	0	0	0	0	0	0	0	0	0	0	0	0	0	0.302	0	0	0.265	0	0	0	0.893	0	0
"c133210_g1_i1"	1.492	2.429	2.734	1.739	3.434	1.826	2.198	3.345	3.072	1.254	1.81	0.821	1.329	2.295	0.858	1.829	0.27	1.207	1.537	1.927	2.635	1.06	0.516	1.832	0.768	0.566	1.903	1.077	2.14	2.262	2.678	2.368	1.027	0.808	2.166	2.208	1.246
"c80388_g2_i1"	0	0	0	0	0	0	0	0	0	0	0	0	0	0	0	0	4.069	0	6.758	0	0	2.391	4.311	0	0	0	0	0	2.68	0	0	0	0	0	0	0	0
"c140261_g1_i2"	1.222	2.215	1.536	1.1	2.002	0.969	2.112	2.345	1.144	2.277	2.123	2.057	2.448	2.892	1.943	2.243	1.27	3.924	2.969	1.2	1.947	1.472	2.008	2.209	2.991	1.708	1.515	2.457	1.88	2.489	1.874	1.79	1.787	1.517	1.597	1.791	1.425
"c106903_g2_i1"	0	0	0	0	0	0	0	0	0	0	0	0	0	0	0	0	0	0	0	0	0	0	0	0	0	10.786	0	0	0	0	0	0	0	0	0	0	0
"c135602_g1_i4"	0	0	0	0	0	0	0	0	0	0	0	0	0	0	0	0	0	0	0	0	0	0	0	0	0	0	0	0	0	0	0	0.439	0	0	0	0	0
"c87567_g1_i1"	0.836	1.552	0	0	0.803	0.816	0.994	0.215	0	0.411	1.213	0.991	0.975	0.515	1.611	1.857	1.374	1.252	0	0.867	1.337	1.034	0.571	0.873	0.667	2.102	0.686	0.896	0.205	0.188	0.201	0.45	1.076	0.197	0.904	0.183	0.401
"c120354_g1_i1"	0	0	0	0	0.31	0.326	0	0	0	0	0	0.613	0	0	0.283	0	0.313	0.395	0.381	0	0	0	0.599	0	0.344	0.691	0	0.352	0	0	0	0	0	0.296	0.346	0	0
"c136335_g6_i3"	0	0.257	0	0.053	0	0.235	0	0	0.064	0.171	0.114	0.057	0	0	0	0.057	0.226	0.147	0	0.053	0.059	0	0.055	0.194	0.131	0.058	0.066	0.191	0.065	0	0.064	0.069	0.059	0.286	0	0	0.116
"c114102_g1_i1"	0.123	0	0.35	0	0	0	0	0	0.318	0	0	0	0	0	0.801	0	0	0.756	0.37	0	0	0	0	0	0	0.653	0.343	0.342	0	0	0	0.335	0	0	0	0	0
"c15079_g1_i1"	0	0	0.26	0	0	0.235	0	0	0	0	0	0	0.277	0	0	0	0	0.282	0.555	0	0.433	0.193	0.212	0.248	0	0	0	0.503	0.238	0	0	0	0	0	0	0.2	0.222
"c143344_g2_i1"	0.402	0.524	0.554	0.381	0.629	0.857	0.745	0.559	0.572	0.532	0.701	0.16	0.509	0.34	0.372	0.481	0.513	0.395	0.069	0.377	0.256	0.368	0.101	0.474	0.293	0.317	0.619	0.352	0.778	0.672	0.551	0.497	0.553	0.581	0.77	0.287	0.76
"c125700_g1_i2"	0	0	0	0	0.261	0.265	0.258	0.28	0.551	0	0	0.255	0	0	0.235	0.811	0.261	0	0.323	0.447	0.492	0	0.249	0.28	0	0.566	0	0.292	0.27	0.247	0	0	0.563	0	0	0.235	0.253
"c55979_g1_i1"	0	0	0	0	0	0	0	0	0	0	0	0	0	0	0	0	0	0	0	0	0	0	0	0	0	0	0	0	0	1.156	0	0	0	0	0	0	0
"c147679_g1_i2"	0.738	0.096	0.407	0.577	0.755	0.663	0.803	0.506	0.932	0.562	0.654	0.812	0.321	0.351	0.607	0.726	0.852	0.406	0.901	0.482	0.384	0.499	0.672	0.183	0.273	0.163	0.442	0.191	0.13	0.504	0.296	0.474	0.721	0.384	0.413	1.547	0.486
"c118557_g1_i2"	0.082	0.214	0	0.177	0	0.398	0	0.409	0.201	0	0	0	0	0	0	0	0	0	0	0	0.187	0	0	0	0	0	0	0	0	0.375	0	0	0	0	0	0.348	0
"c91443_g2_i1"	0	0	0	0	0	0	0	0	0	0	0	0	0	0	0	0	0	0	0	0	0	0	0	0	0	0	0	0	0	1.995	0	0	0	1.655	0	0	0
"c72182_g1_i2"	0.115	0	0.169	0.124	0	0.143	0.43	0	0	0	0.142	0.142	0	0	0.251	0	0	0	0	0	0.275	0.245	0	0	0	0.288	0	0.161	0	0	0.148	0	0.148	0.138	0	0.13	0.148
"c170818_g1_i1"	0	0.738	0	0	0	0	0	0	0	0.682	0	0.632	0	0	0	0	0	0	0	0	0	0	0	0	0	0.864	0	0	0	0	0	0	0	0	0	0	0
"c135265_g1_i1"	1.254	0.685	0.87	1.189	0.929	0.439	0.755	0.463	0.805	0.632	0.569	0.745	0.82	0.644	0.55	0.886	0.904	1.004	1.167	0.718	0.659	0.911	1.096	1.196	0.828	1.727	1.372	1.249	1.037	0.603	0.974	0.578	0.987	0.739	1.195	0.887	0.697
"c65605_g1_i2"	0.164	0	0	0.115	0	0	0.067	0	0.138	0	0	0.066	0	0	0.113	0.066	0	0.079	0.081	0	0	0	0.064	0.151	0	0.067	0	0	0	0	0.064	0	0	0	0.145	0	0
"c114042_g1_i1"	2.706	0.482	0.52	7.985	3.086	0.908	0.85	2.323	4.958	0	0.436	1.264	1.085	2.775	5.893	0.462	0	1.68	3.2	2.934	1.642	0.368	3.399	1.821	1.455	0.509	1.936	4.491	0	3.279	1.27	1.421	1.461	0.404	0.983	1.556	6.293
"c76779_g1_i1"	0	0	0	0	0	0	0	0	0	0	0	0	0	0	0	0	0	0	0	0	0	0	0	0	0	0	0	0	0.8	0.731	0	0	0	0	0	0	0
"c122241_g1_i1"	0.541	0	0	0.177	0.697	0.51	0.497	0.312	1.07	0.612	0.607	0.698	0.598	0.129	0.178	0.207	0.678	0.248	0.127	0.876	0.197	0.342	0.276	1.121	0.222	0.71	0.111	0.111	0.421	0.099	0.106	0.231	0.316	0.493	0.447	1.069	0.106
"c102127_g1_i1"	0.238	0.631	0	0.506	0.29	0	0.841	0.301	0	0	0.853	0	1.041	0	0.251	0.594	0.278	0	0	0.245	0.266	0.727	0.267	0.614	0	0	0.321	0	0.875	0	0	0.312	0.306	0.266	0	0	0
"c113910_g1_i1"	0.623	0.589	0.531	0.222	0.822	0.459	0.497	0.473	0.625	0.371	0.55	0.415	0.399	0.527	0.437	0.5	0.357	0.507	0.416	0.403	0.275	0.499	0.571	0.841	0.596	0.566	0.575	0.826	0.303	0.365	0.519	0.439	0.741	0.453	0.469	0.365	0.296
"c146933_g3_i2"	0.32	0.845	0.452	0.169	0.387	0.785	0.382	0	0.201	0.773	0	0.944	0	0	0.34	1.376	0.374	0.237	0.474	0	0.187	0.981	0.184	0.205	1.273	0	0.221	0.211	0.789	0.365	0.582	0.219	0.207	0.187	0.424	0.174	0.19
"c121025_g1_i1"	0.59	0.225	0	0	0.803	0	0.602	0.108	0.318	0.201	0.512	0.302	0.487	0.386	0.712	0.311	0.096	0.496	0.751	0.438	0.098	0.35	0.184	0.668	0.445	0.202	0.122	0.332	0.205	0.296	0.73	0.462	0.217	0.493	0.112	0.183	0.201
"c98471_g1_i1"	0.09	0	0	0	0.213	0.428	0	0.226	0.222	0	0.218	0.208	0	0	0	0	0	0.271	0	0	0	0	0.203	0.226	0.232	0.221	0	0	0	0	0	0	0	0	0	0	0
"c92867_g1_i1"	0.066	0.663	0.169	0.133	0.445	0.306	0.153	0.161	0.159	0	0.303	0.293	0	0.187	0.397	0.764	0.287	0.744	0	0.263	0.285	0.508	0	0.657	0.667	0.307	0.166	0.171	0	0.286	0.614	0	0.316	0.581	0.335	0	0
"c154000_g1_i1"	0	0.803	0	0	0	0	0.697	0	0	0	0	0.689	0	0.913	0.664	0	1.513	0	0	0	0	0	1.465	0	0	0	0	0	0.724	0	0.667	0.751	0	0	0	0	1.996
"c86660_g1_i1"	0.262	0.717	0	4.383	0.658	5.416	9.278	0.688	2.606	1.334	0	0.613	4.065	0	0.583	1.414	0.661	0	1.56	0.526	1.79	0.543	2.57	0.647	0	1.66	0	1.49	3.21	1.778	6.024	0.67	0.741	2.276	2.881	0	2.988
"c180143_g1_i1"	0	0	0	0	0	0	0	0	0	0	0	0	0	0	3.432	0	0	0	0	0	0	0	0	0	0	0	0	0	0	0	0	0	0	0	0	0	0
"c6369_g1_i1"	0	0	0	0	0	0	0	0	0	0.201	0.616	0.198	0.244	0	0	0.415	0	0	0.254	0	0.197	0	0	0	0	0	0.232	0	0	0	0	0	0	0	0	0	0
"c181925_g1_i1"	0.459	0	0	0	1.171	0	0	2.463	0	0	0	3.095	0	0	0	0	0	0	1.329	0	1.013	0	0	0	0	0	0	0	0	0	0.974	0	0	0	0	0	0
"c117948_g1_i2"	0	0	0	0	0	0	0	0	0	0	0	0	0	0	0	0	0	0	0	0	0	0	0	0	0	0	0	0	0	0	0	0	0	0	0	0	0
"c141629_g1_i1"	0.049	0.086	0.068	0.035	0.077	0.061	0.172	0.043	0.085	0.06	0.019	0.245	0.044	0.047	0.121	0.075	0.113	0.068	0.092	0.149	0.02	0.053	0.018	0.129	0.04	0.134	0.044	0.04	0.065	0.148	0.042	0.069	0.099	0.099	0.022	0	0.063
"c111452_g1_i3"	0.59	0	0	0.248	0	0	0	0	0	0	0.284	0	0	0	0	0	0.565	0	0	0	0	0	0	0.302	0	0	0	0	0.292	0.543	0.572	0.312	0.306	0.266	0.324	0	0
"c130232_g1_i1"	1.008	0	0	0	0	0.51	1.424	0	0.498	1.505	0.483	0	0	0	5.731	0.528	0.991	0.631	1.791	0	0.462	0.823	0	1.509	0	0	0	0.564	0	0	0.466	0	3.308	0.887	0.547	2.173	0
"c119296_g1_i2"	0.09	0	0	0.577	0	0	0	0.226	0.678	0.441	0	1.057	0.521	0	0	0.226	0.843	0	0	1.112	0.62	0.552	0.203	0.463	0.475	0	0.243	0	0.886	0.207	0	0.485	0	0.828	0.246	0	1.288
"c55747_g1_i1"	0	0	0	0.497	0	0	0	0	0	0	0	0	0.731	0	0	0	0	0	0	0	0.541	0	0	0	0	0	0	0	0	0	0	0	0	0	0	0	0
"c22048_g1_i1"	0.828	0.749	0.802	0	0	0	1.29	0	0	0	0.654	0	0.853	0	0	0	0	0	1.629	0	0.62	0	0	0	0	0	0	1.571	0	0.622	0	0	0	1.182	0	1.191	1.246
"c111724_g2_i1"	0	0	0	0	0	0	0	2.313	3.676	0	0	1.755	2.924	0	0	0	0	0	2.322	0	0	0	0	0	2.273	0	0	0	0	0	0	0	3.011	1.448	0	0	1.563
"c86125_g1_i2"	0	0	0	0	0	0	0.392	0	0	0	0	0	0	0	0	0	0	0	0	0	0	0	0	0	0	0.912	0	0.453	0	0	0	0	0	0	0.447	0	0
"c126618_g1_i3"	2.902	1.712	3.626	2.599	2.902	0	2.121	0	0.413	4.515	8.985	4.199	5.881	6.439	0.518	2.196	0	2.424	2.391	3.854	3.511	0	11.865	5.927	5.809	5.46	2.433	4.118	5.998	4.089	6.288	0	3.742	5.409	2.825	0.687	1.742
"c112065_g1_i2"	0.754	0.524	0.723	0.435	0.522	1.255	0.526	0.506	0.71	0.963	1.014	0.33	0.509	0.55	0.72	1.009	0.504	0.35	0.3	0.885	0.738	0.166	0.525	0.323	0.374	0.374	0.719	0.846	0.692	0.652	0.646	1.051	1.047	0.374	0.904	0.591	0.581
"c167947_g1_i1"	0	0	0	0.337	0	0	0.373	0	0.403	0	0	0	0	0	0.348	0	0.383	0	0	0	0	0	0	0	0	0.441	0	0	0	0	0	0	0	0	0	0	0
"c74630_g1_i1"	0.254	0	0	0	0	0.153	0.153	0	0	0	0.303	0	0	0	0.138	0	0	0.192	0.185	0.131	0	0	0.138	0	0.333	0	0	0	0	0.148	0.159	0	0.158	0	0	0.13	0
"c55533_g2_i1"	0	0	0	0	0	0	0	0	0	0	0	0	0	0	0.712	0	0	0	0.936	0	0	0	0	0	0	0	0	0	0	0	0	0	0	0	0	0	0
"c130953_g1_i3"	2.082	3.917	3.637	2.919	3.628	2.968	2.79	7.96	3.517	3.983	2.341	2.718	5.039	2.833	1.7	2.95	3.365	4.511	3.72	3.731	5.005	1.489	4.569	3.675	2.213	4.069	2.987	2.85	3.62	2.489	4.69	3.107	2.626	3.99	4.199	1.669	3.674
"c138159_g1_i2"	4.772	5.586	6.168	4.143	5.708	6.314	5.255	6.981	7.172	8.678	6.635	5.992	8.362	8.031	3.594	7.154	4.609	5.92	5.88	4.213	5.527	4.94	4.689	5.949	5.941	4.165	5.752	4.732	7.338	6.282	4.976	8.051	4.789	8.306	7.068	5.859	7.476
"c140652_g1_i4"	2.132	2.718	2.869	2.599	3.028	1.867	2.37	2.775	2.543	2.348	2.9	2.84	3.223	2.868	2.582	2.79	2.974	3.281	2.807	2.645	2.576	3.241	2.423	3.179	2.859	2.706	2.124	3.071	2.313	2.351	2.467	2.807	2.686	2.513	2.937	2.182	2.481
"c137162_g1_i1"	0.599	0.417	0.666	0.586	0.493	0.541	1.07	0.914	0.932	0.492	0.891	0.604	0.676	0.492	0.299	0.226	0.365	0.417	0.566	0.534	0.846	0.394	0.663	0.474	0.384	0.182	0.487	0.332	0.713	0.514	0.678	0.439	0.395	0.68	0.424	0.539	0.348
"c151220_g1_i1"	0	0	0	0	0	0	0	0	0	0	0	0	0	0	0	0	0	0	0	0	0	0	0	0	0	1.027	0	0	0	0.415	0	0.474	0	0	0	0	0
"c144958_g13_i1"	0.271	0	0	0	0	0	0.43	0	0.117	0.542	0.768	0.104	0	0	0	0.33	0.104	0	0.404	0	0	0	0	0.119	0.121	0.547	0.376	0	0.227	0	0.116	0	0.118	0	0.246	0.096	0
"c115344_g1_i1"	0.033	0.096	0.102	0.151	0	0	0.086	0.344	0	0.251	0.256	0	0.1	0	0.291	0.33	0	0	0	0	0.236	0.14	0	0.366	0.273	0.163	0	0.272	0	0	0	0.092	0.089	0.079	0.089	0	0
"c106818_g1_i2"	0	0	0	0	0	0	0	0	0	0	0	0.481	0	0	0	0.547	0	0	0	0	0	0	0	0	0	0	0	0	0	0	0	0	0	0	0	0	0
"c145104_g1_i3"	2.853	3.874	2.869	3.673	4.15	3.713	4.128	4.518	3.252	4.083	4.246	3.642	3.057	3.934	2.752	3.045	2.939	3.338	3.882	2.768	2.881	2.356	2.975	2.705	3.779	3.368	3.219	3.162	3.026	4.731	3.959	3.35	2.814	4.119	4.165	3.573	2.893
"c143958_g2_i1"	0.033	0.128	0.158	0.089	0.019	0.092	0.191	0.075	0.074	0.14	0.237	0.047	0.144	0.176	0.065	0.019	0.043	0.09	0.035	0.166	0.049	0.079	0.083	0.162	0.051	0.067	0.022	0.05	0.076	0.227	0.169	0.058	0.069	0.187	0.1	0.087	0.116
"c115814_g1_i1"	0	0.268	0	0.577	0.716	0.561	0.401	0.419	0.509	0.321	0	0.16	0.476	0.925	1.344	0.811	0.304	0.891	0.89	0.561	0.61	0.482	0.368	1.336	1.768	0.633	0	0.443	0.249	0.306	0.413	0.37	0.257	0.315	0	0	1.299
"c121144_g1_i1"	41.601	42.913	50.009	41.654	41.404	36.609	42.117	55.588	46.635	45.268	36.671	37.338	43.437	41.176	44.875	42.088	44.025	51.917	49.596	43.329	45.589	33.496	40.579	46.609	42.191	46.464	48.239	42.612	45.107	42.728	43.109	48.79	43.868	43.176	45.313	41.059	44.917
"c49405_g1_i1"	0	2.376	0	0	0	0	0	0	0	0	0	0	0	0	0	0	2.226	0.936	0	0	0	0.596	0	0	0	0	0.763	0	0	0	0.667	0	0	0	0	0	0
"c110061_g1_i1"	0	0	0	0	0	0	0	0.29	0	0	0	0	0	0	0	0	0.27	0	0	0	0	0	0	0	0.303	0	0	0	0	0.257	0	0	0	0.256	0	0	0
"c51211_g2_i1"	0	0.578	0.158	0	0.658	0.53	0.659	0.549	0.138	0.13	0.133	0.132	0	0	0	0.132	0	0.169	0	0.114	0	0.114	0.368	0.14	0.141	0	0.608	0	0.27	0.257	0	0.45	0.276	0	0.29	0.113	0.137
"c13011_g1_i1"	0	0	0	0	0.271	0	0	0	0.561	0	0	0	0	0	0.712	0	0	0.338	0	0	0	0	0	0	0	0.288	0	0.302	0	0	0.529	0.3	0	0	0	0	0
"c149060_g1_i1"	0	0	0	0	0	0	0	0	0	0	0	0	0	0	0	0	0	0	0	0	0	0	2.027	0	0	0	0	0	1.61	0	0	0	0	0	0	0	0
"c127419_g3_i1"	0	0	0	4.267	10.09	3.897	0	3.668	0	0	0	2.51	0	0	0	0	0	9.157	0	1.997	5.055	0	0	0	0	0	0	4.31	2.68	0	0	2.322	0	0	0	2.712	0
"c109474_g2_i1"	0	0	0	0	0	0	0	0	0	0	0	0	0	0	0	0	0	0	0	0.815	0.944	0	0	0.97	0	0	0	0	0	0	0	0	0	0	0	0	0.919
"c150042_g1_i1"	0	0	0	0	0	0	0.64	0	0	0	0	0.642	0	0	0	0	0	0	0	0	0	0	0	0	0	0	0	0.785	0	0	0	0	0	0	0	0	0
"c134804_g1_i1"	3.321	1.541	0.395	1.588	1.112	1.112	1.28	0.516	1.367	0.472	1.27	0.972	0.465	0.691	2.687	1.329	1.27	1.24	1.802	0.911	0.826	3.311	1.621	1.832	1.768	0.979	0.63	1.671	0.508	0.622	1.408	0.543	1.708	0.631	0.581	3.33	0.676
"c176801_g1_i1"	0	0	0	0	0	0	0	0	0	0	0	0	0	0	0	0	0	0	0	0	0	0	0	0	0	0	0	0	1.556	0	0	0	0	0	1.865	0	0
"c131887_g1_i1"	160.869	64.016	61.848	49.905	110.339	45.769	50.678	62.762	49.135	44.446	25.146	60.249	66.263	91.367	254.527	67.821	71.32	87.303	115.643	141.952	77.402	80.06	92.838	88.853	77.785	101.813	56.889	51.684	74.361	86.78	47.703	66.232	146.8	50.043	107.89	103.209	74.461
"c40220_g1_i1"	0	0	0	0	0	0	0	0	0	0	0	0	0	0	3.513	0	0	0	0	0	0	0	0	0	0	0	0	0	8.98	0	0	0	0	0	0	0	0
"c167521_g1_i1"	0	0	0	0	0	0	0	0	0	0	0	0	0	0	0	0	0	0	0	0.298	0	0	0	0	0	0	0	0	0	0.326	0	0	1.155	0	0	0	0
"c30204_g1_i1"	0	0	0	0	0	0	0	0	0	0	0	0	0	0	0	0	0	0	0	0	0	0	0	0	0	0	0	0	0	0	0	0	0	0	0	0	0
"c121805_g1_i1"	0.172	0.449	0	0.124	0.406	0.133	0.134	0.43	0.286	0.14	0.682	0.132	0.487	0.691	0.121	0.688	0.13	0.169	0	0.114	0.128	0.228	0.129	0.302	0.596	0.278	0	0.453	0.281	0.128	0.275	0.15	0.148	0	0.156	0.243	0.137
"c41224_g1_i1"	0.098	0	0.271	0	0	0	0.459	0	0	0.231	0	0	0	0	0	0	0	0	0	0.394	0	0	0	0	0.253	0	0	0	0	0.217	0	0.254	0	0	0	0	0
"c145719_g1_i1"	0.287	0.385	0	0	0	0	0	0	0	0	0	0	0.432	0	0	0	0	0.44	0	0	0.325	0	0	0	0	0.393	0	0	0	0	0	0	1.915	0	0	0.313	0
"c144488_g4_i1"	0.377	0	0.599	0.293	0	0.255	0.325	0.204	0.064	0.522	0.199	0	0.078	0	0.34	0	0	0	0.162	0.622	0.128	0.499	0.055	0.14	0.071	0.067	0.144	0.352	0.13	0.059	0	0.15	0.207	0.315	0	0	0.063
"c142475_g5_i1"	0.672	1.83	2.677	4.64	5.533	0	5.933	2.409	3.803	4.043	4.085	4.397	1.44	0.96	2.388	0	1.765	0	3.073	3.539	3.098	0	3.187	0	3.314	2.888	1.526	4.31	2.691	2.894	0	1.998	0	3.636	3.149	3.877	4.688
"c108660_g2_i2"	0.131	0	0	0.568	0.319	0	0	0	0	0.161	0	0	0	0	0.138	0.16	0.304	0	0	0.14	0.148	0	0.147	0.345	0	0.163	0	0	0	0.306	0	0	0	0	0	0.139	0.158
"c158456_g1_i1"	0	0	0	0	0.213	0	0.21	0.226	0.222	0	0	0.208	0.255	0	0	0	0	0	0.266	0	0	0	0	0.463	0	0	0.476	0.232	0	0	0	0	0	0	0	0	0.422
"c132544_g1_i1"	3.427	4.002	4.677	4.383	2.805	6.334	2.513	3.485	4.153	5.368	2.862	4.426	3.677	4.835	3.829	5.118	5.252	5.356	4.517	4.914	3.737	3.451	4.993	3.233	3.829	3.474	3.053	4.571	3.782	4.494	3.578	4.008	5.263	3.468	4.076	5.46	4.287
"c75750_g1_i1"	0	0	0	0	0	0.296	0.726	0	0.159	0.592	0	0	0	0	0	0	0	0	0.185	0	0.413	0	0.138	0.647	0	0.154	0.166	0	0.151	0	0.445	0.497	1.234	0.424	0	0	0.148
"c53637_g1_i1"	0	0	0	0	0	0	0	0	0	0	0	0	0	0	0	0	0	0	0	0	0	0	0	0	0	0	0	0	0	0	0	0	0	0	0	0	0
"c32679_g1_i2"	0	0	0	0.914	0	0	0	0	0	0	0	0	0	0	0	0	0	0	0	0	0	0	0	0	0	0	0	0	0	0.998	0.974	0	0	0	0	0	0
"c142100_g2_i1"	0.738	0.589	0.971	0.825	1.867	0.877	1.108	0.602	0.932	1.013	1.498	0.632	0.797	1.159	1.157	1.584	0.93	0.947	0.751	0.596	0.836	2.277	0.93	0.722	1.97	0.72	1.438	1.178	0.767	0.78	1.715	1.375	0.977	0.503	0.983	0.861	1.584
"c134687_g1_i2"	0.18	1.07	0.633	0	0.106	0.551	0.545	0.226	0.117	0.873	0.654	0.104	0	0.281	0.963	0.113	0.522	0	0	0.946	0.207	0	0.101	0.959	0.121	0.432	0	0	0	0	0	0	0.8	0.108	0.368	0	0.771
"c110983_g1_i1"	0.295	0.845	0.452	0.346	0.832	0.388	0.707	0.871	0.614	0.512	0.455	0.576	0.842	1.229	0.227	0.773	0.374	0.631	0.393	0.342	0.374	0.499	0.359	0.722	0.424	0.633	0.819	0.564	0.865	0.563	0.932	0.52	0.405	1.33	0.502	0.4	0.591
"c119425_g4_i1"	0.558	0.76	0.813	0	0	0	0	2.194	0.689	0	0.673	1.293	0.864	0	0	0.754	0.704	0.891	4.124	0.552	0	0	0	2.026	0	0	1.471	3.182	0	0	1.906	0	2.389	2.394	1.53	0.609	1.257
"c129750_g1_i1"	8.978	9.942	8.698	11.888	9.18	7.426	10.921	8.196	11.208	7.816	16.265	10.578	10.699	12.199	8.701	8.615	8.435	11.987	10.028	13.786	10.768	10.739	6.319	10.755	10.861	7.667	11.172	7.421	11.001	9.62	12.556	11.366	8.225	10.956	13.042	8.78	13.938
"c122108_g3_i1"	0.467	0	0	0.328	0.377	0	0.736	0.398	0	0.762	0	1.095	0.465	0	2.355	1.584	0.748	0.474	0.924	1.585	0	0.639	2.533	0	0.828	2.121	0.42	0	0	0.356	0.73	0	1.659	0	0	1.669	0
"c147422_g1_i2"	0.369	0.214	0.226	0.444	0.29	0.296	0.392	0.204	0.106	0	0.199	0.387	0.354	0	0.518	0.396	0.287	0.248	0	0.429	0.285	0.254	0.451	0.323	0.323	0.585	0.221	0	0.205	0.375	0.106	0.116	0.513	0.099	0.324	0.174	0.496
"c103388_g1_i1"	0.156	0.407	0	0	0.368	0	0	0	0	0	0	0	0	0	0.332	0	0	0	0.451	0.622	0	0	0	0	0.414	0	0	1.259	0.378	0.691	0	0	0.405	0	0	0	0
"c130432_g1_i1"	0	0	0.407	0.772	0	0	0.172	0.366	0	0	0	0	0	0	0	0	0.165	0.643	0.208	0	0	0	0	0.754	0.384	0	0	0.957	0	0.168	0	0	0	0.335	0	0	0
"c53457_g1_i1"	0	0.15	0	0	0	0	0	0	0.148	0	0	0.274	0.332	0.527	0	0.141	0	0	0	0.236	0	0.114	0	0	0	0	0	0	0	0.128	0.138	0	0	0.266	0	0	0
"c144978_g2_i1"	0.713	0	0	0	0	0	1.261	0	1.059	1.003	1.099	0.717	0.321	0.234	0	0.547	0.609	0	0.786	1.498	0.521	0	0	0.399	0.697	1.171	0.619	0	1.027	0	1.112	0.416	0.286	0.532	1.005	0.643	0
"c29213_g1_i1"	0	0	0	0	0	0	0	0	0	0	0.265	0	0	0	0	0	0	0	0	0.447	0	0	0	0	0	0	0	0	0	0	0	0	0	0	0	0	0
"c17137_g1_i1"	0	0	0	0	0	0	0	0	0	0	0	0	0	0	0	0	0	0	0	0	0	0	0	0	0	0	0	0	0	0	0	0	0	0	0	0	0
"c91658_g1_i1"	0.18	0	0	0.124	0.281	0.286	0	0	0	0	0	0.425	0.521	0.187	0.13	0.141	0	0.18	0	0	0.275	0	0.267	0.474	0	0.144	0.166	0.161	0.151	0	0	0.162	0	0	0.324	0.252	0
"c86665_g1_i1"	0.123	0	0.169	0	0	0	0	0	0.148	0	0	0	0.177	0	0.13	0	0	0	0	0	0	0	0	0	0	0	0	0.161	0.151	0	0	0.323	0	0.276	0	0	0.148
"c134388_g2_i2"	0	0	0	0	0	0	0	0	0	0	0	0	0	0	0	0	0	0	0	0	0	0	0	0	0.778	0	0	0	0	0	0	0	0	0	0	0	0
"c164088_g1_i1"	0	0	0	0	0	0	1.796	0	0	0	0	0	0	0	0	0	0	0	0	1.436	0	0	0	0	0	0	0	0	0	0	0	0	0	0	0	0	0
"c128664_g2_i1"	0.189	0.128	0.26	0.098	0.116	0	0	0	0.117	0.11	0	0	0	0	0	0.226	0.33	0.564	0.277	0.193	0	0	0	0.129	0.121	0	0	0	0	0.109	0	0.127	0.237	0	0.123	0	0.232
"c169966_g1_i1"	0	0	0	0	0	0	0	0	0	0	5.26	0	0	0	0	0	0	0	0	0	0	0	0	0	0	0	0	0	0	0	0	0	0	0	0	0	0
"c131484_g1_i1"	0.238	0.31	0.113	0.435	0.948	0.194	0	0.204	0.403	0.963	0	0.377	0.343	0.117	0.421	0.292	0.278	0.361	0.116	0.166	0.275	0.245	0.267	0.323	0.313	0.384	0.221	0.322	0.097	0.188	0.201	0.335	0.701	0.286	0.112	0.174	0.19
"c145664_g1_i6"	0.197	0.407	0.339	0.381	0.6	0.755	0.411	0.559	0.371	0.672	0.218	0.566	0.543	0.316	0.243	0.556	0.313	0.259	0.3	0.403	0.531	0.263	0.313	0.442	0.687	0.297	0.498	0.302	0.659	0.286	0.614	0.554	0.385	0.246	0.581	0.391	0.539
"c87473_g1_i1"	0.541	0	0	0	0	0	0.43	0	0	0	0	0	0	0	0	0	0	0.564	0	0.368	0	0	0	0	0	0	0	0	0.443	0	0	0	0	0	0	0.391	0
"c147578_g2_i2"	1.066	1.231	0.791	0.559	1.18	0.785	0.717	0.645	0.763	0.712	0.654	1.019	0.93	0.702	1.263	0.82	1.139	1.049	0.924	1.323	0.521	0.902	1.096	0.991	1.283	0.633	0.354	0.594	0.465	1.086	0.741	0.947	0.82	0.709	0.346	1.452	0.348
"c167821_g1_i1"	0	0	0	0	0	0	0	0	0	0	0	0	0	0	0.348	0	0	0	0	0	0.738	0	0	0	0	2.226	0	0.443	0	0	0	0	0.434	0	0	0	0
"c141623_g1_i1"	1.476	1.166	1.175	1.455	1.025	0.785	1.548	1.108	1.568	1.063	1.289	1.406	1.207	1.007	1.724	1.395	0.965	1.218	1.352	1.568	1.898	1.498	1.557	1.369	1.041	1.526	1.117	1.309	1.189	1.353	1.556	1.04	1.214	1.557	1.05	1.008	1.425
"c122232_g1_i1"	67.853	140.436	98.923	81.143	101.343	149.559	71.421	115.693	113.091	102.335	87.2	98.22	108.073	158.311	65.929	135.397	108.05	146.042	171.997	94.042	71.147	83.818	118.963	106.321	96.577	121.696	108.412	138.428	136.954	187.072	109.805	136.484	153.169	160.495	109.978	112.729	116.823
"c141760_g6_i1"	0.164	0.878	0	0.346	0	0	0	0.419	0	0	0	0	0	0.503	0	0	0.8	0	0	0.333	0	0	0	0.83	0.445	0	0.442	0	0	0	0	0	0	0	0	0	0.38
"c102744_g1_i1"	0.336	0	0.949	0	1.345	0	0.268	0.28	0	0	0	0.264	0.332	0	0	0.839	0	0.677	0.335	0.228	0	0	0.258	0	0.303	0.288	0.608	0	0	0.514	0	0	0.583	0	0	0.478	0.528
"c99761_g1_i1"	0	0	0	0.275	0	0	0	0	0.17	0.161	0.313	0	0	0	0.275	0.16	0.304	0	0	0.403	0	0.131	0.147	0	0.172	0.317	0	0	0.162	0.444	0	0.358	0	0	0.179	0.139	0
"c167582_g1_i1"	0	0	1.57	0	0	0	0	0	1.229	0	0	0	0	0	0	0	0	0	0	0	1.141	0	0	0	0	0	0	0	0	0	0	0	0	0	0	0	0
"c141997_g1_i2"	0.23	0.3	0.429	0.169	0	0.184	0.096	0	0.201	0	0.929	0.179	0.111	0	0.081	0.283	0.087	0.113	0.116	0.648	0	0.079	0.175	0.108	0.202	0	0	0.715	0.195	0.267	0	0	0.099	0.177	0.1	0.243	0
"c179998_g1_i1"	0	0	0	0	0	0	0	0	0	0	0	0	0	0	0	0	0	0	0	0	0	0	0	0	0	0	0	0	1.318	0	0	1.375	0	0.581	0	0	0
"c144704_g1_i2"	0	0	0	0	0	0	0	0	0	0	0	0	0	0	0	0	0	0	0	0	0	0	0	0	0	0	0	0	0	0	0	0	0	0	0	0	0
"c159459_g1_i1"	0	0	0	0	0	0	1.586	0	0	0	0	0	0	0	0	0	0	0	0	0	0	0	0	0	0	0	0	0	0	0	0	0	0	0	0	0	0
"c119313_g2_i1"	0.148	0	0	0	0	0	0	0	0	0.361	0	0	0.443	0	0.324	0.377	0	0.451	0	0	0.334	0.911	0	0	0.394	0	0	0	0	0	0	0	0	0.335	0	0.322	0
"c142766_g4_i1"	0.066	0.118	0.056	0.044	0.048	0	0.057	0.054	0.117	0	0.104	0	0.255	0	0.049	0.104	0.104	0	0	0.096	0.049	0.088	0.101	0	0	0.106	0	0.06	0.162	0.049	0.106	0	0.109	0.049	0.123	0.043	0.053
"c176897_g1_i1"	0	0	0	0	0	0	0	0	0	0	0	0	0	0	0	0	1.052	0	0	0	0	0	0	0	0	0	0	0	0	0	0	0	0	0	0	0	0
"c56506_g1_i1"	0	0	0	0	0	0	0	0	0	1.294	0	0	0	0	0	0	0	0	0	0	0	0	0	0	0	0	0	0	0	0	0	0	0	0	1.362	0	0
"c138460_g1_i2"	1.796	4.559	3.739	1.624	1.944	2.428	1.94	2.581	2.479	1.736	0.844	1.425	2.282	4.063	1.91	3.846	1.565	4.364	3.72	1.375	2.399	1.253	1.437	3.61	4.456	2.687	3.595	2.628	2.388	1.027	2.488	3.2	2.804	1.645	3.998	3.886	2.967
"c12087_g1_i1"	0	0	0	0	0	0	0	0	1.833	0	0	0	0	0	0	0	0	0	0	0	0	0	0	0	0	0	0	2.688	0	0	0	0	0	1.448	0	0	0
"c114715_g1_i1"	0.369	0	0	0	0	0.602	1.911	0.312	1.25	0.592	0.891	0.878	0.532	0	0.397	0.302	0	0.372	0.37	1.542	0	0	0.829	0.162	0.162	0.605	0	0	0.151	0.286	0.296	0	0.158	0	0.491	0.13	0.296
"c96773_g2_i1"	0.164	0.417	0	0.071	0	0.082	0.153	0.075	0	0.15	0.152	0.151	0.465	0.094	0	0.151	0	0	0.092	0.131	0.069	0.131	0.074	0.086	0	0.077	0	0	0.076	0.148	0.233	0.439	0.158	0	0	0	0.158
"c179514_g1_i1"	0	0.781	0	0	0	0	0	0	0	0	1.374	0	0	0.89	0	0	0	0	0	0	0	0	0	0	0	0	0	0	0.702	0	0	0.728	0	0	0	0	0
"c141400_g3_i7"	0.246	0.514	0.474	0.373	1.345	0.418	0.65	0.366	0.689	0.773	1.374	0.642	0.919	1.358	1.198	0.829	1.13	1.161	1.537	0.823	1.357	1.165	1.087	0.991	0.98	1.104	1.095	1.238	0.67	0.909	0.794	0.347	1.293	0.759	0.726	0.104	0.539
"c67785_g2_i1"	0	0	0	0.532	0	0	0	0.161	0	0	0	0	0	0	0	0.151	0	0.18	0	0	0	0	0	0.657	0	0.307	0	0.161	0	0	0	0.173	0	0	0	0	0
"c133062_g2_i1"	0.213	0.567	0.203	0.461	0.348	0.704	0.688	0.183	2.013	0.702	1.744	0.679	0.21	0.667	0.154	0.358	0	0.214	0	0	0.334	0.298	0.166	0.194	0	1.075	0	0.775	0	0.336	0.529	0	0.365	0	0.971	0.461	0.517
"c124166_g1_i1"	0.935	0	0	0	0	0	0	0	0	2.659	0	1.982	0	2.81	0	0	0	0	0	1.603	0	0	0	0	0	0	0	0	0	0	3.451	1.906	0	0	0	0	0
"c140450_g6_i1"	0	0	0	0	0	0	9.278	0	0	9.19	0	0	0	0	0	0	0	0	0	0	3.009	0	5.592	4.936	4.021	0	3.097	0	6.344	0	7.252	5.325	6.339	15.42	0	0	4.889
"c64600_g1_i1"	0.738	0.246	0	0.195	0.222	0	0.879	0.237	0.466	1.134	0.445	1.312	0.543	0.574	1.586	0.462	1.53	0	0	1.34	0.639	1.331	0.838	0.722	0.242	0	0.254	1.5	0	1.699	0.678	0	1.205	0.217	0	0.991	0
"c147537_g2_i3"	0.787	0.482	0.678	0.594	1.229	0.959	0.946	1.14	0.392	0.582	0.218	0.576	0.432	0.468	0.518	0.584	0.417	0.271	0.451	0.385	0.423	0.622	0.405	0.162	0.242	0.653	0.42	0.322	0.681	0.701	0.455	0.254	0.306	1.005	0.402	0.261	0.37
"c118234_g1_i2"	0.312	0.161	0.35	0	0.745	0.153	0	0.312	0.318	0	0	0.887	0.177	0.386	0.267	0.151	0.148	0.192	0.555	0.394	0.285	0.385	0.424	0.657	0.333	0.614	0.863	0.171	0.313	0.573	0.148	0.347	0.484	0.148	0.167	0.13	0
"c79819_g1_i1"	0	0	0	0.151	0	0	0.487	0.172	0	0	0	0	0	0	0	0	0	0	0	0.14	0.629	0.14	0	0	0	0.173	0	0	0	0	0.667	0.185	0	0	0.368	0	0.169
"c19377_g1_i1"	0	0.92	0	0	0.851	0.887	0.793	0	0	0	0	0	0	0	0	0	0	0	0	0	0	0	0	0	0	0	0	0	0	0	0	0	0	0	0	0	0
"c75763_g1_i1"	0	0	0	0	0	0	0	0.226	0	0	0	0	0	0.269	0	0	0	0	0	0	0	0	0	0	0	0	0	0	0	0	0	0	0	0	0	0	0
"c112671_g1_i1"	0.098	1.027	0	0	0	0	0	0	0	0	0	0.453	0.565	0	0	0	0	0	0	0	0.659	0.394	0	0	0	0	0	0	0	0.217	0	0.52	0.247	0.217	0.257	0	0
"c102777_g1_i1"	0	0	0	0	0	0	0	0	0	0	0	0	0	0	0	0	0	0	0	0	0	0	0	0	0	0	0	0	0	0	0	0	0	0	0	0	0
"c172286_g1_i1"	0	0	0	0	0	0	0	0	0	0	0	0	0	0	0	0	0	0	0	0	0	0	0	0	0	0	0	0	0.843	0	0	1.363	0	0	0	0	0
"c145469_g8_i1"	0.779	0	0.35	0.887	0.493	0.296	0.793	0.516	0.731	0.993	0.502	0.585	0.233	0.503	0.348	0.801	0.861	0.733	0.37	0.78	0.57	0.342	1.096	0.55	0.323	0.297	0.454	0	0.411	0.474	0.307	0.231	0.523	0.286	0.223	0.261	0.496
"c140045_g2_i1"	23.235	17.101	22.638	15.171	9.103	19.146	22.53	13.176	24.578	17.437	15.772	46.435	20.345	23.158	29.472	32.586	15.521	16.385	24.746	16.195	23.709	18.114	22.219	28.278	25.703	16.687	28.14	19.957	11.715	24.416	6.701	12.775	15.215	18.849	23.371	34.192	9.545
"c133864_g6_i3"	0.254	0.482	0.305	0.24	0.348	0.173	0.172	0.828	0.371	0.261	0.531	0.264	0.521	0.445	0	0.443	0.252	0.756	0.543	0.385	0.256	0.228	0.322	0.097	0.101	0.345	0.398	0.383	0.086	0.257	0.18	0.508	0.276	0.256	0.29	0.156	0
"c121180_g1_i1"	0	0	0	0	0	0	0	0	0.381	0	1.109	0.359	0	0	0	0	0	0	0	0	0	0	0	0	0	0	0	0	0	0.356	0	0.404	0	0	0	0	0.359
"c31200_g1_i1"	0	0	0	0	0	0	0	0	0	0	0	0	0	0	0	0	0.157	0	0	0.14	0	0	0	0	0	0	0	0	0.335	0	0	0.554	0	0.158	0	0	0
"c137135_g1_i4"	0.057	0.161	0	0.133	0.145	0.296	0.43	0	0.148	0.15	0	0.142	0	0.187	0.13	0.151	0.278	0	0.173	0.377	0	0	0	0.162	0	0.144	0	0	0	0.138	0.148	0	0.306	0.276	0.324	0.13	0.148
"c122435_g1_i1"	0	0.385	0.203	0.16	0	0.184	0	0	0	0.361	0.18	0.698	0	0.222	0	0.179	0.861	0	0.22	0.307	0.334	0.911	0.166	0.194	0.192	0	0	0	0.184	0.336	0	0.196	0	0	0.201	0.156	0
"c131292_g1_i1"	1.066	1.038	1.096	1.215	0.909	0.898	0.535	0.323	0.953	1.395	1.156	1.085	0.631	0.855	1.085	0.754	1.417	0.688	0.936	1.349	1.446	1.656	0.976	1.379	0.899	1.084	0.741	0.977	0.497	1.679	1.133	0.913	1.076	1.192	0.871	1.182	1.109
"c137821_g1_i3"	2.673	2.536	2.971	3.132	3.018	3.58	2.895	2.097	2.85	2.96	2.891	2.378	1.861	2.962	1.918	3.148	2.27	2.582	2.807	2.654	3.186	1.866	2.8	3.352	2.799	2.399	3.197	3.152	2.475	2.766	2.393	3.627	2.804	2.414	2.68	2.765	3.03
"c51027_g1_i1"	0	0	0	0	0	0	0	0	0	0	0	0	0	0	0.453	0	0	0	0	0	0	0	0	0	0	0	0	0	0	0	0	0	0	0	0	0	0
"c166725_g1_i1"	18.144	0	3.694	10.549	6.327	6.742	0	0	1.409	0	0	0	0	1.838	19.783	0	12	8.435	0	3.346	7.906	0	0	0	0	0	0	0	1.416	2.588	0	0	0	1.153	0	9.346	0
"c119816_g1_i2"	0.148	0	0	0	0.358	0.367	0	0	0	0.361	0.711	0	0	0	0	0	0	0	0.439	0.307	1.013	0	0	0	0	0	0.796	0	0	0.336	0.349	0	0.395	0.67	0.804	0	0.348
"c142671_g1_i2"	2.845	3.146	3.332	4.028	3.125	3.856	3.631	3.356	1.79	3.311	4.597	4.699	1.706	2.576	5.108	3.12	3.617	3.654	3.916	4.493	2.291	2.418	3.086	1.929	2.698	1.545	1.991	2.366	1.437	3.279	3.377	2.61	4.947	2.739	1.82	2.582	3.411
"c72834_g1_i1"	0	0	0	0	0	0	1.204	0	0	0.642	0	0.594	0	0	0	1.376	0	0	0	0	0.58	0	0.626	0	0	0	0	0	0.627	0.573	0	0	0	0	0	0	0
"c86995_g1_i1"	1.115	0	0.35	0.523	0.3	0	0.296	0	0	0.301	0	0.585	0	0	2.129	0	0.887	0	0.728	2.286	0.561	1.27	0.571	0.636	0	0.326	0	0.675	0	0.286	0.296	0.658	0.977	0	0	0.261	0
"c72787_g1_i1"	0	0	0	0	0	0	4.366	0	0	5.287	0	0	0	0	0	0	0	0	2.565	0	2.96	0	5.186	1.121	3.172	0	1.759	0	2.669	0	3.642	2.322	4.512	2.473	0	0	2.566
"c88833_g1_i1"	0	0	0	0	0	0	0	0	0	0	0	0.481	0.62	0	0.453	0	0	0	0	0	0	0	0	0	0	0	0	0	0	0.464	0	0	0	1.36	0	0	0.95
"c141268_g3_i2"	0.287	0.321	0.452	0.532	0.193	0.398	0.191	0.108	0.318	0.301	0.493	0.198	0.354	0.129	0.089	0	0.191	0	0.243	0.254	0.472	0.674	0.184	0.323	0.111	0.192	0.454	0.433	0	0.099	0	0.335	0.099	0.197	0.112	0.174	0.095
"c148005_g1_i1"	0	0	0	0	0	0	0	0	0	0	0	0	0	0	0	0	0	0	0	0	0	1.349	0	0	0	0	0	0	0	0	0	0	0	0	0	0	0
"c141627_g1_i4"	0.721	0.685	1.062	0.923	0.822	0.765	0.621	0.774	1.049	1.074	0.929	1.283	0.775	0.527	0.672	0.895	0.843	0.846	0.508	0.639	0.708	0.666	0.838	0.506	0.667	0.835	0.277	0.453	0.594	0.84	0.773	0.889	0.573	0.769	0.502	0.965	0.866
"c76065_g1_i1"	0	0	0	1.198	0	0	0	0	0	0.472	0	0	0	0	0	0	0	0	0	0	0	0	0	0	0	0	0	0	0	0	0	0	0	0	0	0.409	0
"c82296_g1_i1"	0	0	0	0	0	0	0	0	0	0	0	0	0	0	0	0	0	0	0	0	0	0	0	0	0	0	2.356	0	0	0	0	0	0	0	0	0	0
"c183238_g1_i1"	0	0	0	0	0	0	0	0	0	0	0	0	0	0	0	0	0	0	0	0	0	0	0	0	0	0	0	1.067	0.886	0	0.805	0	0	0	0	0	0
"c179215_g1_i1"	0	0	0	0	0	0	0	0.785	0	0	0	0	0	0	0	0	0	0	0	0	0	0	0	0	0	0	0	0	0	0.662	0	0	0	0	0	0	0
"c135292_g1_i1"	0.664	0.685	0.734	0.674	0.222	0.347	0.688	0.839	0.551	0.692	0.806	0.34	0.543	0.445	0.607	0.632	0.765	0.429	0.427	1.007	0.325	0.639	0.267	0.571	0.758	0.672	0.465	0.695	0.411	0.721	0.773	0.924	0.474	0.394	1.027	0.409	0.465
"c102674_g2_i1"	0.221	0.193	0	0.426	0.348	0.173	0.354	0.118	0.191	0.12	0.18	0.349	0.21	0.152	0.154	0.179	0.513	0.586	0.15	0.307	0.108	0.254	0.544	0.129	0.061	0.461	0.343	0.191	0.184	0.059	0.18	0.347	0.494	0.059	0.268	0.469	0.116
"c92296_g1_i1"	0.418	0.161	0.169	0	0.571	0.143	0.287	0.151	0.456	0.291	0.436	0.425	0.698	0	0	0.292	1.261	0.722	0.716	0.123	0.138	0.491	0.94	1.272	0.475	0.297	0.83	0	0.151	0.415	0.296	0.162	0.158	0	0	0.252	0
"c74081_g1_i1"	0.32	0.128	0.361	0	0	0.316	0.373	0.204	0.275	0.171	0.142	0.368	0	0	0.146	0.255	0	0.034	0.243	0.245	0	0.385	0.212	0.377	0	0.355	0	0	0.357	0.217	0.498	0	0.296	0	0.413	0.174	0
"c142508_g3_i1"	0.476	0.278	0.407	0.133	0.145	0.347	0.354	0.624	0.053	0.401	0.199	0.293	0.055	0.258	0.04	0.198	0.096	0.372	0.127	0.175	0.236	0.175	0.276	0.172	0.273	0.441	0.232	0.222	0.573	0.198	0	0.116	0.257	0.296	0.056	0.4	0.454
"c66548_g1_i1"	0	0	0	0	0	0	0	0	0	0	0	0	0.343	0	0.251	0	0	0.361	0	0	0.266	0	0	0	0	0	0	0.322	0	0	0	0	0	0	0.313	0	0
"c119695_g1_i3"	0.197	0.396	1.028	0.035	0.281	0.561	0.201	0.506	1.282	0.441	0.607	0.198	0.72	1.698	0.032	0.801	0.157	0.395	0.393	0.28	0.58	0.14	0.037	0.356	0.131	0.585	1.161	0.091	1.502	0.662	0.169	1.074	0.464	0.473	1.251	0.104	0.982
"c173001_g1_i1"	0	0	0	0	0	0	0	0	0	1.776	0	0	0	0	0	0	0	0	0	0	0	0	0	0	0	0	0	0	0	0.77	0	0	0	0	0	0	0
"c115308_g1_i1"	0.517	0	2.237	1.597	0.638	0	0	0	0.636	1.294	0	0.594	0	0	0.567	0.688	0	0.812	0	0	0.58	2.628	0.626	2.511	1.394	0	1.349	0.725	0	0	0.593	1.305	1.442	0	0.703	0.556	0
"c134379_g1_i1"	0.287	0	0	0.248	0.406	1.255	0.134	0.43	0.286	0.552	0.55	0.406	0.166	0.176	0.607	0.415	0.13	0.169	1.017	0.236	0.128	0.701	0.129	0.754	0.303	0.557	0.63	0.151	1.135	0.662	0.286	0.312	0.296	0.404	0.458	0.122	0.137
"c5225_g1_i2"	0	0	0	0	0	0	0	0.882	0	0	0	0	0	0	0	0.924	0	0	0	0	0	0	0	0	0	0	0	0	0	0	0	0	0	0	0	0	0
"c138319_g1_i3"	0.91	0.342	0.09	0.541	0.551	0.724	0.822	0.452	0.509	0.512	0.521	0.576	0.222	0.714	0.745	0.764	0.965	0.226	0.797	0.42	0.334	2.295	0.921	0.506	0.818	0.518	0.288	1.037	0.432	0.474	0.498	0.219	0.513	0.512	0.435	0.713	0.232
"c99327_g1_i2"	0	0	0	0	0	0	0	0	0	0	0	0	0	0	0	0	0	0	0	0	0	0	0	0	0	0	0	0	0	0	0	0	0	0	0	0	0
"c48765_g1_i1"	0.139	0	0	0	0	0.337	0.334	0.355	0.71	0	0.332	0.491	0	0.211	0	0.339	0	0.417	0	0.149	0.157	0.14	0	0.55	0	0	0.376	0.181	0	0.158	0.169	0	0	0.483	0	0	0.169
"c131333_g4_i2"	0.09	0	0.26	0.204	0	0.459	0.449	0.721	1.663	0.231	0	0	0	0	0	0	0	0	0	0.587	0	0	0	0	0	0	0	0	0.929	1.077	1.599	2.033	0	0.217	0.502	0	0.222
"c117751_g1_i2"	1.664	2.226	1.615	2.298	2.573	1.887	1.357	1.689	2.373	1.976	2.692	2.151	2.614	2.072	2.55	2.074	1.496	1.804	2.299	2.829	1.849	1.612	2.966	2.306	2.021	1.756	1.283	2.245	1.859	2.479	1.662	1.941	1.985	1.98	1.854	1.687	2.143
"c110056_g2_i1"	0	0	0	0	0	0	0	0	0	0	0	0	0	0	0	0	0	0	0	0	0	0	0	0	0	0	0	0	0	0	0	0	0.563	0	0	0	0
"c115443_g1_i3"	0	0	0	0	0	0.326	0	0.172	0.339	0.321	0	0	0	0.621	0.146	0.16	0	0	0.196	0.14	0	0	0	0.172	0	0	0	0	0.162	0	0	0	0	0	0	0	0.158
"c147421_g1_i1"	0.18	0.139	0.068	0.346	0.126	0.122	0.382	0.398	0.201	0.321	0	0.123	0	0	0.502	0.066	0.061	0.158	0.393	0.613	0.177	0.053	0.405	0.28	0	0.058	0.442	0.141	0.065	0.247	0.265	0.37	0.128	0.059	0.145	0.391	0.19
"c147241_g1_i4"	4.075	3.649	3.581	3.522	3.26	2.775	3.315	3.937	3.125	3.301	3.194	3.142	3.267	2.997	3.537	3.648	3.878	3.755	3.662	3.609	3.737	3.959	4.578	3.578	2.556	3.858	4.214	3.776	2.626	3.408	2.435	3.431	3.09	3.754	4.199	3.025	3.083
"c136058_g1_i1"	0.074	0	0.418	0.16	0.358	0	0.889	0	0	0.181	0	0	0.222	0.222	0.631	0.368	0.348	0.226	0.22	0.158	0	0.307	0.166	0.582	0.202	0.374	0	0.201	0	0.168	0	0	0	0.857	0	0.322	0
"c127595_g1_i1"	0.066	0.856	0	0.142	0.155	0.153	0.306	0.817	0.17	0.161	0.313	0.151	0.188	0.199	0.275	0	0	0.97	0	0.403	0.295	0.263	0.295	0.172	0.515	0	0.531	0.695	0.162	0.444	0	0.173	0.168	0.148	0.346	0.278	0.317
"c25944_g1_i1"	0	0	0	0	1.528	0	0	0	0	0	0	0	0	1.78	0	0	0	2.03	0	3.249	0	0	0	0	0	0	0	0	0	0	0	0	1.955	0	0	0	0
"c180446_g1_i1"	0	0	0	0	0	0	0	0	1.769	0	0	0	0	0	0	0	0	0	0	0	0	1.559	0	0	0	0	0	0	0	0	0	0	0	0	0	0	0
"c12478_g1_i1"	1.049	2.408	0.859	0	2.554	0	1.07	0	0	0	0	3.52	2.68	0	2.606	3.441	0	0	1.779	3.381	0	0	0.7	0.765	1.617	2.86	0	0	0.735	0.346	0.36	0	2.399	0	0.402	0	0
"c154402_g1_i1"	0	0	37.064	68.935	0	53.552	82.352	34.602	0	59.916	14.075	31.243	0	55.225	0	0	44.582	35.656	0	0	32.117	0	0	0	51.335	0	22.985	40.326	0	0	27.981	27.953	61.927	25.381	0	0	35.963
"c147092_g1_i4"	0.377	0.471	0.52	0.949	0.435	0.581	0.526	0.484	0.561	0.502	0.445	0.878	0.432	0.539	0.769	0.679	0.757	0.451	0.312	0.666	0.59	0.727	0.599	0.194	0.424	0.614	0.83	0.574	0.119	0.444	0.339	0.289	0.217	0.305	0.167	0.409	0.729
"c117106_g2_i1"	0.041	0.107	0	0.089	0.493	0.408	0.602	0.419	0.106	0.401	0.104	0.293	0.598	0.129	0.089	0.405	0.096	0	0	0	0.098	0.088	0.276	0.108	0.111	0.096	0.111	0.111	0	0.672	0.106	0.116	0.316	0.591	0.67	0.174	0.201
"c80055_g1_i1"	0	0	0	0	0	0	0.612	0	0	0	0	0	0	0	0	0	0	0	0	0	0	0	0	0	0	0	0	0	0	0	0.593	0	0	0	0	0	0
"c79657_g1_i1"	0	0	0.938	0	0	0	0	0	0	0	0	0	0	0	0	0	0.4	0	0.485	0	0	0	0	0	0	0	0	0	0	0	0	0	0	0.365	0	0	0
"c138626_g1_i1"	26.663	29.151	28.433	28.204	21.737	28.826	37.913	27.148	26.506	24.45	27.563	23.109	26.038	22.397	25.74	23.98	27.678	33.074	27.056	43.364	21.133	24.841	30.418	26.941	23.753	33.643	24.501	32.825	31.556	27.705	33.39	30.506	25.701	34.347	36.369	24.794	27.136
"c139401_g3_i1"	0.582	0	0	3.416	0	0	0	0	2.744	1.565	5.459	0	3.987	0	0	0	0	0	0	0	1.278	0	1.631	1.261	0	0	0	0	0	0	0	0	0	4.483	1.63	1.295	1.204
"c116904_g1_i1"	0.139	0.567	0	0	0.174	0.173	0	0	0	0	0	0.17	0.21	1.323	0.154	0.528	0	0	0.635	0.744	0.826	0	0.488	0.377	0.384	0.71	0.984	0.574	0.173	0.326	0.18	0	0	0	0.77	0.304	0.517
"c101454_g1_i3"	0.057	0.139	0	0.115	0	0	0	0	0	0	0	0	0	0	0	0	0.13	0	0	0	0.246	0	0	0.14	0	0	0	0	0	0	0	0	0	0	0	0	0
"c161081_g1_i1"	0	0	0	0	0	0	0	0	0	0	0	0	0	0	0	0	0	0	0	0	0	0	0	0	0	0	0	0	0.432	0.405	0	0.462	0	0	0	0	0
"c138641_g3_i3"	0	0	0	0	0	0	0	0	0	0	0	0	0	0	0	0	0	0	0	0	0	0	0	0	0	0	0	0	0	0	0	0	0	0	0	0	0
"c146483_g1_i1"	1.656	1.669	1.683	1.81	1.654	1.826	1.557	1.57	1.653	1.856	1.915	1.368	1.539	1.616	1.53	1.489	1.487	0.981	1.583	2.277	1.721	1.866	1.713	1.606	1.303	1.535	1.438	1.631	1.653	1.778	1.969	1.236	1.807	2.01	1.641	1.469	1.763
"c147238_g1_i2"	5.362	6.924	7.783	6.281	7.381	5.814	6.01	5.443	7.32	6.742	4.417	6.747	6.324	6.591	6.459	8.361	6.296	8.3	5.684	6.525	6.343	7.042	6.246	8.126	5.779	7.418	7.865	7.33	7.165	5.255	5.706	6.965	5.579	6.148	5.315	4.912	7.55
"c74732_g1_i1"	0	0	0	0	0	0	0	0	0	0	0	0	0	0	0	0	0	0	0	0	0	0	0	0	0	0	0	0	0.4	0.751	0	0.866	0	0	0	0	0
"c127102_g1_i1"	3.247	6.121	7.241	4.099	7.091	5.692	9.115	10.175	10.7	6.652	5.583	2.991	6.9	9.073	2.493	7.192	3.591	6.563	6.423	4.607	7.926	3.258	4.247	8.072	5.516	5.959	9.092	4.702	9.672	6.786	5.156	5.614	6.26	7.173	11.513	4.016	7.212
"c1233_g1_i1"	0.123	0	0.339	0	0	0.296	0	0	0	0	0	0	0	0	0	0	0	0	0.173	0	0	0	0	0	0	0	0	0	0.151	0	0	0.658	0	0.138	0	0	0
"c162194_g1_i1"	0	0.3	0	0	0	0	0	0	0	0.281	0	0	0	0	0	0	0	0	0	0	0	0	0	0	0	0	0	0	0	0	0.275	0.312	0	0	0	0	0
"c85147_g1_i1"	8.002	2.986	2.316	3.3	2.389	4.549	2.608	4.829	3.443	3.261	3.166	4.652	3.887	5.748	3.699	4.232	5.148	8.424	5.43	2.19	9.608	10.389	3.491	7.781	5.789	9.126	9.258	6.253	3.361	3.329	4.616	6.006	3.09	3.675	4.333	1.852	4.329
"c142865_g5_i1"	1.558	1.552	0.554	1.047	0.938	0.959	0.229	2.474	1.229	1.425	0.711	1.604	1.429	1.499	1.044	0.726	0.922	2.65	1.444	1.007	0.443	0.403	1.548	1.778	2.597	3.234	1.327	2.104	0.962	0.899	1.419	1.582	1.767	0.227	1.05	1.043	1.161
"c23785_g1_i2"	0	0	0	0	0	0	0	0	0	0	0	0	0	0	0	0	0	0	0	0	0	0	0	0	0	0	0	0	0	0	0	0	0	0	0	0	0
"c124938_g1_i1"	0.18	0.268	0.429	0.275	0.3	0.245	0.057	0.129	0.127	0.181	0.057	0.057	0.078	0.468	0.219	0.245	0	0.079	0.15	0.324	0.413	0.053	0.221	0.205	0.404	0.24	0.63	0.272	0.13	0.296	0.254	0.497	0.257	0.177	0.201	0.269	0.063
"c134167_g1_i2"	0.664	0.268	0.994	0.736	1.006	0.938	0.65	0.387	0.657	0.371	0.161	0.972	0.343	1.042	1.077	0.82	1.017	1.15	0.959	0.998	0.551	0.596	0.783	0.69	0.495	0.95	1.56	0.675	0.756	0.514	0.508	0.289	0.76	0.887	0.636	0.4	0.792
"c145474_g3_i1"	13.995	13.484	11.545	5.332	9.993	11.322	10.845	11.283	15.626	10.484	6.227	8.238	13.645	13.663	6.726	12.848	6.582	12.19	13.528	6.849	10.325	6.28	5.932	11.984	11.851	13.473	14.656	10.955	10.99	6.499	11.254	11.712	8.333	8.897	14.941	8.772	13.906
"c108423_g1_i1"	0	0	0	0	0	0	0	0	0	0	0	0	0	0	0	0	0	0	0	0	0	0	0	0	0	0	0	0	0	0	0	0	0	0	0	0	0
"c97243_g2_i1"	0	0	0.486	0	0.416	0.428	0	0	0	0	0	0.396	0	0	0	0	0	0	0	0	0	0.692	0.396	0	0	0	0	0	0	0	0	0.45	0	0	0	0.365	0
"c151425_g1_i1"	1.484	0	0	4.888	0	0	0	0	0	0	0	0	0	0	1.133	0	0	0	1.433	2.794	0	0	0	0	0	0	1.228	0	0	2.143	0	0	0	0	0	0	0
"c145781_g1_i3"	0.5	2.194	2.824	2.537	7.12	16.362	8.743	13.908	4.905	7.404	5.507	1.717	4.186	8.57	1.667	3.431	1.73	17.659	2.299	3.285	17.239	4.896	3.703	3.104	1.728	1.612	2.61	2.195	7.651	8.455	3.494	15.882	6.428	7.134	8.766	2.878	11.477
"c72261_g1_i1"	0	6.228	0	0	0	0	0	0	2.362	0	0	0	0	0	0	0	0	0	0	1.822	0	0	0	0	0	0	0	0	4.852	0	0	2.137	0	1.783	0	0	0
"c64907_g1_i1"	0	0.203	0	0	0	0.184	0	0	0	0	0.19	0	0	0	0	0	0	0	0	0.158	0	0	0	0	0	0	0	0	0	0.356	0	0.208	0	0	0	0	0
"c126493_g1_i2"	0.599	0.128	0.136	0.16	0.416	0.724	0.955	0.247	0.127	0.06	0.246	0.236	0.066	0.304	0.21	0.057	0.461	0.079	0.3	0.315	0.747	0.254	0.497	0.129	0	0.355	0.277	0.131	0.562	0.119	0.191	0.069	0.247	0.177	0.536	0.426	0.18
"c100786_g1_i1"	0.107	0	0.305	0.346	0.126	0.52	0.258	0.549	1.377	0	0.133	0	0.31	0	0.113	0.264	0.252	0.158	0.162	0.114	0.738	0.114	0.12	0.431	0.141	0	0.442	0	0.54	0.128	0.402	0.3	0.138	0.256	0.435	0.113	0.127
"c64435_g1_i1"	0	0.845	0	0	0	0	0	0	0	0	0	0	0	0	0	0	0	0	0	0	0	0	0.368	0	0	0	0	0	0	0.356	0	0	0	0	0	0	0.37
"c100095_g1_i1"	0.295	0.792	0.282	0.213	0.242	0.245	0.239	0.506	0.498	0.732	0	0.472	0.288	0	0	0	0.47	1.207	0.589	0	0	0.201	0.23	0.259	0.263	0	0.542	0.272	0.735	0	0.243	0.809	0.257	0.453	0.804	0.209	0.95
"c181335_g1_i1"	0	0	0	0	0	0	2.121	0	0	0	2.218	2.076	0	2.939	2.412	0	0	0	0	0	0	0	0	5.55	2.728	0	0	0	0	0	0	0	0	0	0	0	0
"c183182_g1_i1"	0	0	0	0	0	0	0	0	0	0	0	0	0	0	0	0	0.304	0.778	0.381	0	0	0	0	0	0	0	0	0	0	0	0	0	0	0	0	0	0
"c135361_g3_i1"	0.066	0.257	0.271	0.142	0.077	0.082	0.459	0.247	0.085	0.391	0.237	0.151	0	0.199	0.065	0.16	0.078	0.09	0	0.272	0.079	0.263	0.147	0.517	0.172	0.307	0.354	0.081	0.076	0.079	0.159	0.266	0.158	0.079	0.089	0.339	0.623
"c141477_g1_i1"	0	0	0	0	0	0	0	0	0	0	0	0	0	0	0	12.282	0	0	4.263	0	0	0	0	0	0	0	0	0	0	0	0	0	0	0	0	0	0
"c131053_g1_i5"	0.353	0.235	0.249	0.142	0.213	0.541	0.21	0.28	0.053	0.161	0.161	0.585	0	0.34	0.186	0.057	0.157	0.192	0.335	0.28	0.256	0.228	0.295	0.065	0.232	0.211	0.066	0	0.281	0.207	0.222	0.243	0.227	0.158	0.357	0.096	0
"c106692_g1_i1"	0	0	0	0	0	0	0	0	0.413	0	0	0	0	0	0	0.424	0	0.507	0.497	0	0.374	0	0	0	0	0	0	0	0	0	0	0.439	0.444	0.374	0	0	0
"c172404_g1_i1"	0	0	0	0	0	0	0	0	0	0	0	0	0	0	0	0	0	0	0	0.815	0	0	0	0	0	0	0	0	1.016	0	0	2.044	0	0	0	0	0
"c128071_g2_i1"	0.787	0.524	0	2.076	1.451	3.489	1.395	1.022	0.487	0.983	0	0	0.598	0	0	1.027	0.965	1.838	1.167	6	3.137	0.806	0.47	2.468	0	3.407	0	0	1.448	0	0	1.548	0	1.744	2.144	3.834	1.827
"c113545_g2_i1"	0	0.663	0	0	0	0	0	0	0	0	0	0	0	0	0.542	0	0	0	0.728	0.49	0	0	0	0	0	0	0	0	0	0.553	0	0	0	0	0	0.53	0.56
"c155930_g1_i1"	0	0	0	0	0	1.316	0.411	0	0	0	0	0	0	0	0	0	0.426	0.541	0	0	0	0	0	0	0	0	0	0	0	0	0	0	0	0	0.48	0	0.412
"c145234_g2_i2"	0	0.492	0.294	0.293	0.629	0.133	0	0.204	0.201	0.321	0.578	0.698	0	0	0.17	0.255	0.426	0.395	0	0.228	0.059	0	0.24	0.14	0.071	0.067	0	0.211	0.195	0.306	0.127	0.219	0.069	0.128	0.145	0	0.845
"c39962_g1_i1"	0.057	0.161	0.079	0.062	0.068	0	0.143	0.075	0	0	0	0.066	0.166	0.094	0	0	0	0.18	0.173	0	0.138	0.123	0.064	0.323	0.313	0	0	0.081	0.151	0.069	0	0	0.148	0.069	0	0.313	0.074
"c170733_g1_i1"	0	0.503	0	0.204	0	0.235	0.229	0	0	0	0	0	0	0	0	0	0	0	0	0	0	0	0.212	0.248	0	0	0	0.252	0	0	0	0.254	0	0	0	0	0
"c88405_g2_i1"	0.361	0	0	0	0	0	0	0	0	0	0	0	0	0	0	0	0	0	0	0	0	0	0	0	0	0	0	0	0	0	0	0	0	0	0	0	0
"c145080_g3_i1"	0.025	0	0.124	0.098	0.106	0	0	0	0.18	0	0	0	0.066	0.07	0.049	0.113	0	0.135	0.069	0.096	0.108	0	0.101	0	0	0.058	0	0.121	0.054	0.217	0	0.069	0	0	0.067	0	0
"c160757_g1_i1"	0	0	0	0	0	0	0	0	0	0	0	0	0	0	0	0	0	0	0	0	0	0	0	0	0	0	0	0	0	0	0	0	0	0	0	0	0
"c147538_g1_i3"	0.23	0.257	0.102	0.169	0.252	0.173	0.134	0.14	0.127	0.201	0.199	0.179	0.222	0.14	0.235	0.179	0.209	0.316	0.231	0.096	0.207	0.219	0.129	0.172	0.273	0.317	0.177	0.242	0.184	0.128	0.032	0.173	0.207	0.207	0.167	0.235	0.137
"c177687_g1_i1"	0	0	0	0	0	0	0	0	0	0	0	0	0	0.574	0	0	0	0	0	0	0	0	0	0	0	0	0	0	0.465	0	0	0	0	0	0	0	0
"c147276_g1_i1"	1.213	0	0	0	0	0	0	0	0	0	0	0	0	0	0	0	4.069	0	0	5.982	0	0	0	0	3.374	0	0	0	0	0	0	0	0	1.931	0	0	0
"c133345_g5_i1"	3.042	1.562	1.118	0	3.55	1.601	5.599	2.883	1.96	2.428	4.606	4.595	3.932	1.335	2.469	3.469	0	0.823	1.352	2.566	0	0.788	2.496	0	3.556	0	1.593	1.561	1.037	1.254	1.08	2.333	1.175	2.522	1.496	1.113	1.658
"c124644_g1_i1"	0.041	0.214	0	0.089	0.193	0	0	0.312	0	0.1	0.104	0.396	0.354	0.258	0	0.405	0	0.124	0	0	0	0.088	0	0.108	0.111	0.297	0	0.111	0	0	0.201	0.231	0	0.197	0.112	0	0
"c166547_g1_i1"	0	0	0	1.464	0	0	0	0	0	0	0	0	0	0	0	0	0	0	0	0	0	0	0	0	0	0	0	0	0	1.63	0	0	0	0	0	0	0
"c70848_g1_i1"	0	0	0	0	0	0	0	0	0	0	0	0	0	0	0	0	0	0	0	0	0	0	0	0	0	0	0	0	0	0	0	0	0	0	0	0	0
"c87875_g1_i1"	0.361	0.642	0.169	0.266	0.29	0.224	0.076	0.151	0.392	0.07	1.033	0.727	0.875	0.656	0.583	0.151	0.348	0.271	0.266	0.193	0.423	0.315	0.672	0.248	0.647	0.432	0.166	0.403	0.303	0.356	0.296	0.589	0.533	0.355	0.491	0.452	0.296
"c73715_g1_i1"	0	0	0	0	0.174	0	0	0.183	0.191	0.181	0	0	0.432	0.222	0	0	0	0	0.439	0	0.167	0	0	0.194	0	0	0	0	0	0.168	0	0.196	0	0	0	0	0
"c58615_g1_i1"	0.451	0.482	1.028	0.586	1.093	0.673	0	0.925	0.456	0	1.753	0.642	0.797	0.562	0.389	0.226	0.217	0.271	0.543	1.13	0.413	0.377	0.829	0.711	0	0.461	1.239	0.735	0.67	0.622	0.879	1.236	0	0.414	0.983	0.774	1.52
"c145010_g1_i3"	0.894	0.931	1.096	0.754	1.19	0.816	0.889	0.807	0.89	0.833	0.976	1.123	0.919	0.784	1.077	1.009	1.339	1.116	1.121	0.832	0.944	0.92	1.05	1.121	0.96	1.036	0.918	0.946	0.789	1.017	0.921	0.797	1.056	0.936	1.117	0.852	0.961
"c127613_g2_i1"	138.199	294.687	158.715	279.91	165.934	196.104	220.513	262.815	285.815	156.162	281.949	276.344	184.791	275.727	201.768	166.974	218.36	292.547	264.476	144.326	260.978	322.298	206.034	237.58	314.029	243.325	200.144	211.529	210.516	266.81	300.714	138.574	230.518	283.006	177.524	202.689	216.731
"c125698_g1_i1"	0.041	0.096	0	0	0	0.092	0	0	0.095	0	0	0	0	0	0.081	0.273	0	0.113	0.22	0	0.167	0	0	0.194	0.101	0	0.21	0.201	0	0	0.095	0.104	0	0.089	0.402	0.235	0
"c70134_g1_i1"	0	0	0	0	0	0.204	0	0	0	0	0	0.198	0	0	0	0	0	0	0	0	0.384	0	0	0	0	0	0	0	0	0	0	0	0	0.197	0	0	0
"c115183_g1_i1"	0.254	0.086	0.181	0.071	0.155	0	0.076	0	0.085	0.08	0	0	0.277	0.293	0.202	0	0.148	0.09	0.185	0.263	0.069	0.061	0.074	0.086	0.081	0.077	0	0.081	0.162	0	0.159	0	0	0.148	0	0	0.074
"c110605_g1_i1"	5.723	7.919	5.829	8.561	8.02	9.344	14.16	11.681	10.117	10.665	4.701	8.36	6.069	11.263	8.386	5.458	11.156	11.829	8.491	12.052	13.61	6.114	12.602	12.145	9.81	8.656	7.787	6.213	12.46	7.615	7.993	9.229	5.401	10.198	11.133	5.642	8.964
"c123855_g1_i2"	0.09	0.321	0.09	0.071	0.222	0	0.143	0.151	0.074	0.15	0	0.075	0.089	0	0	0.151	0.139	0.09	0.092	0.061	0	0.193	0.064	0	0	0.077	0.254	0	0	0.069	0.074	0	0.158	0.148	0	0	0
"c105816_g2_i1"	0	0	0	0.364	0.416	0	0	0.441	0	0	0	0	0	0	0	0	0	0	0	1.042	0	0	0	0	0.455	0.47	0	0	0.843	0	0	0	1.382	0	0	0	0.401
"c69856_g1_i1"	0.385	0	0	0	0	0.235	0	0.247	0.244	0	0	0	0	0.293	0	0	0	0.586	0	0.403	0.216	0	0	0	0	0	0.265	0	0.713	0	0.932	0	0	0	0	1.035	0
"c131413_g1_i1"	20.776	25.288	20.831	19.208	25.162	22.635	24.68	25.352	17.681	26.236	18.881	19.221	20.39	23.427	25.432	22.217	25.182	30.717	26.409	28.772	28.577	26.681	27.286	23.482	20.57	28.423	19.922	25.807	25.428	25.285	23.164	25.4	26.086	24.297	31.434	16.292	20.083
"c147250_g2_i1"	0.549	0.096	1.22	1.029	1.48	0.704	1.491	0.463	0.275	1.766	1.062	1.038	0.842	0.34	0.308	0.886	0.678	0.868	0.543	0.613	1.259	1.349	1.548	0.388	0.869	1.132	1.217	0.967	0.54	0.849	1.63	0.705	1.106	1.98	0.681	0.391	1.605
"c33720_g1_i1"	0	0	0	0	0	0	0	0	0	0	0	0	0	0	0	0	0	0	0	0	0	0	0	0	0	0	0	0	0	0	0	0	0	1.655	0	0	0
"c153443_g1_i1"	0	0	0	0	0	0	0	0	0	0	0	0	0	0	0	0	0	0	0	0	2.272	0	0	0	0	0	0	0	4.852	0	0	0	0	0	0	0	0
"c67793_g1_i1"	0	0	0	0	0	0	0.497	0	0	0	0	0.981	0	0	0	0	0	0	0	0	0	0	0.497	0	0	0	0	0	0	0.474	0	0	0.583	0.463	0.569	0.452	0
"c165205_g1_i1"	0	0	0	0	0	1.622	1.319	0	0	0	0	1.302	0	1.78	0	0	0	0	0	0	0	0	0	0	0	0	0	0	0	0	0	0	0	0	0	1.295	0
"c129511_g1_i2"	0.074	0.653	2.124	0.319	5.62	0.296	2.78	0.43	2.394	1.003	0.123	2.925	1.063	2.798	1.044	1.725	0.791	1.094	4.032	0	0.344	0.71	0.433	1.196	0.525	1.919	1.361	0.393	3.372	1.254	3.367	1.502	1.975	2.503	3.506	0.209	5.237
"c145612_g2_i2"	0.082	0	0.079	0.124	0	0	0	0.204	0	0.07	0	0.132	0.078	0.082	0.057	0	0.061	0.079	0	0	0	0.053	0.064	0.075	0	0.134	0	0	0	0	0.064	0	0.138	0	0	0.122	0
"c135349_g2_i1"	0	0	0	0	0	0	0	0	0	0	0	0	0	0	0	0	0	0	0	0	0	0	0	0	0	0	0	0	0	0	0	0	0	0	0	0	0
"c127076_g1_i1"	0.172	0.086	0.474	0.435	0.242	0.163	0.162	0.086	0.254	0.161	0.246	0.557	0.487	0.211	0.146	0.16	0.313	0	0	0.35	0.157	0.21	0.378	0.356	0.535	0.326	0.088	0.181	0.086	0.158	0.582	0.092	0.336	0.236	0.458	0.504	0
"c128306_g3_i2"	0	0	0	0	0	0	0	0	0	0	0	0.377	0	0	0	0	0.383	0	0	0	0.364	0	1.115	0	0	0.441	0	0	0	0	0	0	0	0	0	0	0.37
"c168144_g1_i1"	0	0	0	0	0	0	0	0	0	0	0	0	0	0	0	0	0	0	0	0	0	0	0	0	0	0	0	0	0	0	0	0	0	0	0	0	0
"c123091_g1_i1"	0.082	0.771	0.113	0	0	0.102	0.201	0	0	0.201	0	0.5	0.365	0	0	0.707	0.287	0	0.127	0	0.197	0.088	0	0.226	0.778	0.297	0	0	0.108	0.198	0	0	0	0	0	0	0
"c137622_g2_i5"	4.132	4.077	4.055	2.919	5.079	3.356	3.659	5.023	3.379	4.274	4.474	3.463	4.696	4.543	6.605	5.429	4.087	4.24	4.933	4.318	3.983	5.615	3.574	4.526	5.193	6.276	3.097	4.753	2.442	3.329	4.415	4.054	4.048	4.582	4.455	4.503	3.674
"c115930_g1_i1"	0.246	0.161	0.169	0	0.29	0.449	0.879	0.151	0	0	0	0.142	0	0	0.526	0.151	0.139	0	0	0	0.423	0	0	0	0	0.451	0	0.332	0	0.286	0	0	0.632	0.286	0.491	0.391	0.296
"c25586_g2_i1"	0.426	0	0	0	0	0	0	0	0	0	0	0	0	0.656	0	0	0	0.665	1.259	0	0	0	0	0.528	0	0	0	0	1.048	0	0.498	0	0.583	0.473	0	0	0
"c114891_g2_i1"	1.394	1.241	1.333	0.967	1.712	1.765	1.089	0.602	2.299	2.9	0	1.076	1.418	2.845	6.613	4.892	4.591	0	4.101	3.258	2.095	6.158	6.669	3.427	1.253	2.092	0.608	1.943	0.562	1.57	1.069	1.79	3.851	1.517	1.887	3.503	2.122
"c144232_g4_i1"	27.958	33.1	10.336	26.35	39.914	10.476	11.275	10.078	21.241	14.658	48.652	40.971	11.563	26.939	30.427	25.168	14.095	15.009	42.549	42.436	21.929	34.433	25.646	37.599	28.663	25.074	19.623	21.638	12.611	37.681	31.58	25.365	26.55	15.646	16.258	19.604	22.184
"c129965_g1_i1"	0.312	0.075	0.237	0.311	0.068	0.143	0.411	0.29	0.074	0.14	0.275	0	0	0.094	0.429	0.273	0.07	0.169	0	0.061	0	0.175	0.129	0.226	0	0.269	0.077	0.151	0	0.336	0.074	0.243	0.148	0.138	0.391	0.243	0.422
"c123199_g1_i1"	1.025	2.772	5.998	0.692	0	4.458	1.586	0.904	0	0	2.426	1.566	0	0	0.761	0	0.878	0	0	0.666	2.291	0	0	0.808	0	0	1.759	0.987	0	1.511	5.304	1.686	0	1.429	0	0.739	0
"c137439_g2_i3"	7.764	7.245	9.094	10.948	11.154	9.935	9.173	9.175	17.141	11.437	10.454	9.795	8.716	10.736	9.017	9.86	7.165	10.859	11.922	16.992	8.998	9.416	11.34	9.117	12.124	7.053	9.126	10.905	9.91	13.295	12.344	10.003	9.222	13.912	12.205	10.267	8.827
"c144287_g3_i10"	0.189	0.182	0.102	0.035	0.455	0.122	0	0.172	0.18	0.251	0.171	0.293	0.1	0.164	0.291	0.17	0.235	0.62	0.208	0.219	0.039	0.07	0.193	0.14	0.364	0.077	0.044	0.413	0.173	0.079	0.127	0.196	0.217	0.246	0.134	0.183	0.127
"c139966_g3_i1"	0.631	0.064	0.215	0.106	0.242	0.122	0.124	0.194	0.064	0.241	0.057	0.123	0.078	0.386	0.267	0.179	0.061	0.372	0.901	0.105	0.177	0.21	0.166	0.679	0.333	0.058	0.144	0.131	0.184	0.059	0.318	0.208	0.188	0.296	0.201	0.269	0.306
"c125153_g1_i1"	0.139	0.182	0.384	0.452	0.164	0.051	0.22	0.118	0.064	0.441	0.057	0	0.266	0.281	0.194	0.17	0	0.068	0.069	0.245	0.049	0.193	0	0.065	0.182	0.163	0.066	0.06	0.054	0.109	0.233	0.127	0	0.108	0.067	0.096	0
"c124253_g1_i1"	0	0.781	0.418	0.16	0.706	0.367	0	0.559	0.191	0.903	0.18	0.878	0.21	0.457	0	0	0.174	0	0.22	0.464	0.167	0.149	0.166	0	0	0	0	0	0.367	0	0.18	0	0.188	0	0.402	0.156	0.359
"c149658_g1_i1"	0	0.845	0	0	0	0	0	0	0	0	0	0	0.476	0	0	0	0	0	0.474	0	0	0	0	0	0	0	0	0	0.389	0	0	0	0.425	0	0	0	0
"c93539_g2_i1"	0	0	0.802	0	0.339	0.347	0	0	0	0.351	0	0.33	0	0	0	0.358	0	0	0	0	0	0	0	0	0.374	0.384	0	0.383	0	0	0	0	0	0.64	0.38	0	0.327
"c182100_g1_i1"	0	0	0	0	0	1.816	0	0	0	0	0	0	0	0	0.777	0.971	0	0	0	0	0	0	0	0	0	0	0	0	0	0	0	0	0	0	0	0	0.76
"c131872_g3_i1"	0	0	0	0.133	0	0	0.306	0	0	0	0	0.302	0	0.386	0	0	0	0	0	0.131	0.148	0	0	0	0	0	0.177	0	0	0	0	0	0.81	0	0	0	0
"c145053_g1_i1"	6.206	5.575	4.654	4.933	4.943	4.845	4.166	3.582	4.99	3.812	7.535	6.096	5.482	5.292	6.735	6.334	6.895	6.867	8.422	5.895	4.701	7.533	5.186	6.789	6.102	5.297	7.09	7.411	4.009	4.82	4.817	4.597	4.976	3.793	5.572	4.616	5.227
"c137705_g1_i1"	0.197	0.171	0.181	0.142	0.774	0.469	0.306	0	0.328	0.472	0.161	1.076	0.565	0	0.413	0.632	0.6	0	0	0.272	0.148	0.394	0.728	0.679	0.515	0.317	0	0	0	0.296	0.159	0.358	0.326	0.601	0.871	0.687	0.465
"c48872_g1_i1"	0	0	0	0	0	0	0	0	0	0	0	0	0	0	0	0	0	0	0	0.832	0	0	2.275	0	0	0	0	0	0	0.958	0	0	0	0	0	0	0
"c145646_g1_i4"	0.426	0.182	0.407	0.381	0.397	0.449	0.296	0.441	0.328	0.381	0.408	0.33	0.332	0.304	0.089	0.471	0.226	0.259	0.347	0.473	0.364	0.429	0.35	0.302	0.283	0.374	0.354	0.322	0.454	0.395	0.498	0.289	0.267	0.483	0.279	0.174	0.327
"c20247_g1_i1"	0	0	0	0	0	0	0	0	0	0	1.498	0	0	0	0	0	0	0	0	0	0	0	0	0	0	0	0	0	0	0	0	0	0	0	0	0	0
"c147355_g1_i17"	4.231	4.323	2.553	4.046	3.85	2.275	7.52	3.42	4.841	4.314	5.877	4.822	3.766	3.266	5.82	5.354	4.73	2.255	3.697	4.528	3.245	5.107	6.181	3.039	2.92	4.155	2.898	4.642	3.361	3.556	4.785	3.569	3.554	2.946	3.54	2.208	4.963
"c141578_g1_i1"	0.303	0.246	0.384	0.248	0	0.061	0.449	0.054	0.36	0.451	0.455	0.17	0.133	0.07	0.146	0.113	0.157	0.203	0	0.096	0	0.193	0.258	0.183	0.121	0.058	0.066	0.06	0.411	0.267	0.286	0.254	0.059	0.168	0.246	0.2	0.285
"c121870_g1_i3"	0.525	0	0.497	1.482	1.287	0	0	0	0	0	1.687	0	0	1.077	0.761	0.905	0	1.624	2.079	0	0	0.718	2.063	0	0.94	0	1.416	0.967	0.865	0	1.652	0.924	0	0	0	1.886	0.813
"c93374_g1_i1"	23.416	32.072	10.833	26.731	27.725	20.656	17.37	14.198	17.565	9.381	38.652	30.856	26.979	30.276	29.722	32.294	28.669	25.722	35.398	25.829	22.519	31.192	22.606	21.284	25.44	10.891	28.992	28.314	18.339	24.713	18.114	21.484	24.319	20.366	16.593	27.08	28.329
"c143888_g2_i1"	29.467	35.347	32.127	27.822	35.541	54.205	37.206	38.346	27.279	44.867	19.013	30.79	32.218	46.245	40.027	36.375	39.869	95.614	28.697	48.462	38.873	30.377	48.473	25.573	14.427	36.349	29.578	17.037	29.773	47.025	31.728	33.878	62.529	22.307	41.349	24.403	21.783
"c142017_g1_i1"	1.123	1.263	1.028	1.349	1.045	1.316	1.213	1.345	1.176	1.194	1.308	1.151	1.285	0.89	1.19	1.131	1.304	1.353	1.409	1.524	0.59	1.174	1.64	1.261	1.465	1.449	1.604	1.329	1.081	1.235	1.059	1.144	1.264	1.222	1.005	0.852	1.52
"c118759_g1_i2"	0.074	0.096	0.35	0.24	0.087	0.092	0.306	0.269	0.138	0.13	0.133	0.047	0.1	0.164	0.04	0.085	0	0.101	0.104	0.149	0.167	0.114	0.203	0.151	0.091	0.336	0.199	0.191	0.13	0.168	0.18	0.104	0.178	0.089	0.045	0.035	0.264
"c136712_g2_i2"	0.295	0.128	0.136	0.319	0	0	0.115	0.247	0	0	0	0	0	0.152	0.316	0	0.235	0	0	0	0	0	0	0	0	0.125	0	0.131	0	0	0.243	0.139	0	0.118	0	0.104	0.116
"c140238_g1_i3"	0.984	0.417	0.158	0.559	0.561	0.653	0.564	0.333	0.922	0.351	0.379	0.16	0.354	0.375	0.405	0.377	0.461	0.598	0.3	0.928	0.443	0.464	0.82	0.668	0.384	0.547	0.409	0.765	0.648	0.286	0.392	0.219	0.197	0.374	0.603	0.713	0.169
"c121705_g2_i1"	121.539	136.401	104.13	129.007	156.503	138.93	123.15	138.098	101.596	113.382	116.194	145.919	112.613	107.418	165.578	189.522	182.422	131.947	164.268	142.53	99.036	141.471	145.438	123.629	103.467	160.3	72.651	143.08	94.916	165.856	116.993	114.029	186.67	105.436	134.243	107.548	108.872
"c105185_g1_i2"	0	0	0	0.311	0	0	0.344	0	0	0.361	0	0	0	0	0	0	0	0	0	0	1.328	0.298	0	0	0	0	0	0	0	0	0	0	0	0.325	0	0	0.686
"c127596_g1_i3"	7.658	7.866	6.439	8.561	7.662	7.151	7.768	6.712	7.67	7.314	9.639	6.407	7.011	7.165	6.969	7.843	5.2	6.563	6.458	7.97	6.185	8.059	7.406	5.205	5.83	5.335	5.807	7.511	6.516	7.902	6.543	6.503	7.583	7.636	6.7	8.424	8.194
"c126191_g1_i2"	0	0	0	0	0	0.153	0	0	0.328	0	0	0.302	0	0.199	0.138	0	0	0.192	0.196	0	0.148	0.394	0	0	0.172	0	0.177	0.171	0	0.296	0	0.173	0.168	0	0	0	0
"c117576_g1_i2"	0	0	2.824	0	4.818	5.314	0	7.669	1.992	7.555	0	1.906	0	2.681	0	0	2.756	0	0	0	0	0	8.438	0	0	0	0	0	2.021	3.664	1.662	1.837	0	3.084	0	3.964	3.358
"c124879_g2_i2"	0.574	0.321	0.768	0.381	0.329	0.163	0.879	0.301	1.028	0.542	1.014	0.5	0.598	0.855	0.332	0.207	0.357	0.868	0.566	0.92	0.079	0.429	0.304	0.7	0.505	0.729	0.188	0.685	0.043	0.079	0.476	0.439	0.741	0.325	0.045	0.296	0.042
"c117240_g1_i1"	0.418	0	0	0	0	0.204	0.401	0	0	0	0	0	0	0	0	0	0.191	0	0	0	0.187	0.175	0	0	0.222	0	0	0	0	0.188	0.201	0	0	0.197	0	0.356	0.401
"c135449_g1_i2"	0.82	0.899	0.136	0.417	0.697	0	0.812	0.118	0.244	0.472	1.062	0.689	1.816	0.152	0.308	0.123	0.565	0.293	0.578	1.419	0.443	0.499	0.322	0.776	1.414	1.641	0.265	1.802	1.081	0.336	0.36	1.201	0.741	1.36	1.429	0.513	0
"c40719_g1_i2"	0	0	0	0	0	0	0	0	0	0	0	0	0	0	0	0	0	0	0	0	0	0	0	0	0	0	0	0	0	0	0	0	0	0	0	0	0
"c138163_g9_i1"	0.238	0	0	0	0.571	0.194	0	0.602	0	0	0.768	0.566	0.698	0.246	1.53	0.396	0	0.237	0.474	0.823	0	0	0	0	0.212	0	0	0.634	0	0.178	0	0	0.405	0	0.424	0	0.38
"c111022_g1_i1"	0.197	0.171	0.181	0.213	0.397	0.643	0.315	0.333	0.254	0.401	0.085	0	0.476	0.105	0.138	0.481	0.078	0.395	0.104	0.35	0.226	0.482	0	0.183	0.445	0.077	0.277	0.262	0.411	0.306	0.328	0.092	0.257	0.158	0.268	0.426	0.158
"c72347_g2_i2"	0	0	0	0	0	0	0	0	0	0	0	0	0.432	0	0	0.189	0	0	0.22	0.315	0	0	0	0	0.202	0	0	0	0	0	0	0	0	0	0.201	0	0
"c139556_g1_i4"	0.074	0.139	0	0.035	0.039	0.265	0.086	0.183	0.657	0.13	0.18	0.085	0	0.164	0.235	0.085	0.122	0.271	0	0.158	0.167	0.149	0.083	0.248	0	0.173	0	0.483	0.086	0.089	0.095	0	0.049	0.217	0.201	0	0.401
"c146720_g2_i1"	0.213	0.246	0.068	0.106	0.242	0.286	0.306	0.333	0.222	0.211	0.284	0.377	0.432	0.246	0.186	0.189	0.235	0.327	0.162	0.184	0.433	0.245	0.193	0.065	0.293	0.288	0.465	0.232	0.238	0.059	0.18	0.15	0.178	0.207	0.402	0.33	0.19
"c155485_g1_i1"	0	0.289	0	0	0	0	0	0	0	0.261	0.521	0	0	0	0	0	0	0	0	0.447	0.246	0	0.249	0	0.293	0	0	0	0	0	0	0.289	0	0	0	0	0
"c55733_g1_i1"	0.148	0	0.429	0.319	0.368	0	0	0	0	0	0.37	0	0	0	0.332	0	0	0	0	0	0	0.307	0.35	0.388	0.404	0.413	0	1.249	0	0	0	0	0	0	0	0.652	0
"c128819_g1_i1"	0.049	0.268	0	0.106	0.126	0.245	0.975	0	0	0.492	0.493	0	0.288	0.152	0	0	0.122	0	0	0	0.118	0.105	0.111	0	0.131	0.249	0	0	0.13	0.119	0.498	0.277	0.257	0	0.268	0.104	0
"c82637_g1_i1"	0	0	0	0	0	0	0	0	0	0	0	0.302	0	0	0.55	0	0	0	0	0	0	0	0	0	0	0	0	0	0	0	0	0	0	0	0	0	0
"c137943_g5_i2"	0.025	0.225	0.395	0.435	0.068	0	0.545	0.29	0.148	0.211	0.692	0.944	0.975	0.258	0.121	0.207	0.922	0.169	0.254	0.543	0.128	0	0	0	0.152	0.202	0.398	0.222	0.421	0.069	0.138	0.081	0.286	0.266	0.301	0.183	0.412
"c183063_g1_i1"	0	0	0	0	0.813	0	0	0	0	0	0	0	1.019	0	0	0	0	1.037	0	0	0	0	0	0	0	0	0	0	0	0	0	0	0	0	0	0	0
"c130199_g5_i1"	0.41	0.31	0.169	0.257	0.145	0	0	0.301	0.148	0	0.142	0.283	0.343	0	0	0.141	0.139	0.18	0	0.123	0.138	0	0.129	0	0.465	0.144	0.166	0.473	0.151	0	0	0.162	0.148	0.138	0.156	0.252	0
"c118645_g1_i1"	0.131	0	0	0.213	0.077	0.082	0.076	0.086	0.085	0.161	0.076	0	0	0	0	0.075	0	0.282	0.092	0	0.079	0.131	0.147	0.172	0	0.077	0.088	0	0.076	0	0.402	0.092	0.079	0	0	0.209	0
"c136982_g2_i3"	0	0	0.169	0	0.861	0	0	0	0	0.732	0	0.425	0.698	0	0	0.151	0.417	0.361	0	0.377	0.275	0	0	0.162	0.647	0	0.332	0	0	0	0.445	0	0.306	0	0	0	0
"c180833_g1_i1"	0	0	0	0.169	0.193	0	0	0	0	0	0.19	0	0	0	0	0	0	0.237	0	0	0.177	0.324	0	0	0	0	0	0	0	0	0	0	0	0	0	0.165	0
"c136695_g2_i1"	4.559	2.312	3.807	8.934	2.438	5.671	1.863	1.474	3.093	0.943	4.711	5.539	6.169	3.735	1.036	8.644	7.226	4.781	1.155	1.734	5.359	6.096	4.237	5.302	10.861	14.01	4.026	10.351	3.631	10.559	6.585	1.871	4.562	1.025	1.563	2.069	3.77
"c162653_g1_i1"	0	0	0	0	0	0	0	0	0.413	0.411	0	0	0	0	0	0	0	0.507	0	0	0.374	0	0	0	0	0	0	0	0	0	0	0	0	0.374	0	0	0
"c100671_g1_i1"	0.197	2.643	1.13	0.834	0.484	1.989	0	0	0	0	0	0.462	0	0	0	0.518	0	0.609	0	0	0	0	0	0.496	0	0	0	1.098	0	0.444	0	0.52	0.543	0	0	0	0
"c128532_g1_i1"	0.656	0.749	1.028	0.47	0.619	0.418	0.315	0.99	0.445	0.522	0.635	0.576	0.808	1.136	0.186	0.368	0.252	0.451	0.52	0.552	0.551	0.806	0.58	0.647	0.576	0.461	0.055	0.292	0.54	0.454	0.709	0.855	0.602	0.926	0.525	0.556	0.75
"c140254_g1_i1"	6.026	7.673	7.49	7.727	8.407	7.926	8.924	7.648	8.465	6.983	7.421	7.058	10.51	10.724	9.916	10.218	8.487	10.363	13.02	9.267	6.598	7.524	6.227	11.434	10.619	8.157	10.619	10.734	10.137	6.282	7.622	9.056	8.541	7.419	10.552	7.32	8.479
"c102243_g1_i1"	0.295	0.193	0	0	0.087	0	0.086	0.183	0.191	0.09	0.635	0.443	0.111	0.117	0.397	0.094	0.687	0	0.116	0.709	0.511	0.385	0.415	0.496	0.101	0.355	0	0.201	0.184	0	0.18	0.312	0	0.266	0.201	0.235	0.18
"c140919_g2_i4"	0.057	0.064	0.102	0.417	0.397	0.112	0.115	0.032	0.191	0.171	0.209	0.226	0.31	0.152	0.154	0.141	0.191	0.147	0.069	0.228	0.197	0.175	0.368	0.097	0.293	0.029	0.066	0.131	0.032	0.336	0.095	0.139	0.059	0.197	0.156	0.052	0.084
"c53070_g1_i1"	0	0	0	0	0	0	0	0	0	0	1.223	0	0	0	0	0	0	0	0	0	0	0	0	0	0	0	0	0	0	0	0	0	0	0	0	0	0
"c141731_g3_i1"	37.419	18.867	134.924	21.63	62.377	74.565	100.506	63.031	45.777	25.453	7.166	61.353	107.984	36.867	44.875	36.168	54.051	30.65	49.654	51.273	15.754	35.247	21.27	35.595	36.473	50.36	26.403	18.497	55.893	25.542	43.871	30.956	71.287	101.751	64.866	39.469	77.343
"c131652_g1_i2"	0.697	1.413	1.164	0.612	1.499	1.071	1.787	1.635	1.377	0.903	1.024	1.217	0.731	1.077	1.433	2.187	1.287	2.346	2.773	2.899	3.973	0.622	2.524	2.134	0.495	1.487	1.427	1.168	1.275	1.946	0.985	1.097	1.817	0.769	1.753	0.791	1.827
"c132348_g1_i3"	9.084	8.732	6.337	9.182	8.184	8.538	9.421	8.981	7.67	7.896	10.938	8.889	8.927	8.558	12.368	10.482	10.53	10.318	9.508	9.372	7.808	10.389	10.023	7.393	8.052	9.759	8.152	12.415	7.532	8.218	8.374	8.386	10.209	8.474	8.654	8.215	7.296
"c123273_g1_i1"	0.492	0	0	1.952	1.267	2.673	0	2.668	2.341	5.187	5.791	3.331	4.895	3.009	4.525	2.95	1.339	0	2.877	2.794	6.52	1.997	0	1.099	0	2.226	0	2.98	2.345	1.077	2.086	1.155	4.71	0	0	3.251	5.195
"c111082_g1_i1"	0.361	0.482	0.26	0.39	0	0	0	0.463	0.689	0	0.218	0	0.532	0.281	0.583	0.905	0	0.553	0.266	0.753	0	0.377	0	0.237	0	0	0.741	0	0.227	0.207	0	0	0	0	0.246	0.191	0.222
"c136918_g1_i3"	0	0	0	0	4.701	0	0	0	0	0	0	6.634	0	0	0	0	0	0	0	0	0	0	0	0	0	0	0	0	0	0	2.678	0	0	2.424	0	0	0
"c136611_g1_i1"	0.049	0.439	0.136	0.106	0.445	0.061	0.449	0.118	0.117	0.06	0.455	0.113	0.41	0.07	0.299	0.17	0.113	0.282	0.208	0.096	0.108	0.096	0.055	0.129	0.192	0.336	0.653	0.121	0	0.059	0	0.127	0.355	0.108	0.067	0.148	0.285
"c133359_g2_i4"	1.746	4.109	3.502	2.422	4.227	3.458	3.44	3.216	3.178	4.083	3.573	3.199	2.902	3.477	2.833	3.356	2.704	2.83	3.685	1.515	3.363	4.117	2.727	2.78	3.132	1.804	2.124	2.588	5.133	4.514	3.494	3.327	3.87	4.266	2.546	2.312	3.548
"c1537_g1_i1"	0	0	0	0	0	0	0.468	0	0.498	0	0	0	0	0	0	0	0	0	0	0.403	0	0	0	0	0	0	0	0	0	0	0	0	0	0	0	0	0
"c74478_g1_i1"	0	0	0	0.381	0	0	0	0	0	0	0	0.425	0	0.562	0	0	0.443	0	0	0	0	0	0	0	0	0	0	0	0	0	0	0.474	0	0	0	0	0
"c145123_g4_i1"	2.993	0	0	0	0	0	1.051	0	0.964	1.053	2.607	2.057	1.816	2.646	0.032	1.8	2.652	0	1.744	1.822	2.508	0	0	1.757	2.203	1.487	2.08	0.04	1.459	0	1.059	0.82	2.073	0.66	1.44	2.565	0
"c112236_g1_i1"	0.476	0.118	0	0.186	0.31	0.316	0.411	0.323	0.445	0	0.209	0	0.498	0	0.364	0	0	0	0	0	0	0.447	0	0	0	0.307	0	0	0	0	0	0	0	0.305	0.692	0.278	0
"c115554_g1_i1"	0.877	0.556	0.486	0.506	0.658	0.663	0.707	0.828	0.752	0.662	0.825	0.83	0.631	0.679	0.639	0.622	0.722	0.789	0.358	0.99	0.698	0.587	0.894	0.776	0.808	0.432	0.796	0.775	0.713	0.662	0.847	0.716	0.731	0.552	0.815	0.669	0.771
"c138445_g1_i1"	0.246	0.278	0.361	0.417	0.31	0.388	0.258	0.269	0.318	0.291	0.114	0.274	0.299	0.211	0.308	0.349	0.296	0.519	0.208	0.42	0.315	0.184	0.286	0.453	0.263	0.48	0.365	0.383	0.324	0.198	0.169	0.277	0.375	0.256	0.324	0.148	0.359
"c24394_g1_i1"	0	0	0	0	0	0	0	0	0	0	0	0	0	0	0	7.899	0	7.397	0	0	0	0	0	0	0	0	0	0	0	0	0	0	0	0	0	0	0
"c142319_g2_i2"	0.705	1.059	1.559	0.461	1.045	1.724	1.166	1.452	0.561	1.104	1.479	0.812	0.598	0.983	1.514	0.811	1.704	0.699	0.739	1.979	1.927	0.832	1.824	2.813	0.808	1.881	0.542	0.876	0.454	0.682	0.529	0.843	2.044	0.611	1.597	1.347	1.806
"c52676_g1_i1"	0	0	0	0	0	0	0	0	0	0	0	0	0	0	0	0	0	0	0	0	0	0	0	0	0	0	0	0	0	0	0	0	0	0	0	0	0
"c167667_g1_i1"	0	0	0	0	0	0	0	0	0	0	0	0	0	0	0	0	0	0	0	0	0	0	0	0	0	0	3.706	0	0	0	0	0	0	0	0	0	2.851
"c105737_g1_i1"	0.205	0.182	0	0	0.164	0.173	0.086	0	0	0	0	0	0.1	0.211	0	0	0	0.101	0	0	0.157	0.07	0.074	0.377	0	0	0	0.272	0.173	0	0	0	0.267	0	0	0.148	0
"c109009_g1_i1"	1.599	1.252	1.83	1.375	1.499	0.704	2.838	1.786	2.426	1.334	3.706	1.123	1.883	3.641	2.339	1.716	2.122	1.951	3.281	1.883	3.029	2.006	0.995	0.356	4.678	2.86	3.429	2.99	3.274	1.462	1.048	1.906	1.985	2.798	2.334	2.964	3.854
"c144730_g1_i3"	1.295	1.851	0.847	1.703	1.915	2.448	1.424	1.517	1.504	1.455	1.687	3.048	2.038	1.522	0.858	1.489	1.409	0.902	1.479	1.647	2.272	3.267	1.815	2.328	1.061	1.785	1.084	2.688	0.735	1.146	1.207	1.34	1.293	0.916	1.072	2.13	0.232
"c5751_g1_i1"	0	0	0	0	0	0	0	0	0	0	0	0	0	0	0	0	0	0	0	0	0	1.393	0	0	0	0	0	0	0	0	2.753	0	0	0	0	0	0
"c116257_g1_i3"	2.074	1.712	2.417	1.215	2.37	0.734	1.347	1.194	0.551	1.565	0.209	4.718	1.872	1.065	4.047	3.78	2.104	3.214	2.311	1.725	2.98	0.263	3.952	3.341	2.526	1.247	1.316	1.49	0.973	1.501	1.493	1.074	0.77	1.222	0.581	1.66	0.528
"c49356_g1_i1"	0	0	0	0	0	0	0	0	0	0	0	0	0	0	0	0	0	0	0.254	0	0	0.359	0	0	0	0	0	0	0	0	0.423	0	0	0.197	0	0	0
"c177044_g1_i1"	0.295	0	0	0	0	0	0	0	0	0	0	0	0	0	0	0	0	0	0	0	0	0	0.737	0	0	0	0	0	0	0	0	0	0	0	0.815	0	0
"c160983_g1_i1"	0	0	0	0	0	0	0	0	0	0	0	0.274	0	0	0.251	0	0	0	0	0	0	0	0	0	0.313	0	0.31	0	0	0.267	0	0	0.908	0	0	0	0
"c121359_g1_i1"	0.623	0	0	0	0.503	0	0.487	0	0	0	0	0	1.872	0.632	0	0	1.009	1.286	1.213	0	0	1.27	0	0	1.111	1.199	1.095	0	0	0	0.476	1.074	1.126	0	0	0	0.475
"c92079_g2_i1"	1.099	1.252	0.226	1.18	0.755	0	0	1.398	0.403	0.381	0.569	0.934	1.141	1.686	0.672	1.169	0.557	0.947	0.462	0.815	0.177	0.324	1.244	1.444	0.424	0.393	0.431	1.269	0.195	0.178	0	1.282	2.024	0.365	0.636	0.843	0.94
"c114826_g2_i1"	0.131	0	0	0	0	0	0	0	0	0	0.313	0	0	0	0	0.33	0	0	0.774	0.543	0	0	0.304	0	0	0	0	0	0	0.296	0	0	0.691	0	0.357	0	0
"c40978_g1_i1"	0	0.471	0	0.736	0	0	0.411	0	0.879	0	0	0	0	0	0	0	0	0.541	0	0	0	0	0	0	0	2.946	0	0	0	0	0	0	0.474	0	0.949	0.374	0
"c55398_g1_i1"	0	0.257	0	0	0	0	0	0	0	0	0.701	0	0	0	0	0	0.226	0	0.289	0	0	0	0	0	0.253	0	0	0	0	0	0	0	0	0	0.257	0	0
"c139015_g3_i1"	19.53	2.836	3.92	7.302	4.634	3.948	6.602	0.817	4.587	2.087	3.355	5.284	5.959	2.295	8.726	7.465	11.887	2.909	4.113	5.956	4.642	5.045	2.192	3.05	2.283	2.754	3.197	3.464	2.637	5.877	4.372	5.464	6.131	3.173	1.731	6.398	1.52
"c136360_g5_i3"	3.222	1.156	1.401	0.949	1.712	2.275	2.408	1.818	1.441	1.515	1.829	1.859	1.617	0.866	1.659	2.045	2.096	0.925	1.121	1.384	1.298	1.997	1.806	1.509	2.748	2.015	1.471	1.742	0.778	1.6	1.09	2.091	2.449	1.113	1.519	2.269	1.679
"c113179_g1_i1"	0	0	0	0.089	0	0.051	0.258	0	0	0	0.047	0	0	0.07	0.049	0	0	0	0	0.044	0.049	0	0.046	0.054	0.061	0	0.055	0.06	0	0	0	0	0.049	0.049	0	0.043	0.053
"c111229_g1_i1"	0.066	0.086	0.271	0	0.155	0.041	0.115	0.118	0.042	0.231	0.351	0.075	0	0	0	0.038	0.035	0	0.046	0.272	0.039	0.131	0.074	0.086	0.081	0.154	0.088	0.131	0.205	0.188	0.243	0.139	0.118	0.079	0.045	0.104	0.359
"c174458_g1_i1"	0	0	0	0	0	0	0	0	0.636	0	0	0	0	0	0	0	0	0	0	0	0	0	0	0	0	0	0	0	0.627	0.286	0.307	0	0	0	0	0	0
"c132798_g2_i2"	0.287	0.054	0.26	0.328	0.59	0.143	0.545	0.14	0.434	0.271	0.559	0.679	0.277	0.527	0.283	0.179	0.174	0.959	0.682	1.007	0.128	0.429	0.378	0.356	0.404	0.269	0.21	0.252	0.043	0.089	0.233	0.589	0.336	0.365	0.357	0.243	0.232
"c96456_g1_i1"	0.156	0.417	0	0	0.387	0.398	0.745	0	0	0.391	0	0	0	0	0	0.405	0	0	0	0	0	0.324	0	0	0.424	0.432	0	0.433	0	0	0	0	0	0	1.284	0	0
"c98516_g1_i2"	0	0	0	0	0	0	0	0	0	0	0	0	0	0	0	0	0	0	0	0	0	0	0	0	0	0	0	0	0	0	0	0	0	0	0	0	0
"c127847_g1_i1"	0	0	0	0	0	0	0	0	0	0	0	0	0	0	0	0	0	0	0	0	0	0	0	0	0	0	0	0	0	0	0	0	0	0	0	0	0
"c105241_g1_i1"	0	0	0	0	0	0	0	0	1.261	0	0	0.396	0.498	0	0.728	0	0.809	0	0	0	0	1.375	0	0	0	0.461	0	0	0.821	0	0.392	0	0	0.749	0	0	0.391
"c78834_g1_i1"	0	0	0	0	0	0	0	0	0	0.311	0	0	0	0	0	0.32	0	0	0	0	0	0	0	0	0	0	0	0	0	0	0	0.335	0	0	0	0	0
"c74460_g1_i1"	0	0	0	0	0	0	0	0	0	0	0	0	0	0	0	0	0	0	0	0	0	0	0	1.476	0	4.952	0	0	0	0	0	0	0	0	0	0	0
"c117098_g1_i3"	1.558	0	0	0	0	2.275	3.449	0	0	4.324	0	0	0	0	3.748	2.63	2.348	0	0	0	0	0	0	0	4.355	0	0	0	1.794	0	0	0	0	0	0	0	0
"c168501_g1_i1"	0	0	0	0	0	0	0	0	0	0	0	0	0	0	0	0	0	0	0	0	0	0	0	0	0	0	0	0	0	0	0	0	0	0	0	0	0
"c134812_g2_i4"	0.344	0.942	0	2.83	0	0	0	0	0.848	0.893	0.825	0	0	1.065	0.777	0	0.896	0	2.033	0.674	0	0	0	2.446	0	0	0.896	0	1.675	0	0	0.855	1.017	0	0	0	0
"c140239_g2_i3"	0	0	0	0.222	0	0	0.248	0.785	0.784	0	0.246	0.245	0	0	0	0	0	0	0	0	0	0	0	0	0.273	0.269	0.277	0.282	0	0.237	0	0	0.533	0.236	0.279	0.217	0
"c124450_g1_i2"	0	0	0	0	0	0	0.172	0.183	0	0	0	0	0	0	0.154	0	0.33	0	0	0.149	0	0.149	0	0	0	0	0	0	0	0.326	0	0	0	0	0	0	0
"c146623_g2_i1"	0.877	0.289	0.915	0.772	0.329	0.724	0.984	0.688	0.487	0.923	0.663	0.453	0.554	0.421	0.291	0.528	0.504	0.079	0.485	0.867	0.374	0.508	0.544	0.959	0.505	0.777	0.984	0.503	0.54	0.632	0.201	0.531	0.207	0.581	0.435	0.287	0.401
"c129751_g2_i1"	0.23	0	0	0.24	0	0	1.08	0	0	0	0	0	0	0.691	0.243	0	0.539	0	0	0	0.256	0	0.258	0	0.303	0	0	0	0	0	0	0	1.185	0	0	1.452	0
"c126107_g1_i1"	0	0	0	0	0	0	0	0	0	0	0	0	0	0	0	0	0	0	0	0	0	0	0	0	0	0	0	0	0	0	0	0	0	0	0	0	0
"c97750_g1_i1"	0	0	0.361	0	0.31	0	0	0	0	0	0	0	0	0	0	0	0	0	0	0	0	0	0	0.323	0	0	0	0	0	0	0	0.681	0	0	0	0	0
"c138958_g3_i1"	1	0.76	1.22	0.914	2.438	1.785	3.058	2.205	1.801	1.063	2.768	3.369	5.959	2.201	0.931	1.093	1.374	2.199	2.126	2.347	2.291	2.058	0.663	2.198	2.304	2.313	0	1.178	1.416	0.652	0	0.762	3.051	1.941	2.323	1.843	3.03
"c174998_g1_i1"	0	0	0	0	0	0	0	0	0	0	0	0	0	0	0	0	0	0	0	0	0	0	0	0	0	0	0	0	0	0	0	0	0	0	0	0	0
"c132379_g1_i3"	0.156	0	0.147	0.328	0	0.49	0	0	0.127	0.241	0.37	0	0	0.621	0	0	0.122	0	0	0.105	2.213	0	0.111	0	0	0	0.42	0	0	0.119	0	0	1.027	0.236	0.134	0	0.127
"c102756_g1_i1"	1.197	0.46	0.486	0.55	0.416	0	0	0.215	0	0.833	1.45	0.604	1.506	0.269	3.497	2.762	1.617	0.778	0.762	1.069	0.393	1.761	1.75	0	1.142	0.864	0.708	0.695	0.216	0.988	0.625	0.231	1.106	1.389	0.692	1.104	0.412
"c119617_g2_i1"	0	0	0	0	0	0	0	0	0	0	0	0	0	0	0.324	0	0	0	0	0	0	0	0	0	0	1.209	0	0	0	0	0	0	0	0.335	0	0	0
"c142933_g1_i3"	0.312	0.321	0.192	0.248	0.106	0.439	0.325	0.28	0.201	0.241	0.19	0.189	0.133	0.07	0.097	0.217	0.313	0.169	0.162	0.359	0.334	0.184	0.322	0.086	0.061	0.182	0.122	0.352	0.281	0.316	0.286	0.381	0.197	0.236	0.335	0.287	0.106
"c25099_g1_i2"	0.189	0.332	0.181	0.133	0.145	0	0	0.161	0.477	0.15	0.455	0.443	0	0	0.397	1.075	0	0.192	0.185	0.394	0	0.254	0	0	0	0.768	0	0	0	0	0	0.508	0.158	0.296	0	0.4	0.454
"c131678_g1_i1"	0.156	0.086	0.26	0.133	0.077	0.153	0.22	0.151	0.233	0.07	0.379	0.075	0.266	0.094	0	0	0.07	0.372	0.092	0.061	0	0	0.203	0.496	0	0	0.088	0	0.313	0	0	0	0	0	0.413	0.07	0.148
"c117758_g1_i1"	0.033	0	0.328	0	0	0.418	0.143	0.506	0.667	0.211	0.284	0	0	0.094	0	0.066	0	0.169	0.081	0.061	0.197	0	0.064	0	0	0.345	0	0.081	0.14	0.336	0.148	0.162	0	0	0.782	0	0.211
"c171863_g1_i1"	0	0	0	0.266	0	0	0	0	0	0.301	0	0	0	0	0	0	0	0	2.542	0.508	0	0	0	0.313	0.333	0	1.67	0	0	0	0	0	0	0	0	0	0
"c157352_g1_i1"	0	0	0	0	0	0	0	0	0	0	0.55	0	0	0	0	0	0	0	0	0	0	0	0	0	0	0	0	0	0.562	0	0	0	0	0	0.614	0	0
"c139758_g1_i2"	0.189	0.096	0.102	0	0	0.184	0	0	0	0.451	0.265	0.264	0.742	0	0.235	0.094	0.087	0	0	0.079	0.089	0.079	0	0	0	0	0.21	0.201	0	0.168	0.095	0	0.089	0	0.1	0.078	0.095
"c147012_g1_i2"	0.344	0.171	0.373	0.142	0.077	0.041	0.201	0.043	0.127	0.281	0	0.16	0.332	0	0.348	0.198	0	0.101	0.497	0.245	0.187	0.14	0.147	0.269	0.263	0.432	0.277	0.091	0.162	0.079	0.243	0.139	0.336	0.039	0.268	0.139	0.201
"c115139_g2_i1"	0.394	0	0	0	0	0	0	0	0	0.321	0	0	0.388	0	0.567	0.33	0	0.406	0.393	0	0	0	0.608	0	0.707	0.345	0.354	0	0	0	0	0	0.346	0	0.357	0.278	0.623
"c134644_g1_i1"	0.918	0	0	0	0	0.5	0.239	0.258	0.519	0	0	0.481	0	0.937	0.437	0.255	0.722	0.304	0	0.631	0.698	0.21	0	0.528	0	0	0.277	0	0.249	0	0	0	0.267	0.236	0.547	0.217	0
"c146411_g1_i2"	0.32	0.043	0.249	0.195	0.174	0.173	0.229	0.086	0.021	0.211	0.057	0.245	0.188	0.129	0.121	0.255	0.348	0.147	0.22	0.201	0.246	0.219	0.138	0.463	0.192	0.202	0.288	0.131	0.119	0.079	0.18	0.069	0.099	0.118	0.167	0.209	0.074
"c124067_g1_i1"	0	0	0	0	0.445	0	0	0	0	0	0	0	0	0	0.397	0	0	0	0	0	0.413	0	0	0	0.495	0.518	0	0	0	0	0	0	0	0.404	0	0	0
"c115938_g1_i1"	0.156	0.203	0.215	0	1.848	0	0	0	0.392	0	0	0.179	0	0	0	0	0.904	0	0.462	0	0	0.315	0	0	0.202	0	0.42	0.211	0.195	0	0.191	0.208	0	0	0	0	0
"c55430_g1_i1"	0.148	0.257	0.136	0.426	0.116	0.235	0.229	0.247	0	0.12	0.123	0.349	0	0.152	0.105	0	0.226	0.147	0.15	0.201	0	0	0.332	0.129	0.131	0	0.133	0.131	0.119	0.227	0.116	0.139	0	0	0	0.104	0.116
"c5076_g1_i2"	0	0	0	0	0	0	0	0	0	0	0	0	0	0	0	0	0	0	0	0	0	0	0	0	0	0	0	0	0	0	0	0	0	1.931	0	0	0
"c125561_g2_i2"	0.394	0.589	0.904	1.242	1.364	1.081	1.07	0.688	0.509	0.722	0.36	1.661	0.432	0.995	1.319	0.236	1.322	1.691	0.959	2.987	1.603	1.13	1.981	1.067	0.131	0.825	1.04	1.057	0.562	2.884	0.868	0.069	1.688	1.113	0.871	0.478	0.486
"c113525_g1_i1"	0.705	0.471	1.514	0.373	0.861	0	0	0.452	0.445	0	0	1.246	0	1.089	1.538	1.367	0.426	0	0.52	0.718	0.403	0	0	0	0	0	0	0	0.432	0	0	1.398	1.915	0	0.96	1.521	0.412
"c64757_g1_i1"	0	0	0	0	0	0	0	0	0	0	0	0	0	0	2.882	0	0	0	3.212	0	0	0	0	0	0	0	0	0	2.55	0	0	0	0	0	0	0	0
"c145934_g2_i1"	1.738	1.273	1.186	1.97	1.383	1.55	1.242	1.065	1.377	1.074	1.242	1.689	1.606	1.37	1.457	1.697	1.261	1.004	1.225	0.92	0.875	1.419	1.271	1.563	1.617	1.593	1.626	1.833	0.854	1.057	1.165	1.502	1.343	0.936	0.86	1.339	0.665
"c120795_g1_i1"	0.041	0.235	0	0.098	0.426	0.214	0.105	0	0	0.11	0	0.208	0	0	0.753	0.104	0.104	0.135	0	0.28	0.098	0.088	0	0	0.354	0	0	0	0	0	0.106	0	0.109	0.108	0.123	0.096	0
"c92334_g1_i1"	0	0	0	0	0	0	0	0	0	0	0	0	0	0	0	0	0	0	0	0	0	0	0	0	0	0	0	0	0	0	0	0	0	0	0	0	0
"c21282_g1_i1"	0	0	0	0	0	0	0	0	0	0	0	4.548	0	0	2.712	0	0	0	0	0	0	0	0	0	0	0	0	0	0	0	0	0	0	0	0	0	0
"c105521_g1_i1"	1.64	2.386	0.847	3.478	1.083	1.489	4.94	1.151	1.123	1.836	2.512	0	3.987	0.457	3.23	2.272	1.791	0.462	0	5.798	0.679	0.613	0.691	0.377	2.799	2.025	0.807	2.044	1.47	2.38	1.768	1.19	0.395	5.705	2.423	1.921	0
"c180612_g1_i1"	0	0	0	0	0	0	0	0	0	0	4.388	0	0	0	0	7.899	0	0	0	0	0	0	0	0	0	0	3.949	0	0	0	0	0	0	0	0	0	0
"c147290_g2_i1"	0.533	0.663	0.621	1.597	0.6	1.622	1.94	0.527	0.381	0.502	0.398	0.387	0.432	1.744	1.611	1.97	0.652	0.485	1.733	0.438	0.757	0.71	1.916	1.778	2.223	2.169	1.538	1.933	1.124	1.808	1.599	1.71	0.671	0.246	0.927	1.652	1.763
"c79811_g1_i1"	0	0	0	0	0	0	0	0	0	0	0	0	0	0	0	0	0	0	0	0	0	0	1.207	0	0	0	0	0	0	0	0	0	0	0	0	0	0
"c149691_g1_i1"	0	0	0	0	0	0	0	0	0	0	0	0	0	0	0	0	0	0	0	0	0	0	0	0	0	0	0	0	2.658	0	0	0.901	0	0	1.005	0	0
"c125293_g1_i1"	0.131	0	0.09	0.071	0.155	0.153	0.076	0.086	0.413	0.231	0.076	0	0.277	0.094	0.34	0.236	0.148	0.192	0	0.131	0	0.201	0.147	0.086	0.081	0.077	0.088	0.081	0.238	0.079	0.561	0.092	0.247	0	0	0.07	0
"c76116_g1_i1"	0	0.653	0	2.032	0	0	0	0	0	0	0	0	0	0	0.534	0	0	0	0	0.972	0	0.999	0.59	0.593	0	0	0	0	0.594	1.096	1.122	0	0	0	0.659	0.53	1.109
"c75448_g2_i1"	0.139	0.139	0.113	0.151	0.261	0.031	0.029	0.032	0.032	0.201	0	0.293	0.044	0	0.291	0	0.313	0.124	0.046	0.114	0	0.114	0	0.108	0	0.067	0.155	0.322	0.097	0.316	0	0	0	0.227	0	0	0
"c20288_g1_i1"	0	0	0	0	0	0	0	0	0	0	0	0	0	0	0	0	0	0	0	0	1.809	0	0	0	0	0	0	0	0	0	0	0	0	0	0	0	0
"c142194_g2_i2"	0.18	0	0	0	0.658	0	0	0	0	0	0.218	0	0.266	0.281	0.785	0	0.217	0	0	0	0.207	0	0.626	0	0	0.23	0.254	0	0	0	0	0	0	0	0	0	0
"c137463_g2_i7"	3.714	3.253	4.01	3.975	4.537	3.509	4.223	3.324	3.729	3.16	3.81	4.463	3.422	2.388	3.529	3.912	5.348	3.157	4.667	3.53	3.757	5.037	4.413	3.686	3.516	4.251	3.86	3.363	3.437	4.326	3.017	3.985	4.808	3.665	4.098	3.33	3.569
"c182840_g1_i1"	0	0	0	0	0	0	0.917	0	0	0	0	0	0	0	0.898	0	0	1.308	0	0	0	0	0	0	0	0	0	1.168	0	0.879	0	0	0	0	0	0	0.866
"c58983_g2_i1"	0	0	0	0.807	0.609	0	0.898	0	0.318	0	0.91	0.293	0	0	0.275	0	0.6	0	0	0.517	0	0.517	0	0	0.333	1.66	0	0	0	0	0.307	0.335	0.336	0	0.346	0	0.591
"c108441_g2_i2"	8.904	7.127	5.524	6.343	8.097	7.763	6.765	6.55	6.028	6.24	7.042	9.606	8.151	8.804	8.305	10.19	9.635	10.589	10.005	7.27	10.07	8.864	8.41	8.039	8.749	10.047	8.362	10.723	4.636	7.586	6.86	7.462	8.373	6.266	6.264	7.894	4.868
"c150122_g1_i1"	0	0	0	0	0	0	0	0	0	0	0	0	0	0	0	0	0	0	0	0	0	0.447	0	0	0	0	0	0	0	0	0	0	0	0.956	0	0	0
"c115819_g1_i1"	0.123	0.161	0.249	0.257	0.358	0.296	0.363	0.301	0.307	0.291	0.294	0.5	0.089	0	0.38	0.075	0.278	0.361	0	0.315	0.207	0.307	0.064	0.56	0.242	0.211	0.498	0.081	0.227	0.138	0.148	0.254	0.148	0.217	0.324	0.061	0.296
"c109623_g1_i1"	0.115	0.471	0	0.381	0	0.143	0	0	0.445	0.14	0	0	0	0	0.121	0.141	0.139	0	0.173	0.123	0.138	0.482	0.396	0	0	0.288	0.321	0.473	0.151	0.682	0.148	0.162	0	0.138	0	0.252	0.285
"c103138_g1_i1"	0.295	0	0	0	0.358	0	0	0	0	0	0.351	0.34	0	0	0.316	0	0	0.451	0	0.298	0	0	0	0	0	0.393	0	0	0	0	0	0	0.395	0	0	0.313	0
"c99046_g1_i1"	0.344	0	0	0	0	0	0	0	0	0	0	0	0	0	0	0	0	0	0	0	0	0	0	0	0	0	0	0	0	0	0	0.843	0	0	0.938	0	0
"c100006_g1_i1"	0.074	0	0	0	0.174	0	0.172	0	0	0	0	0.17	0	0	0	0	0.165	0.214	0	0	0.325	0	0	0	0	0	0.199	0	0	0	0	0	0	0	0.19	0.156	0
"c55442_g1_i1"	0	0	0	0	0	0.428	0.803	0	0.424	0.833	0	0	0	0	0	0	0	0.519	0	0	0	0	0	0	0.455	0	0	0	0	0.385	0	0	0	0	0	0	0
"c124778_g1_i2"	8.83	9.375	7.309	6.485	7.42	6.742	4.749	4.937	6.452	5.498	7.81	6.492	7.121	6.568	7.212	7.654	8.095	7.803	9.196	7.751	7.798	7.235	6.992	7.651	8.214	8.022	10.774	7.219	6.419	6.588	5.6	6.272	7.543	5.675	7.951	9.128	5.248
"c102558_g2_i1"	14.864	5.618	10.573	24.318	8.378	14.689	25.014	9.519	7.066	19.022	19.307	9.049	8.816	6.392	10.353	11.849	11.73	4.95	9.982	17.141	15.272	13.314	8.853	27.275	9.871	0.816	14.391	5.89	15.854	14.638	19.045	21.23	5.865	19.095	19.887	15.787	22.416
"c135012_g1_i2"	5.198	4.013	2.158	3.593	6.404	3.682	2.685	4.023	2.394	2.057	2.009	4.378	2.293	3.524	8.143	3.28	9.782	6.168	9.439	7.305	6.638	6.753	9.101	4.655	4.678	3.407	3.407	3.101	2.723	4.267	1.789	3.627	8.314	4.414	3.864	5.903	2.608
"c144388_g1_i1"	4.239	1.199	3.491	4.347	2.157	4.713	2.303	2.614	5.329	2.508	2.853	1.463	0.842	2.623	5.261	2.573	4.678	5.3	5.476	5.22	4.052	1.761	2.073	2.942	1.91	4.165	3.628	2.255	4.452	4.701	1.461	4.297	1.609	5.045	2.859	5.338	2.017
"c121998_g1_i1"	0.09	0.043	0.045	0	0.126	0	0.134	0	0.095	0.04	0.085	0	0.1	0.164	0.04	0	0.087	0.056	0.058	0.079	0	0.149	0.037	0.054	0.192	0.173	0.199	0.282	0.043	0.079	0.18	0.104	0.138	0.039	0.045	0.078	0.222
"c123508_g1_i1"	0.369	0.107	0.35	0.355	0.3	0.306	0.296	0.204	0.318	0.201	0.303	0.396	0.122	0	0.089	0	0.574	0	0	0.175	0.187	0.342	0.184	0.334	0.556	0.499	0.232	0.332	0.411	0.099	0.106	0.462	0.316	0.296	0.223	0.087	0.106
"c129103_g1_i3"	0.582	0.128	0.271	0	0.116	0	0.115	0.613	0.127	0.231	0.825	0.576	0	0	0.105	0.358	0.113	0	0	0.403	0	0.096	0.544	0.259	0.384	0	0.133	0.131	0.238	0.227	0	0	0	0.227	0.648	0.417	0
"c145124_g1_i2"	0.205	0	0	0	0	0	0	0	0	0	0.493	0	0	0	0	0	0	0	0	0	0	0	0.488	0	0	0	0	0	0	0.464	0	0	0.563	0	1.105	0	0
"c139967_g1_i4"	0.697	1.059	1.999	1.02	0.803	0.439	0.325	0.85	0.519	0.813	1.251	0.906	0.964	0.831	1.093	0.377	0.878	1.195	0.601	2.225	1.239	1.156	0.599	1.326	0.778	0.796	0.752	0.352	0.389	1.195	0.889	0.878	1.234	0.847	0.056	0	1.478
"c136933_g7_i3"	1.673	2.419	1.92	0.328	2.012	0.561	0.363	1.732	1.928	0.371	0.18	1.076	1.772	3.746	0.979	2.818	2.322	0.913	0.682	0.315	0.698	1.41	1.373	2.403	1.425	1.516	3.13	2.86	0.94	1.58	1.302	1.455	1.57	0.532	1.228	0.974	2.555
"c130439_g2_i1"	1.23	1.006	0.802	0.204	0.677	1.622	1.347	0.721	2.627	0.462	1.137	0.67	0.831	1.159	2.226	0.943	0.226	1.139	0.555	0.587	1.514	0.578	0.212	0.248	0.758	0.96	0.774	0.514	0.465	1.304	0.91	0.762	1.224	1.734	1.273	2.017	0.454
"c136652_g1_i1"	0.205	0.107	0.147	0.257	0.271	0.061	0.373	0.323	0.233	0.341	0.284	0.368	0.299	0.351	0.243	0.405	0.148	0.226	0.231	0.385	0.472	0.184	0.111	0.485	0.101	0.125	0.144	0.171	0.162	0.207	0.159	0.289	0.099	0.276	0.279	0.026	0.253
"c130741_g1_i1"	2.058	2.633	2.158	2.112	3.492	2.56	1.892	2.926	1.907	2.298	1.441	4.048	4.862	2.798	3.181	2.771	2.609	4.747	3.246	2.242	2.557	4.126	1.575	1.11	5.557	3.234	3.042	3.162	1.783	1.975	2.689	3.558	1.975	2.848	1.63	1.608	1.594
"c133459_g1_i1"	1.418	0.278	0.441	0.798	1.635	0.388	0.382	0.398	0.54	0.512	1.403	1	0.454	0.972	0.785	0.386	0.609	0.789	0.624	1.323	0.246	0.867	1.059	0.42	0.839	0.902	0.73	1.128	0.389	0.365	0.127	0.728	0.533	0.621	0.849	0.782	0.127
"c104514_g1_i1"	0.295	0	0	0.319	0.174	0	0.182	0.376	0.561	0.361	0.54	0.708	0	0.222	0.316	0	0.174	0.226	0.439	0	0.511	0.455	0.507	0.388	0.394	0.374	0.819	0.403	0	0	0	0.208	0	0.345	0	0.156	0.18
"c40787_g1_i1"	0	0	0	0	0	0	0	0	0	0	0	0	0	0	0	0	0	0	0	0	0	0	0	0	0	0	0	0	0	0	0	0	0	0	0	0	0
"c115105_g2_i1"	0.074	0	0.102	0	0.087	0	0	0.194	0.191	0	0	0	0	0	0	0.094	0	0	0	0	0.256	0.385	0	1.907	0	0	0	0	0	0	0.095	0	0.188	0.177	0	0.078	0
"c112920_g1_i1"	1.64	0	0.52	0.381	0.445	0.918	2.58	0.473	0.911	3.622	3.507	1.708	1.639	0	0.397	3.299	1.774	1.128	2.692	1.48	0.826	1.498	0	2.748	1.475	0.518	0.487	3.021	0	0.83	1.715	0.959	1.975	0	2.468	1.965	1.267
"c9498_g1_i1"	1.812	0	0	0	0	0	0	0	0	0	0	7.058	0	0	4.768	0	6.643	0	0	2.75	0	0	0	0	0	0	0	0	0	0	0	0	8.185	0	0	0	0
"c43733_g1_i1"	0	0	0	0	1.886	0	0.869	0	0	0	1.782	1.708	1.196	1.147	0	0	0	1.229	0	2.181	0	0	0	0	2.051	0	0	3.282	0	0.83	0	0	0	0	0	0	0
"c53733_g1_i1"	0	0	0	0	0	0	0	0	0	0	0	0	0	0	0	0	0	0	0	0	0	0	0	0	0	0	0	0	0	0	0	0	0	0	0	0	0
"c145662_g2_i1"	0	0.878	0	0.177	1.2	0	0.592	0	0	0.401	0.398	1.18	0	0.761	0.534	1.027	1.565	0.756	0.497	1.384	0.187	0.175	0	0.657	0.889	1.468	0.686	1.339	0.205	0.573	0.402	1.132	1.284	0.384	0.223	0.174	0.401
"c138855_g1_i4"	0	0.054	0	0.133	0.193	0.102	0.201	0	0.106	0.15	0.047	0.293	0	0	0	0.151	0.139	0.056	0	0	0.049	0.044	0	0.054	0	0.096	0	0	0	0	0.053	0.058	0.109	0.148	0.112	0.217	0.201
"c145230_g1_i5"	0.271	0.439	0.384	0.541	0.368	0.52	0.573	0.237	0.233	0.13	0.607	0.849	0.233	0.129	0.826	0.754	0.417	0.248	0.22	0.412	0.315	0.193	0.405	0.108	0.242	0.336	0.221	0.836	0.4	0.83	0.222	0.277	0.8	0.315	0.234	0.478	0.211
"c134753_g2_i1"	0	0	0	0	0	0	3.774	0	0	0	0	0	0	0	0	0	0	0	4.841	0	0	3.477	0	0	0	0	0	0	0	0	0	0	0	0	0	0	0
"c159902_g1_i1"	0	0	0	0	1.064	0	0	0	0	0	1.052	0	0	0	0.316	0	0	0	0	0.596	0	0	0	0	0	0	0	0	0	0	0.349	0.381	0	0	0	0	0
"c101053_g1_i2"	0	0.235	0	0	0	0.224	0	0	0	0	0.218	0.425	0	0	0	0	0	0	0	0.184	0	0	0.203	0	0.242	0.23	0	0	0	0	0	0	0	0	0	0	0
"c54046_g1_i1"	0.074	0.385	0.203	0	0	0	0.354	0.376	0	0	0.531	0.17	0	0.222	0	0.358	0.348	0.226	0	0.149	0.167	0.298	0	0	0.98	0.182	0	0	0	0	0.36	0	0	0	0.201	0.156	0
"c109974_g1_i2"	0	0	0	0	0	0.194	0	0	0	0	0.389	0	0	0	0	0.198	0	0	0	0	0	0.166	0	0	0	0	0	0	0	0	0	0.219	0	0	0	0	0
"c36162_g1_i2"	0	1.07	0	0	0	0	0	1.033	0	0.502	0	0	0.598	0	0	0	0.487	0.62	0	0.806	0.452	0	0	0	0.535	1.152	0.531	0	0.983	0	0.466	1.04	0	0.443	0.547	0	0.465
"c117241_g2_i1"	0	0	0	0	0	0	0	0	0	0	0	0	0	0	0	0	0	0	0	0	0	0	0	0	2.091	0	0	0	0	0	0	0	0	0	0	0	0
"c145979_g2_i2"	2.205	1.819	1.593	2.112	2.418	2.06	2.159	2.592	2.437	1.786	1.725	2	2.115	1.99	2.258	2.347	2.322	2.706	1.976	2.207	2.665	1.734	2.635	2.479	2.101	2.38	2.544	2.598	1.913	1.896	1.906	2.333	2.656	1.675	1.976	2.199	2.122
"c52239_g1_i2"	0.23	0	0	0	0	0	0	0	0	0.582	0	0	0	0	0	0.613	0	0	0	0	0	0	0	0	0	0	0	0	0	0	0	0	0	0	0	0	0
"c31306_g1_i1"	0.09	0.246	0.26	0.195	0	0.449	0	0.226	0	0.221	0.663	0	0	0	0	0	0	0	0	0	0.207	0	0	0	0	0	0	0	0	0.207	0.222	0	0	0.207	0	0	0.222
"c100463_g1_i1"	0	0	0	0	0	0	0	0	0	0.221	0	0	0	0	0.194	0	0	0	0	0	0	0	0	0	0	0	0	0	0	0.415	0	0	0	0.621	0	0	0.433
"c31096_g1_i1"	0	0	0	0	0	0	0.64	0	0	0	0	0	0	0	0	0	0	0	0	0.552	0	0	0	0	0	0	0	0	0	0	0	0	0	0	0	0	0
"c97409_g1_i1"	0.148	0	0	0.923	0	0	0	0.742	0	0.351	2.085	1.359	0	0	0	0.735	0.348	0	0	0	0	0	0	0	1.162	0	0	0.785	0	0.326	0	0.381	0	0.325	0.391	0	0
"c12325_g1_i1"	0	0	0	0	0	0	0	0	0	0	0	0	0	0	0	0	0	0	0	0	0.236	0	0	0	0	0.269	0	0	0	0	0	0.554	0	0.236	0.279	0	0
"c137316_g1_i5"	0	0.107	0	0.089	0	0	0.201	0	0	0.211	0	0	0	0.129	0.275	0.415	0	0	0	0.088	0	0	0.092	0	0.222	0.106	0	0.222	0	0.198	0	0	0	0.099	0	0	0.106
"c116021_g1_i1"	1.09	0	0	0	0	0	0	0.71	0	0	0.654	0.632	1.683	1.662	0	0	0.687	0	0	0	2.449	0.552	1.327	0	0	0	0	0	0	0	0	1.375	0	0.581	0	0	0.612
"c183225_g1_i1"	0	0	0.531	0.39	0.445	0	0	0	0	0	0	0	0	0	0	0	0.452	0	1.086	0	0.836	0	0.866	0	0.99	0.518	0	0	0	0	0	0	0	0	0	0	0
"c129422_g1_i1"	0.492	0	0	1.029	0	0	1.156	0	0.614	0	0	0	0	0	0	0	0.617	0	0	0	0	0	0	0	0	0	0	0	0	0	0	0	0	0	0	0	0
"c132132_g2_i2"	0	0	0	0.177	0.203	0.622	0.401	0	0	0	0	0.198	0	0	0	0	0	0	0	0.35	0	0	0.193	0	0	0	0	0	0	0	0	0	0	0.197	0.458	0	0
"c129294_g1_i1"	49.652	65.407	59.6	43.277	50.11	57.408	33.317	44.606	60.015	43.051	40.178	52.011	64.558	73.536	70.154	66.143	54.181	66.994	68.473	71.883	44.606	66.606	55.981	51.21	71.349	62.422	67.397	65.469	68.688	57.011	49.567	45.81	65.363	60.783	62.845	42.103	46.976
"c162756_g1_i1"	0	0	0	0	0	0	0	0	0	0	0	0	0	0	0	0	0	0	0.543	0	0	0	0	0	0	0	0	0.514	0	0	0	0	0	0	0.502	0	0
"c57935_g2_i1"	0	0	0	0	0	0	0	0	0.763	0	0	0	0	0	0	0	0	0	0.913	0.613	0	0	0	0	0	0	0	0	0	0	0	0	0	0	0	0	0
"c54556_g1_i1"	0.566	0	0	0	1.48	0	0	0	2.67	0	0	0	0	0	0	0	0	0	0	0	1.239	0	1.566	0	0	5.911	0	0	0	1.225	1.175	0	0	0	0	0	1.172
"c72893_g1_i1"	0	0	0	0	0	0	0	0	0	0	0	0	0	0	0	0	0	0	0	0	0	0	0	0.647	0	0	0	0	0	0	0	0	0	0	0	0	0
"c69722_g1_i1"	0	0	0	0	0	0	0	0	0	0	0	0	0	0	0	0.641	0	0	0	0	0	0	0	0	0	0	0	0	0	0.543	0	0	0	0	0	0	0
"c138033_g1_i1"	0.295	0.086	0.316	0.461	0.155	0.041	0.277	0.29	0.212	0.472	0.199	0.236	0.144	0.047	0.065	0.311	0.226	0.101	0.046	0.14	0.226	0.237	0.359	0.086	0.091	0.192	0	0.091	0.043	0.188	0.085	0.312	0.207	0.345	0.223	0.243	0.158
"c120913_g1_i1"	0.156	0	0	0.169	0.193	0	0	0	0	0	0	0.189	0.465	0.246	0	0	0	0	0.231	0.166	0.364	0.324	0	0	0	0	0	0.211	0.195	0	0	0	0	0.365	0.212	0.174	0.19
"c106299_g2_i1"	0.016	0	0.056	0	0.048	0.051	0.048	0.054	0.159	0	0.351	0.094	0.055	0.059	0.089	0.047	0	0	0	0.175	0.098	0.044	0.138	0.054	0	0	0	0	0	0.099	0	0	0.049	0.049	0	0	0
"c100631_g1_i2"	0.074	0	0	0	0.164	0	0	0.355	0	0	0	0	0	0	0.154	0.17	0	0	0.208	0.149	0	0	0.157	0.183	0	0	0	0	0	0	0	0	0	0	0.38	0.148	0
"c112085_g1_i1"	2.599	3.617	0.768	1.473	6.385	6.681	3.268	1.904	3.125	4.816	3.971	8.096	2.78	2.939	2.339	2.187	4.956	1.635	1.629	1.997	3.609	3.232	2.156	4.688	2	1.862	2.257	2.749	5.944	1.896	1.842	2.241	4.206	3.498	8.464	3.651	1.975
"c165796_g1_i1"	0	0	0	0	0	0	0	0	0	0	2.531	0	0	0	0	0	0	0	0	0	0	0	0	0	0	0	0	0	0.638	0	0	0	0	0	0	0	0
"c29062_g1_i1"	0	0	0	0	0	0.224	0	0	0	0.451	0	0	0	0	0	0	0	0	0	0.385	0	0	0	0	0	0	0	0	0.227	0.207	0	0.254	0	0.217	0.246	0	0
"c131977_g1_i10"	0.262	0.139	0.474	0.24	0.261	0.214	0.258	0.247	0.413	0.191	0.351	0.406	0.587	0.363	0.607	0.368	0.6	0.35	0.693	0.193	0.334	0.482	0.101	0.345	0.283	0.23	0.752	0.352	0.227	0.168	0.159	0.104	0.385	0.64	0.413	0.304	0.243
"c143998_g2_i1"	0.705	0.439	0.418	0.719	0.31	0.235	0.631	0.538	0.424	0.512	0.72	0.67	0.421	0.258	0.696	0.358	0.417	0.586	0.393	0.49	0.452	0.342	0.507	0.485	0.657	0.307	0.409	0.433	0.497	0.879	0.413	0.416	0.662	0.434	0.703	0.313	0.644
"c149206_g1_i1"	0	0	0	0	0	0	0.535	0	0	0	0.54	0	0	0	0	0	0	0	0	0	0	0	0	0	0	0	0	0	0	0	0	0	0	0	0	0	0
"c72846_g1_i1"	0	0	0	0	0	0	0	0	0	0	0	0	0	0	0.712	0.877	0	0	0	0	0	0	0	0.754	0	0	0	0	0	0	0	0	0	0	0	0	0
"c67325_g1_i1"	0	0	0	2.999	0	0	0	0	0	0	0	0	0	0	0	0	0	0	0	0	0	0	0	0	0	0	0	0	0	0	0	0	0	0	0	0	0
"c173909_g1_i1"	0	0	0	0	0	0	0	0	0	0	0.929	0	0	0	0	0	0	0	0	0.78	0	0	0	0	0	0	0	0	0.475	0	0	0	0	0.424	0	0	0
"c104817_g1_i1"	0.213	1.669	0	0.222	0	0	0	0	0	0	0	0	1.85	0	0	0	0	4.77	0	0.219	0.482	0.429	1.198	0	0	0	0	0	0	0	0	0	0	0	0.279	0	0
"c141128_g2_i1"	0	0.3	0	0.364	0	0.071	0	0	0.148	0	0.133	0.198	0	0	0	0.066	0	0	0	0	0.325	0.061	0	0	0	0.134	0.077	0.373	0	0.128	0	0	0	0	0	0	0.137
"c102090_g2_i1"	0.057	0	0	0.355	0.658	0	0.526	0.14	0	0	0	0.264	0.797	0	0	0	0	0	0	0.35	0.128	0	0	0.151	0	0.134	0	0	0	0	0	0	0	0	0	0	0
"c152835_g1_i1"	0	0.76	0	0	0	0	0	0	0	0	0	0	0	0	0	0	0	0	0	0.552	0	0.569	0	0	0	0	0	0	0	0	0	0	0	1.202	0	0	0
"c89341_g3_i1"	0	0	0	0	0	0	0	0	0	0	0	0.264	0	0	0	0	0	0.338	0	0	0	0.237	0	0.291	0.606	0	0	0	0	0	0	0	0	0	0	0	0
"c143040_g1_i1"	6.28	4.42	6.055	5.731	5.669	5.314	6.994	6.776	6.356	6.391	6.436	5.624	6.147	6.275	5.674	6.07	6.374	7.003	7.197	6.779	6.667	6.219	5.159	5.981	6.112	7.034	6.371	6.273	6.614	4.84	5.78	6.896	6.872	6.04	7.035	5.929	5.617
"c144664_g5_i1"	0.172	0	0.486	0	0.416	0	0	0	0	0	0	0.396	0	0	0	0	0	0	0	0.35	0	0	0	0	0	0	0	0	0	0	0	0	0	0.384	0	0	0
"c103231_g1_i1"	0.221	1.798	0	0	1.103	0.571	1.577	0.581	0.551	0	0.54	0	0.676	0	1.473	0	0	0.699	0.659	0.902	0	0.455	2.671	0	0	0	0	0.624	1.643	0.504	0.519	0.578	0.612	0	1.217	0	0.507
"c131648_g5_i3"	22.325	5.757	22.13	6.902	15.613	24.92	24.498	18.673	7.628	6.873	13.033	18.4	0	23.052	16.723	4.939	19.321	18.291	29.517	9.021	12.223	7.296	15.642	7.942	16.185	8.867	22.366	7.562	19.917	15.586	19.585	18.135	7.089	16.376	28.206	15.666	11.668
"c151869_g1_i1"	0	0	0	0	0	0	0	0	0	0	0	0	0	0	0	0	0	1.128	1.017	0	0	0	0	0	0	0	0	0	0	0	0.773	0	0	0	0	0	0
"c136420_g1_i4"	0.18	0.3	0.136	0.284	0.271	0.235	0.239	0.161	0.254	0.12	0	0.198	0.233	0.105	0.21	0.754	0.148	0.192	0.092	0.105	0.187	0.272	0.322	0.129	0.222	0.154	0.365	0.04	0.162	0.04	0.085	0.139	0.079	0.236	0.134	0.104	0.116
"c128530_g1_i1"	0.09	0.086	0.26	0.071	0	0.459	0.373	0.237	0.403	0.15	0.303	0.075	0	0	0.13	0.075	0.07	0	0	0.07	0.069	0.193	0.212	0.42	0	0.077	0.177	0	0.076	0.286	0.074	0	0.316	0.148	0.257	0.13	0.539
"c147237_g1_i2"	10.412	16.598	14.9	12.128	20.131	11.322	26.103	25.341	13.465	21.44	7.668	5.784	12.814	5.549	11.413	11.424	16.017	15.652	6.712	5.632	11.801	15.67	10.649	5.593	7.982	14.202	8.661	15.959	12.709	20.199	17.648	11.204	12.421	8.621	11.099	8.076	14.075
"c108929_g1_i1"	0	0	0	0	0.068	0	0.067	0	0.074	0	0	0	0	0	0	0	0	0	0.081	0.114	0.059	0	0	0	0	0	0	0	0	0	0.064	0.15	0	0	0.078	0.061	0
"c68217_g1_i1"	0	0	0	0	1.074	0	0.516	0	0.54	0.542	0	0.51	0	0	0	0	0	0	0	0	0	0	0.525	0	0	0	0	0	0	0	0	0	0	0	0.592	0	0
"c60805_g1_i1"	0	0	0	0	0	0	0	0	0	0	0	0	0	0	0	0	0	0	0	1.34	0	0	0	0	0	0	0	0	0	0	0	0	0	0	0	0	0
"c58227_g1_i1"	0	0	0	0	0	0	0	0	0	0	0	0	0	0	0	0	0.974	0	0	0	0.836	0	0	0	0	0	0	0	0	0	0	0.913	0	0	0	0	0.824
"c132377_g1_i2"	2.829	5.126	7.569	1.987	3.821	5.029	4.854	4.829	8.486	5.729	2.986	4.256	5.682	5.854	4.12	4.534	3.426	6.743	5.488	3.889	4.887	2.82	2.589	6.735	6.214	5.316	10.364	4.45	9.251	3.457	5.632	6.353	4.028	5.36	9.257	4.008	6.705
"c108703_g1_i1"	0	0.3	0	0.488	0	0	0.545	0	0.286	0.281	0	0.274	0	0.351	0	0.283	0	0	0.335	0	0.266	0	0	0	0	0	0	0	0	0.267	0.275	0	0	0	0.614	0.243	0.539
"c116299_g3_i1"	0.32	0.139	0	0.115	0	0	0.382	0	0.275	0.13	0	0	0.609	0.164	0	0	0.122	0	0.474	0.114	0.118	0	0.12	0.851	0.141	0.902	0.288	0	0.259	0	0.127	0.289	0.267	0.493	0.145	0.226	0
"c67591_g1_i1"	8.732	6.239	5.196	6.574	4.208	6.273	4.997	3.894	5.805	3.12	9.886	5.624	4.807	6.205	4.152	5.194	6.922	5.334	8.26	14.207	3.127	6.561	6.937	5.496	8.133	5.182	4.281	7.441	3.383	4.83	5.865	3.673	8.669	4.769	5.248	4.773	5.691
"c150584_g1_i1"	0.205	0	0	0.142	0	0	0	0	0.858	0	0.654	0	0	0	0	0	0	0	0	0	0	0	0.304	0	0.182	0.499	0.188	0	0	0.158	0	0.185	0.178	0	0	0.287	0
"c142192_g1_i8"	4.55	6.335	10.212	11.915	10.864	11.506	10.692	9.089	8.316	7.715	8.748	7.775	10.145	9.378	7.576	11.443	12.121	9.687	8.156	7.532	5.182	9.583	9.24	4.461	11.78	5.911	7.411	8.035	5.295	9.828	7.379	15.051	7.613	7.409	6.599	4.051	11.192
"c145305_g4_i1"	0.139	0.182	0.192	0	0.503	0.51	0	0	0.18	0	0.502	1.151	0.609	0.644	0.445	0.339	0.652	0.631	0.416	0	0	0	0.47	0	0.182	0.173	0	0.191	0.173	0.326	0.678	0	0.178	0	0.558	0.443	0.169
"c39903_g1_i1"	0.312	0	0	0.63	0.764	0	0	0	0.752	0	0.73	0	0.964	0	0	0	0	0	0	1.209	0	0	0	2.942	0	0	0	0.876	0	0	0	0	0	0	0	0	0
"c168562_g1_i1"	0.484	0	0	0	0	0	0	0	0	0	0	0	0	0	2.202	0	0	0	0	0	1.062	0	0	0	0	0	1.206	1.45	0	0	0	0	0	0	0	1.052	0
"c135009_g1_i4"	0.057	0	0.056	0.089	0.048	0.051	0.096	0	0.106	0.1	0.199	0.094	0.111	0.246	0.089	0	0.096	0.056	0.058	0.131	0.138	0	0.092	0	0	0.048	0	0.05	0	0.089	0.053	0	0.049	0	0	0.043	0.053
"c163239_g1_i1"	0	0	0	0	0	0	0	0	0	0	1.953	0	0	0	0	0	0	0	0	0	0	0	0	0	0	0	0	0	0	0	0	0.693	0	0	0	0	0
"c127373_g1_i1"	0.32	0.61	0.124	0.302	0.445	0.112	0.22	0.463	0.233	0	0.114	0.113	0.133	0.281	0.591	0.226	0.322	0.135	0.416	0.482	0.315	0.858	0.313	0.248	0.374	0.892	0.254	0.373	0	0.642	0	0.381	0.583	0.434	0.246	0.791	0.116
"c99897_g1_i1"	0.221	0	0	0	0.271	0	0	0	0	0	0.275	0.264	0	0.351	0.486	0.848	0	0	0	0.236	0	0	0.516	0	0.303	0.288	0	0.302	0.281	0.257	0.54	0	0.592	0.512	0	0	0.264
"c180864_g1_i1"	0	0	0	0	0	0	0	0	0	0	0	0	0	0	0	0	3.913	0	0	0	0	0	0	0	0	0	0	0	0	0	0	0	0	0	0	0	0
"c13365_g1_i1"	0	0	0	0	0	0	0	0	0	0	0	0	0	0	0	0	0	0	0	0	0	0	0	0	0	0	1.228	0	0	0	0	0	0	0	0	0	0
"c135134_g3_i2"	5.19	4.955	4.496	5.119	5.969	5.131	7.376	4.281	4.195	5.618	5.507	3.765	4.198	4.226	5.132	4.327	7.165	6.461	6.654	8.478	7.769	4.178	5.96	4.968	4.284	4.04	4.38	4.742	4.171	5.057	4.521	4.886	4.957	5.074	4.087	5.338	5.026
"c125883_g3_i1"	0	0	0	0	0	0	0	0	0	0	0	0	0	0	0	0	0	0	0	0	0	0	0	0	0	0	0	0	0	0	0	0	2.449	0	0	0	0
"c18076_g1_i1"	0.098	0.257	0	0.213	0.474	0	0.229	0	0	0	0	0	0	0.901	0	0	0	0	0.289	0.403	0	0	0.672	0.506	0.263	0.249	0	0.524	0	0	0	0	0	0	0	0.417	0
"c147219_g1_i3"	0.246	0.278	0.102	0.257	0.445	0.592	0.478	0.376	0.212	0.482	0.455	0.415	0.199	0.258	0.227	0.452	0.191	0.282	0.173	0.394	0.403	0.412	0.203	0.41	0.061	0.326	0.232	0.181	0.205	0.385	0.116	0.231	0.494	0.394	0.346	0.174	0.433
"c143451_g1_i3"	2.689	1.124	6.1	5.119	5.862	9.466	4.271	2.097	7.193	4.776	3.516	3.539	5.261	5.35	4.282	2.234	2.096	3.417	7.151	7.392	9.185	2.996	8.705	4.192	5.769	1.727	4.292	4.158	6.549	7.556	5.42	5.556	2.301	3.754	3.998	3.999	5.015
"c134982_g2_i1"	3.714	8.476	9.376	2.351	6.452	6.467	7.195	9.25	10.446	8.418	3.886	5.228	8.572	14.295	3.464	9.492	5.774	10.453	10.409	2.706	13.413	4.94	3.326	15.895	10.174	14.461	12.09	5.306	11.509	3.971	7.178	9.379	8.481	7.143	11.781	5.025	9.292
"c126671_g1_i1"	0.615	0.696	0.904	1.34	0.774	0.571	0.42	0.882	0.53	0.572	0.36	0.349	0.421	0.457	1.06	0.924	0.748	1.049	0.612	0.683	0.472	0.85	0.461	0.787	0.778	0.422	0.321	0.775	0.659	0.682	1.239	0.404	0.741	0.838	0.871	0.313	0.792
"c25342_g1_i1"	0.098	0	0	0	0	0	0	0	0	0	0	0	0	0	0	0	0	0	0	0.201	0.433	0	0	0.248	0	0.24	0.265	0	0	0	0	0	0	0	0	0	0
"c161487_g1_i1"	0.344	0	0	0	0	0	1.615	0	0	0.893	0	1.595	0	5.315	0	0.971	0	1.128	0	0	0	2.12	0	0	0.95	0	0	0	1.675	0	0	0	0	0	0	0	0
"c139121_g1_i4"	0	0	0	0	0	0	0.21	0	0	0	0	0	0	0	0	0	0	0	0	0	0.197	0	0.203	0	0	0.441	0.719	0	0	0	0	0	0	0.207	0	0	0
"c144729_g1_i1"	15.233	13.869	13.262	17.549	13.369	15.749	17.112	17.823	13.338	14.708	15.649	15.192	12.161	11.544	15.501	15.035	14.661	12.258	13.182	15.722	15.144	12.648	16.628	13.772	11.548	12.196	11.858	13.14	14.189	15.369	13.657	14.288	14.86	15.656	12.819	14.127	16.292
"c146229_g1_i1"	12.831	13.27	20.311	12.518	14.714	17.422	15.039	13.714	14.747	15.049	16.805	8.492	14.686	9.413	8.41	7.268	8.104	9.833	8.78	13.199	9.057	7.524	9.415	7.996	9.032	8.732	11.227	10.864	14.719	14.924	9.623	15.305	12.233	18.001	13.578	15.075	14.202
"c128485_g1_i1"	2.197	2.643	2.802	2.733	2.235	0.163	3.029	2.194	0.678	1.134	0.322	2.84	0	0.609	2.275	2.13	3.113	25.564	6.134	30.454	66.525	1.647	33.752	1.94	1.95	1.152	0.918	0.715	0.335	2.766	1.63	1.64	4.779	0.778	3.942	2.843	6.43
"c168714_g1_i1"	0	0	1.051	0	0	0.928	0	0	0.456	0	0	0	0	0	0	0	0	0	0	0	0	0	0	0	0	0	0	0	0.454	0.84	1.292	0.485	0	0.404	0	0	0.422
"c133558_g1_i2"	0	0	0	0	1.383	1.469	0	0	1.261	0	0	2.397	0	0	1.238	0	0	0	3.108	3.004	0	1.086	0	1.175	2.95	0	2.644	0	0	0	2.234	1.236	0	1.044	0	2.356	0
"c84715_g2_i1"	0	0	0	0	0	0	0	0	0	0	0.597	0	0	0	0	0	0	0	0	0	0	0	0	0	0	0	0	0	0	0.563	0	0	0	0	0	0	0
"c146868_g3_i2"	0.238	0	0	0	0	0	0.287	0.452	0	0.14	0.436	0.425	0.177	0.363	0.251	0	0	0.35	0	0	0.138	0	0.129	0	0.637	0	0.166	0.161	0.151	0.138	0.148	0.162	0	0.138	0.48	0.504	0.148
"c130818_g1_i1"	0.139	0.182	0.26	0.302	0.281	0	0.22	0.118	0.297	0.341	0.284	0.33	0.066	0.14	0.146	0.17	0.217	0.282	0.208	0.096	0.216	0.096	0.203	0.183	0	0.058	0	0.181	0	0.158	0.466	0.254	0.355	0.168	0.123	0.148	0.116
"c156710_g1_i1"	0	0	0	0	0	0	0	0	0.667	0	0	0	0	0	0	0.33	0	0	0	0.272	0	0	0	0.679	0	0	0	0.362	0.324	0.306	0.318	0	0	0	0	0	0.317
"c131321_g1_i3"	0.074	0.064	0	0.053	0.242	0.122	0	0	0	0.06	0	0.123	0	0.234	0.162	0	0.061	0.079	0	0.158	0	0	0.166	0	0	0.182	0	0.131	0	0	0	0	0.059	0.059	0.067	0.104	0.127
"c179058_g1_i1"	0	0	0	0.177	0	0	0	0.204	0	0	0.199	0	0	0	0	0	0	0	0	0	0	0	0.184	0.216	0	0	0	0	0.205	0	0	0	0	0	0	0	0
"c120005_g2_i1"	0.418	0.225	0.237	0.177	0.6	0.816	0	0.215	0.212	0.201	0	0.594	0.244	0	0.178	0	0.983	0	0.739	0.867	0	0	0.571	0	0.667	0	0.918	0	0	0.77	0.201	0	0.434	0	0.447	0.183	0.602
"c112914_g1_i2"	0	0	0	0	0	0	0	0	0	0	0	0	0	0	0	0	0	0	0	0	0	0	0	0	0	0	0	0	0	0	0	0	0	0	0	0	0
"c71328_g1_i1"	0.123	0.332	0	0.266	0	0	0.296	0	0	0	0	0	0	0	0	0	0	0	0	0.254	0	0	0.286	0	0.333	0	0	0	0	0	0	0	0	0	0	0	0
"c153296_g1_i1"	0	0	0	0	0	0	0	0	0	0	0	0	0	0	0	1.235	0	0	1.248	0	0	0	0	0	0	0	0	0	0	0	0	0	0	0	0	0	0
"c140325_g1_i2"	0	0	0	0	0	0.449	0	0	0	0	0	0	0	0	0	0	0	0	0	0	0	0.368	0	0	0	0	0	0.503	0	0	0	0	0	1.202	0.491	0	0
"c85847_g1_i1"	0	0	0	0	0	0	0	0	0	0	1.469	0	0	0	0	0	0	0	0	0	0	0	0	0	0	0	0	0	0	0	0	0	0	0	0	0	0
"c146785_g1_i3"	0.394	0.171	0.102	0.39	0.242	0.204	0.115	0.14	0.434	0.271	0.246	0.34	0.299	0.199	0.219	0.198	0.322	0.327	0.312	0.236	0.325	0.35	0.497	0.28	0.303	0.259	0.498	0.292	0.4	0.306	0.138	0.266	0.207	0.246	0.223	0.383	0.327
"c56003_g1_i1"	0	0.107	0.056	0	0.048	0.051	0	0.054	0.053	0	0.047	0.094	0	0	0	0.094	0	0	0.058	0.044	0	0.088	0	0.054	0.051	0.048	0.111	0.05	0.054	0.099	0.053	0	0.049	0.049	0.112	0.087	0
"c49122_g1_i1"	6.075	0	3.999	0	0	7.793	7.797	0	2.606	3.652	0	2.51	0	0	0	0	4.069	0	3.385	0	2.527	2.391	0	4.321	0	0	0	0	0	0	0	0	0	0	0	5.433	0
"c112660_g1_i3"	0.049	0.268	0	0	0	0	0	0.129	0.127	0	0	0	0	0	0.105	0	0	0	0	0	0	0.105	0	0	0	0.125	0	0.131	0	0	0	0	0.257	0	0.134	0.435	0
"c115694_g1_i1"	0.312	0.845	0	0.639	2.341	0	0	0	0	0.793	0	1.434	0.975	0	2.088	1.716	0	0	1.837	0	0	0	0	0.744	0	1.046	0	0	0	0.701	0	0	0	0.66	0	1.356	0
"c125746_g3_i1"	11.946	6.228	7.06	9.697	68.674	23.736	14.036	32.139	37.81	19.143	22.094	20.457	85.246	90.992	8.127	31.766	7.078	77.21	24.376	16.37	9.096	30.044	36.931	27.901	9.073	94.578	33.815	33.973	26.66	122.249	17.415	14.958	17.476	132.029	40.244	7.285	95.737
"c69010_g1_i1"	0	0	0	0	0	0	0	0	0	0.823	0	0	0	0	0	0	0	0	0	0	0	0.657	0	0	0	0	0	0	0	0	0	0	0	0	0	0	0
"c153387_g1_i1"	0	0	0	0	0	0	0	0	0	0	0	0	0	0	0	2.074	0	0	1.86	0	0	0	0	0	0	0	0	0	0	0	0	0	0	0	0	0	0
"c82869_g1_i1"	0	0	1.853	0	0	0	0	1.667	0	0	0	0	0	0	0	0	0	0	0	0	1.318	0	0	0	0	0	0	0	0	0	0	0	0	1.153	0	0	0
"c136977_g4_i1"	1.443	0	1.446	1.907	0	0	0	0	0	1.264	3.384	0	0	1.463	0	0	0	0	7.001	0	0	1.945	0	0	3.96	2.121	0	1.45	1.146	0	1.016	1.132	0	0	0	0	0
"c73599_g1_i1"	0	0.321	0.339	0	0	0	0	0	0	0	0	0	0	0	0.259	0	0	0.361	0	0	0	0	0	0	0	0	0	0	0	0.82	0	0	0	0	0	0	0
"c162678_g1_i1"	0	0	0	1.003	0	0	0	0	0	0	0	0	0	0	0	0	0	0	0	0	0	0	0	0	0	0	1.261	0	0	1.096	0	0	0	0	0	0	0
"c138644_g1_i1"	5.887	6.539	4.756	6.397	6.868	7.263	6.144	5.421	6.166	6.471	5.952	6.624	5.549	5.947	7.827	7.4	7.313	5.3	6.088	5.176	5.684	6.613	6.669	5.054	5.244	5.489	4.568	6.625	5.717	5.818	5.569	5.025	6.487	6.276	4.991	5.738	5.121
"c136425_g6_i1"	0.049	0	0	0	0	0	0	0	0.254	0.241	0	0	0	0	0	0.735	0	0.147	0	0	0	0	0.111	0	0	0	0.144	0.131	0	0	0.243	0.139	0	0.236	0.268	0	0
"c97330_g1_i1"	0	0	0	0	0	0	1.557	0	0.816	0	0	0	0	0	0	0	0	0	0	0.657	0	0	0	0	0	0	0	0	0	0	0	0	0	0	0.916	0	0
"c130321_g1_i1"	31.738	34.576	26.162	24.558	25.616	27.674	15.354	22.254	25.69	24.972	28.729	32.309	27.068	28.063	32.847	33.312	38.017	27.966	31.042	28.921	30.278	33.846	32.306	28.429	38.079	32.07	25.463	29.603	28.616	25.453	23.682	24.684	36.779	24.967	25.638	29.341	25.679
"c166510_g1_i1"	0	0	0	0	0	0	0	0	0	0	0	0	0	0	0	0	0	0	0	0	0	0	0	0	0	0	0	0	0.27	0	0	0.901	0	0	0	0	0
"c145305_g2_i5"	1.558	0	0	0	0	0	0	0	5.318	4.324	3.583	0	0	0	0	0	0	0	0	5.535	0	0	0	6.261	0	0	0	5.105	1.794	0	4.521	5.001	2.853	5.596	0	0	0
"c141034_g1_i1"	0.303	0.278	0.147	0.151	0.503	0.296	0.21	0.043	0.593	0.211	0.303	0.255	0.155	0.222	0.154	0.386	0.122	0.316	0.208	0.114	0.167	0.149	0.193	0.194	0.232	0.163	0.243	0.232	0.086	0.415	0.085	0.196	0.178	0.256	0.145	0.078	0.169
"c137272_g1_i1"	0.312	0.096	0.373	0.24	0.232	0.092	0.239	0.183	0.318	0.241	0.275	0.293	0.454	0.117	0.283	0.264	0.226	0.293	0.15	0.184	0.138	0.131	0.193	0.237	0.232	0.202	0.442	0.131	0.151	0.257	0.159	0.139	0.089	0.148	0.268	0.104	0.18
"c103211_g1_i1"	0.689	1.124	0.542	0.994	1.48	0.316	0.936	0.495	0.339	0.632	1.592	1.17	0.941	0.901	1.109	0.632	0.835	1.071	1.074	0.823	0.148	0.333	0.295	0.873	0.606	0.547	0.277	1.994	0.573	0.83	1.779	0.543	0.662	0.227	0.089	0.139	0.718
"c101320_g2_i1"	0	0	0	0	0	0	0	0	0.392	0	0.749	0.368	0	0	0	0	0	0	0	0.315	0	0	0	0	0.414	0	0	0	0	0	0	0	0	0	0	0	0
"c90294_g2_i1"	0	0	0	0	0	0	0	0	0	0	0	0	0	0	0.898	0	0	0	0	0	0	0.815	0	0	0	1.526	0	0	0	0	0	0	0	0	0	1.739	0
"c167417_g1_i1"	0	0	0	0	0	0	0	0	0	0	0.171	0	0	0	0	0	0	0	0	0	0.649	0.149	0	0	0	0	0	0	0	0	0	0	0	0	0	0	0
"c146460_g1_i1"	0	0.128	0.136	0	0	0	0.229	0	0	0	0	0	0.277	0.152	0	0.113	0.113	0	0	0.105	0	0	0.212	0	0	0	0	0	0	0	0.116	0	0.118	0	0	0	0
"c109980_g1_i1"	0	0.246	0	0	0.667	0	0	0	0	0.451	0.445	0	0	0	0.202	0	0	0	0.277	0	0	0.193	0	0	0	0	0.254	0	0.227	0.425	0	0	0.237	0.217	0	0	0
"c131419_g3_i2"	0.369	0	0.124	0.098	0.106	0.112	0.774	0.699	0	1.234	0.341	0	0.133	0	0	0.226	0	0.135	0.555	0.289	0.108	0	0	0.248	0	0.115	0.763	0.987	0.227	0	0	0.762	0.355	0.217	0	0	0.338
"c81964_g1_i2"	0	0	0	0	0	0	0	0	0	0	1.886	0	0	0	0	0	0	0	0	0	0	0	0	0	0	0	0	0	0	0	0	0	0	0	0	0	0
"c122478_g1_i2"	0.139	0.546	0.384	0.071	0.406	0.418	0.325	0.602	0.35	0.161	0.085	0.33	0.299	0.527	0	0.085	0	0.71	0.104	0.429	0.157	0.07	0	0.463	0.364	0.326	0	0.453	0.421	0.316	0.254	0.185	0.434	0.729	0.179	0	0.253
"c56773_g1_i1"	0	0	0	0	0	0	0.334	0	0	0	0	0	0	0	0	0	0	0	0	0.289	0	0	0	0.366	0	0	0	0	0	0	0	0	0.375	0	0	0	0
"c171156_g1_i1"	0	0	0	0	0	0	0	0	0	0	0	0	0	0	0.672	0	0.765	0.97	0	0	0	0	0	0.722	0.818	0	0	0	0	0	0.678	0	0	0	0	0	0.676
"c140946_g3_i1"	0	0	0	0	0	0	0	0	0	0	0	0	0.598	0	0	0	0	0.609	0.589	0	0	0.403	0	0	0	0	0	0	0	0	0	0	0	0	0	0	0
"c126407_g1_i2"	0.32	0.235	0	0.444	0.135	0.143	0.277	0.807	0.222	0.351	0.209	0.349	0.332	0.094	0.372	0	0.27	0.169	0.266	0.368	0.334	0.184	0.258	0.313	0.232	0	0	0.232	0.216	0.267	0.148	0.243	0.296	0.276	0.078	0.061	0.137
"c94123_g1_i2"	0.205	0	0.147	1.34	0.252	0.377	0.373	2.356	0.265	1.254	0.502	0	0.299	0	0.664	0.255	0	0	0.774	0.105	0.354	0.429	0	0.55	0.141	0.249	1.139	0.695	0.778	0	0	0.993	0.128	0.966	0.279	0	0.507
"c155676_g1_i1"	0.082	0	0	0	0	0.194	0	0	0	0	0	0	0	0	0	0	0	0	0.231	0	0	0	0	0	0	0	0.221	0	0	0	0.191	0	0	0	0	0	0
"c147630_g1_i1"	26.876	23.993	25.157	20.255	25.442	19.881	19.348	25.352	26.866	24.019	20.729	26.949	29.394	26.295	27.683	31.2	29.321	33.142	31.458	20.706	31.291	26.383	27.083	29.711	27.865	33.029	32.675	26.401	24.769	20.209	20.083	26.763	26.718	23.016	28.765	26.524	24.137
"c86931_g1_i1"	0.082	0.845	1.796	0.852	1.151	0.581	0	0.602	1.006	0	0	0.566	0.698	0.492	0.34	0.198	0.191	0.959	0.474	0.666	0	0.815	0.184	0.841	0.212	0.202	1.095	0.423	0.594	0.731	0	0.219	0	0.552	0.648	0.174	0.76
"c175736_g1_i1"	0	0	0	0	0	0	0	0	0	0	0	0	0	0	0	0	3.113	0	0	0	0	0	0	0	0	0	0	3.343	0	0	0	0	0	0	0	0	0
"c133982_g1_i1"	0.107	0.086	0.282	0.373	0	0.245	0.325	0.172	0.085	0.251	0.085	0.566	0.199	0.316	0.146	0.085	0.078	0.101	0.208	0.648	0.079	0.07	0.157	0.463	0.182	0.086	0.1	0	0.086	0.079	0.254	0.092	0.257	0.404	0	0.217	0.169
"c168048_g1_i1"	0	0	0	0	0	0	0	0	0	0	0	0	0	0	0	0	0	0	0	0	0.315	0	0.322	0.356	0	0.739	0	0	0	0.632	0	0	0	0	0	0	0
"c146259_g3_i7"	1.131	0.91	0.565	0.754	1.741	0.928	0.315	0.667	0.89	0.903	1.782	0.944	0.964	1.101	1.659	1.489	1.635	0.722	1.005	0.815	1.17	1.358	0.875	0.711	1	0.739	1.018	0.886	1.426	0.83	0.942	1.19	1.521	1.015	0.815	1.452	0.623
"c112686_g2_i1"	0	0	0	0	0	0	0	0	0	0	0	0	0	0	0	0	0	0	0	0	0	0	0	0	0	0	0	0	0	0	0	0	0	0	0	0	0
"c171247_g1_i1"	0	1.584	0	0	0	0	0	0	0	0	0	0	0	0	0	0	0	0	0	0	0	0	0	0	0	0	0	0	0.713	0	0	0	0	0	0	0	0
"c73814_g1_i1"	0	0	0	0	0	0	0	0	0	0	0	0	0	0	0	0	0	0	0	0	0	0	0	0	0	0.979	0	0	0	0	0	0	0	0	0	0	0
"c143508_g2_i2"	18.628	18.695	16.753	11.4	17.809	17.677	17.676	22.168	18.698	19.935	18.71	20.891	19.714	16.262	18.269	22.425	19.591	21.989	18.75	13.848	19.146	19.157	19.502	20.874	20.732	18.549	15.475	21.729	12.568	16.169	18.018	19.451	21.07	16.385	17.185	20.256	15.025
"c137256_g1_i4"	0.279	0.407	0.474	0.745	0.697	1.193	0.334	0.581	0.551	0.823	0.417	0.368	0.842	0.714	0.72	0.632	0.322	0.361	0.647	0.166	0.531	0.447	0.479	0.916	0.778	0.835	0.819	0.654	0.497	0.109	0.699	0.52	0.425	0.552	0.871	0.556	0.57
"c9981_g1_i1"	0	0	0	0	0	0.796	0	0	0	0	0	0	0	0	0	0	0	0	0	0.604	0	0	0	0	0	0	0	0	0	0	0	0	0	0	0	0	0
"c147681_g2_i2"	2.099	1.455	0.768	0	1.973	0.449	0.869	2.549	0.233	0.672	1.763	1.076	2.138	0	0.389	1.81	1.287	1.105	0.809	1.139	0.629	0.937	0.829	1.433	0.727	0.461	0.996	2.95	0.681	0.632	0.889	0.243	0.948	0.838	0.491	1.565	0.222
"c1883_g1_i1"	0	0	0	0	0	0	0	0	0	0	0	0	0	0	1.368	0	0	0	0	0	0	0	0	0	0	0	0	0	0	0	0	0	0	0	0	0	0
"c133357_g2_i3"	1.09	1.691	1.028	1.766	1.093	0.898	1.089	1.624	1.155	0.893	0.445	3.02	2.935	2.236	2.938	3.62	1.504	3.857	2.438	1.515	1.042	2.058	2.487	1.907	3.162	3.704	1.991	3.192	1.578	1.887	1.323	1.733	4.256	2.315	2.211	3.121	1.531
"c124073_g2_i1"	0	0	4.914	0	4.082	0	0	0	0	0	0	0	5.604	0	0	0	0	0	0	2.321	0	0	0	2.468	0	0	3.097	0	0	0	2.414	0	0	4.404	4.254	0	4.889
"c143366_g1_i1"	0.098	0.685	0.791	0.275	0.464	0.388	0.43	0.947	1.038	0.582	0.152	0.151	0.742	0.609	0.21	0.603	0.226	0.947	0.67	0.42	0.905	0.35	0.378	1.013	0.879	0.748	0.918	0.332	1.21	0.356	0.603	0.855	0.355	0.512	1.195	0.243	0.729
"c21244_g1_i1"	0.918	0	1.322	0.958	1.122	1.163	0.535	0	0	1.716	0	0.528	4.186	0	1.004	4.223	1.13	2.154	0.67	2.759	0.521	0	0.553	1.692	0.616	0.681	0	3.202	0	2.578	1.588	0	1.264	0.995	1.251	0.991	1.045
"c19958_g1_i1"	0.107	0	0	0.692	0	0	0.258	0.269	0.54	0	0.777	0	0	0	0	0.264	0	0	0	0	0	0	0	0	0.283	0	0	0.584	0.27	0	0	0.289	0	0	0.581	0	0.253
"c112907_g1_i1"	0.074	0	0.203	0.16	0	0.184	0.086	0.28	0.286	0	0.095	0	0.111	0	0	0.094	0.087	0.226	0.22	0.079	0	0	0	0.194	0.101	0.269	0.21	0.101	0.281	0.089	0.095	0.312	0.099	0.177	0.201	0	0.095
"c143575_g3_i2"	2.345	2.237	1.536	1.029	3.386	2.785	2.522	1.194	2.246	0.602	0.55	2.444	0.864	0	1.643	0	0.574	1.635	1.19	2.584	0	1.489	1.105	0.334	0.535	1.008	1.803	2.648	1.805	3.595	0.741	0.554	0.632	0.709	0	1.434	1.161
"c143498_g1_i1"	0	0	0	0	0	0	0	0	0	0	0	0	0	0	0	0	0	0	0	0	0	0	0	0	0	0	2.312	0	0	2.084	0	0	0	0	0	0	0
"c181300_g1_i1"	0	0	0	0	0	0	0	0	0.795	0.823	0	0	0	0	0	0	0	0	0	0	0.728	0	0	0	0	0	0	0	0	0.721	0	0	0	0	0	0	0
"c123789_g1_i2"	0	0	0	0	0	0	0	0.237	0	0.231	0	0	0.277	0	0	0	0	0	0	0	0	0	0	0	0	0	0	0	0	0.652	0	0	0	0	0	0.2	0
"c139936_g2_i1"	0.238	0.161	0.215	0.337	0.222	0.265	0.229	0.355	0.201	0.11	0.19	0.264	0.044	0.293	0.162	0.151	0.07	0.18	0.092	0.263	0.433	0.193	0.24	0.259	0.212	0.326	0.133	0.211	0.238	0.286	0.116	0.347	0.474	0.335	0.335	0.435	0.465
"c135182_g3_i1"	2.468	2.247	1.48	3.318	2.515	2.846	1.624	2.958	2.182	3.19	3.071	2.869	3.544	1.897	3.052	2.979	2.643	3.575	2.276	2.601	2.704	2.838	2.414	2.759	1.798	2.648	2.201	2.568	2.194	2.38	2.043	1.79	2.666	2.503	2.445	2.06	1.795
"c95908_g1_i1"	0	0	0	0	0	0	0.153	1.463	0	0	0	0.453	0	0	0	0.471	0.904	0	0	0.272	1.475	0.394	0	1.185	0.687	1.746	0.708	0	0.324	0	0	0	0	0.453	0	0	0
"c147014_g1_i5"	0.5	0.3	0.169	0.532	0.271	0.377	0.44	0.28	0.328	0.411	0.739	0.415	0.365	0.211	0.437	0.292	0.496	0.259	0.589	0.368	0.216	0.272	0.461	0.496	0.414	0.403	0.288	0.413	0.475	0.385	0.212	0.266	0.276	0.227	0.491	0.443	0.401
"c144833_g3_i1"	0.238	12.135	0.689	2.475	8.194	3.03	3.344	2.474	1.176	0.592	9.099	7.162	0.731	4.367	2.614	3.148	4.713	4.477	4.205	1.428	0.541	0	6.283	1.746	4.496	15.094	1.261	6.001	1.156	5.353	1.641	0	2.646	1.035	1.943	2.052	0.539
"c138029_g4_i1"	0	0	0	0	0.822	0.857	0	0	0	0	0	0	0	0	0	0	0	0	0.97	0	0	0	0	0	0	0	0.852	0	0	0	0.73	0	0	0	0	0	0.729
"c2309_g1_i1"	0.254	0	0	0	0.31	0	0	0	0	0	0	0	0	0	0	0	0	0	0	0	0.285	0	0	0	0	0.336	0	0.342	0	0	0	0	0	0	0.681	0.269	0
"c144605_g5_i1"	1.279	1.38	1.096	1.703	1.49	1.765	1.567	1.839	1.398	1.886	1.137	1.614	1.949	1.686	1.214	1.32	1.2	2.706	2.484	0.657	1.505	1.13	1.907	1.476	1.111	1.478	1.593	1.722	1.891	1.995	1.493	1.952	1.313	0.621	1.05	0.774	1.404
"c137609_g1_i2"	3.944	3.264	1.83	6.21	3.695	2.111	2.37	3.528	2.14	2.588	2.246	5.133	3.876	3.348	7.584	4.251	4.478	4.229	5.464	3.074	3.471	4.774	6.31	2.091	4.031	2.84	2.467	4.904	1.902	5.739	1.927	3.003	4.492	3.527	2.144	4.521	2.238
"c136529_g2_i3"	20.038	11.365	12.46	13.752	6.52	11.445	19.004	10.283	12.575	13.454	19.601	15.22	11.042	5.151	5.933	5.288	4.383	9.495	4.979	16.65	4.878	10.126	5.896	9.473	5.294	9.203	5.099	8.247	11.293	5.215	11.169	11.066	5.282	11.725	10.787	9.772	0.074
"c172587_g1_i1"	0	0	0	0	0	0	0	0	0	0.301	0	0	0	0	0	0	0	0	0	0.394	0	0	0	0	0	0	0	0	0.778	0	0	0.173	0	0.148	0	0	0
"c120098_g1_i1"	0	0	0	0.914	0	0	0	0	1.091	0	0	0	0	0	0	0	0	0	0	0	0	0	0	0	0	0	0	0	0	0	0	0	0	0	0	0	0
"c108193_g1_i1"	5.05	6.036	5.174	2.112	7.662	5.294	8.055	7.411	5.541	1.445	3.166	1.161	5.338	8.851	1.271	4.911	1.643	5.841	8.237	11.824	6.49	3.46	6.697	3.028	2.021	4.107	8.982	5.357	3.653	6.025	5.876	6.122	4.147	9.4	11.982	1.504	4.466
"c102049_g2_i1"	0	0	0	0	0	0	0	0	0	0	0	0	0	0	0	0	0	0	0	0	0	0	0	0	0	0	0	0	0	0	0	0	0	0	0	0	0
"c141136_g1_i1"	0.254	0.524	0.113	0.133	0.048	0.235	0.048	0.495	0.763	0.482	0.142	0	0.111	0.363	0.04	0.575	0.27	0.406	0.173	0.044	0.502	0.044	0.221	0.905	0.051	0.509	0.885	0.312	0.4	0.464	0.889	0.439	0.444	0.473	0.581	0.087	0.729
"c132804_g3_i1"	0.156	0.835	0	0.337	0	0.255	0	0.527	0	0.381	0.123	0.5	0.454	0	0	0.132	0.365	0.158	0	0.219	0	0.219	0	0	0	0	0.144	0.282	0.389	0.247	0	0	0	0.374	0.279	0	0.127
"c141556_g1_i1"	1.148	2.419	0.384	1.393	1.528	0.887	0.545	0.699	1.526	0.662	1.896	1.963	0.532	0.562	1.077	2.008	1.487	0.959	1.64	1.349	1.367	0.753	1.64	0.851	1.344	1.334	0.763	2.195	0.8	1.165	1.472	0.381	1.047	0.966	0.614	1.469	1.225
"c114098_g1_i1"	57.26	122.66	134.484	81.09	84.307	104.136	98.385	115.241	109.023	109.81	76.546	85.349	119.912	102.969	47.708	89.699	67.198	106.146	94.351	65.34	83.322	66.833	80.144	107.054	97.961	108.559	137.437	90.087	114.735	75.688	116.39	125.337	87.618	126.886	115.115	100.758	110.34
"c126601_g2_i3"	0.213	0.278	0.158	0.311	0.329	0.367	0.258	0.28	0.275	0.201	0.284	0.349	0.31	0.234	0.194	0.179	0.252	0.271	0.185	0.517	0.177	0.175	0.166	0.259	0.303	0.221	0.221	0.352	0.216	0.247	0.265	0.15	0.158	0.286	0.246	0.174	0.296
"c113989_g1_i1"	0.344	0.203	0	0	0.087	0.275	0.096	0	0	0.181	0	0.179	0.111	0.234	0.081	0.189	0	0.113	0.797	0	0.266	0	0	0.313	0.101	0.096	0	0.201	0	0	0	0.323	0.286	0	0	0	0.285
"c90910_g2_i3"	0.09	0.161	0.169	0	0.145	0.071	0	0	0	0.07	0	0.066	0	0.094	0	0.075	0.07	0	0.092	0	0	0	0.064	0	0.081	0	0	0.081	0	0.069	0	0	0.079	0.069	0.156	0	0.074
"c146557_g1_i4"	0.967	1.22	0.723	0.896	1.054	0.908	0.783	0.99	1.081	0.963	1.308	1	0.786	0.878	1.044	0.99	1	1.094	1.178	0.902	1.023	1.559	1.179	1.25	1.576	1.094	1.748	1.41	1.091	1.057	0.9	0.774	1.481	1.015	1.329	1.374	1.056
"c140982_g1_i1"	0.213	0.246	0.328	0.417	0.513	0.459	0.975	0.839	1.155	0.632	0.749	0.453	0.753	0.433	0.356	0.17	0.713	0.214	0.358	0.096	0.325	0.096	0.101	0.259	0.818	0.278	0.066	0.373	1.545	0.444	0.709	0.335	0.474	0.956	1.217	0.304	0.76
"c139836_g3_i1"	0.476	0.289	0.045	0.169	0.039	0.112	0.306	0.118	0.201	0.15	0.076	0.226	0.133	0.047	0.202	0	0.296	0	0.046	0.166	0	0.166	0.175	0.129	0.081	0.182	0	0.121	0	0.217	0.074	0.139	0	0.108	0.38	0.713	0
"c182554_g1_i1"	0	1.883	0	0	0	0	0	0	0	0	0	0	1.096	0	0	0	0	0	1.017	1.358	0	0	0	0	0	0	0	0	0	0	0	0	0	0	0	0	0
"c75216_g1_i1"	0.369	0.985	0	0.772	1.345	0.928	0	0.473	0.456	0.462	1.327	0	0.554	0	0	0.952	0.452	0.575	0.543	0.377	0	0	0.433	0.463	0.495	1.036	0.498	0.514	0	0	1.292	0	0	0	0.502	0	0
"c123590_g2_i2"	1.189	1.316	0.554	1.056	0.474	1.214	0.239	0.506	0.254	1.204	0	1.17	0	0.304	0.639	0	0.704	0.304	0.878	1.025	0.679	0.201	0.221	1.282	0.525	0.509	0.807	0.272	1.221	0	1.196	0.266	0.513	1.133	0.268	0.209	0.475
"c95124_g1_i1"	0	0	0	0	0	0	0	0	0	0	0	0	0	0	0	0	0	0	0	0	0	0	0	0	0	0	0	0	0	0	0	0	0	0	0	0	0
"c87801_g1_i1"	1.238	0	0.87	0	4.431	0.541	2.752	1.56	0	2.458	5.042	3.576	2.68	6.521	2.542	3.224	2.974	0	0	2.873	1.121	3.915	1.483	0	3.294	3.099	0.852	2.819	1.318	2.558	1.09	0.728	4.937	1.971	3.562	3.112	0.855
"c153350_g1_i1"	0	0	2.079	0	0	0	0.822	0	0	0	0	0	0	0	0	0	0	0	0	0	0	0	0	0	0	0	0	0	0	0	0	0	0	0	0	0	0
"c87230_g1_i1"	18.136	38.301	41.447	15.508	40.436	34.722	41.783	29.526	27.502	25.142	18.151	31.752	50.16	37.851	36.271	34.754	31.886	41.295	36.172	36.681	30.249	31.866	33.568	34.894	49.738	51.569	35.23	37.9	44.513	28.031	38.08	31.43	44.609	24.307	35.119	15.24	31.529
"c85438_g1_i1"	0	0	0	0.169	0	0	0	0	0.201	0.191	0.588	0.377	0	0	0	0	0	0.237	0.243	0	0	0.166	0	0	0	0	0.442	0	0	0	0	0	0	0	0	0.174	0
"c84552_g1_i1"	0	0	0	0	0.271	0	0	0	0	0	0.55	0	0	0	0	0	0	0	0.335	0	0	0	0	0	0	0	0	0	0	0	0	0	0	0.256	0.301	0	0
"c165713_g1_i1"	0	0	0	0	0	0	0	0	0	0	1.564	0	0	0	0	0	0	0	0	0	0	0	0	0	0	0	0	0	0.8	0	0	0	0	0	0	0	0
"c163493_g1_i1"	0	0	0	0	0	0	0.401	0	0	0	0.408	0	0	0	0	0	0	0	0	0	0	0	0.396	0.431	0	0	0	0	0	0	0	0	0	0	0	0	0
"c123572_g1_i1"	0.574	0.439	0.565	0.222	0.484	0.408	0.965	0.764	0.604	0.973	0.085	0.396	0.964	0.726	1.068	0.49	1.087	0.699	0.601	0.78	1.78	0.692	1.124	0.539	0.626	0.72	1.117	0.181	1.167	0.237	0.582	1.12	1.521	0.946	0.994	1.217	0.486
"c107903_g2_i1"	0	0.246	0	0	0	0	0	0	0	0	0	0	0.82	0	0	0	0	0	0	0	0	0	0	0	0	0.24	0.254	0	0	0	0.222	0	0.237	0	0	0.2	0
"c55990_g1_i1"	0	0	0	0	0	0	0	0	0	0	0	0	0	0	0	0	0	0	0	0	0	0	0	0	0	0	0	0	0	0	0	0	0	0	0	0	0
"c36093_g1_i1"	0	0	0	0	0	0	0	0	0	0	0	0	0	0	0	0	0	0	0	0	0	0	0	0	0	0	0	0	0	0	0	0	0	0	0	0	0
"c131815_g2_i8"	2.812	2.697	3.502	4.33	6.791	3.06	5.083	9.465	5.678	2.207	4.891	7.153	5.294	4.835	3.634	3.101	5.609	4.093	1.005	5.106	4.366	4.388	5.923	6.11	1.808	1.171	5.199	2.437	3.058	4.899	4.605	2.426	3.535	5.133	2.736	5.06	7.476
"c169613_g1_i1"	0	0	0	0	0	0	0	0	0	0	0	0	0	0	0	0	0	0	0	0.412	0	0	0	0	0	0	0	0	0.497	0	0	1.063	0	0	0	0	0
"c112540_g1_i2"	0	0	0	0	0	0	0	0	0	0	0	0	0.864	1.721	0	0	0	0	0	0	0	0	0	0	0	0	0	0	0	0	0	0	0	0	0	0	0
"c79128_g2_i2"	0.107	0	0	0	0	0	0	0	0	0.261	0	0	0.31	0	0	0	0.252	0	0	0	0	0	0	0	0	0	0	0	0	0.247	0	0	0	0	0	0	0
"c109394_g1_i2"	0.041	0	0	0.195	0	0.112	0	0	0	0	0.436	0.104	0.255	0.14	0	0	0.313	0	0	0	0	0.096	0	0.119	0	0.106	0	0	0.108	0	0.222	0	0.346	0.315	0	0	0.106
"c75487_g1_i1"	0	0	0	0	0	0	0	0	0	0.482	0	0	0	0	0.429	0	0	0	0	0.394	0	0	0	0	0	0	0	0	0	0	0	0	0	0	0	0	0
"c144836_g1_i5"	0.607	0.803	0.418	0.932	3.25	1.408	0.726	0.065	0.328	0.241	1.592	0.123	1.451	1.393	1.125	1.339	0.113	0.823	3.304	0.902	0.875	0.674	3.583	1.024	1.142	4.002	0.984	0.201	0.13	2.874	0.688	0.774	0.829	0.838	0.547	0.217	0.37
"c2267_g1_i1"	0	0	0	0	0	0.989	0	0	0	0	0	0	0	1.147	0	0	0	0	0	0	0	0	0	0	0	0	0	0	0	0	0	0	0	0	0	0	0
"c138403_g3_i1"	0.795	0.375	0.102	0.559	1.083	0.255	0.841	0.678	0.18	0.983	0.626	1.057	0.797	0.539	1.238	0.669	0.748	0.688	0.347	0.867	0.325	0.315	0.359	0.506	0.556	0.355	0.265	1.077	0.497	0.899	0.466	0.323	0.405	0.581	0.313	0.469	0.169
"c110493_g1_i2"	1.574	0.792	0.836	1.224	1.432	1.734	0.631	0.57	0.477	0.181	3.109	1.076	1.949	0.574	1.198	2.734	1.217	2.458	1.005	0.552	0.521	2.015	1.511	0.603	1.303	1.353	1.04	2.195	0.378	1.047	0.466	0.52	0.76	0.621	1.005	1.2	0.549
"c113313_g1_i1"	0	0	0	0	0	0	0	0	0	0	0	0	0	0	0	0	0	0	0	0	0	0	0	0	0	0	0	0	0	0	0	0	0	0	0	0	0
"c152302_g1_i1"	0.238	0	0	1.02	0	0	0	0	0	0	0	0	0	0	0.777	0.302	0.574	0	0	0.49	0	0.245	0	0	0	0.317	0	0.322	0	0.543	0	0	0	0	0	0	0
"c150628_g1_i1"	0	0	0	0	0	0	0	0	0	0	0	0	0	0.644	0	0	0	0.654	0	0	0	0	0	0	0	0	0	0.584	0	0.958	0	0	0	0	0	0	0
"c85591_g2_i1"	0	0	0	0	0	0	0	0	0	0	0	0	0.642	0	0	0	0	0.665	0	0	0	0.438	0	0	0	0	0	0	0	0.484	0	0	0	0	0	0	0
"c146451_g1_i6"	0.205	0.685	0	0	0	0.377	0.621	0.656	0.667	0.381	1.393	0.991	0.155	0.96	0.445	0.641	0	0.936	0.936	0	0.836	1.612	0	0.14	0.839	0.892	0	0	0	0.603	0	0.866	0.128	0	0.279	1.226	0.253
"c125566_g1_i1"	1.763	1.22	3.671	1.153	1.103	0.938	0.182	1.366	2.14	2.428	2.787	1.453	3.123	0.702	0.988	1.518	1.8	1.387	2.276	2.076	2.812	1.104	0.516	1.412	2.869	4.213	3.573	2.054	1.524	1.768	2.244	3.142	1.777	1.951	1.239	1.148	0.739
"c43847_g1_i2"	0	0	0	0	0	0	0	0	0	0	0	0.679	0	0	0	0	0	0	0	0	0	0	0.719	0	0	0	0	0.836	0	0	0	0	1.679	0	0	0	0
"c151467_g1_i1"	3.591	3.639	1.073	1.81	7.149	2.06	2.006	2.323	2.331	3.341	2.218	3.435	6.446	4.226	2.776	7.72	4.122	4.364	2.946	2.067	3.678	1.41	4.661	2.209	5.092	3.819	3.982	3.897	3.599	2.469	2.054	2.495	7.474	1.419	2.468	4.894	1.647
"c55948_g1_i1"	0	0	0	0	0	0	0	0	0	0.331	0	0	0	0	0	0	0	0	0.404	0	0.305	0	0.626	0	0	0	0	0	0	0	0	0	0	0.305	0	0	0
"c73787_g1_i1"	0.656	0	0.463	1.233	0.193	0	0.392	1.248	0.625	0.401	0	0	0.244	0.503	1.052	0	0	0.248	0.728	0.342	0.187	0	0.184	0.431	0.222	0.202	0	0.443	0.205	0.948	0.201	0.45	0.425	0.384	0	1.4	0.591
"c32540_g2_i1"	3.927	0	0	0	3.328	0	0	0	3.136	1.134	1.024	1.972	0	0	0.988	0	0	0	0	0	3.865	0	0	0	0	5.335	0	3.887	1.037	0	5.622	0	0	2.641	1.206	0.956	0
"c140598_g2_i1"	3.206	2.215	3.389	2.076	2.96	2.938	3.058	3.42	2.818	2.097	2.815	2.548	2.492	2.576	2.574	2.234	3.939	4.285	2.842	3.223	3.127	2.444	2.441	3.88	2.384	1.919	2.721	3.061	3.393	3.022	2.657	3.211	2.182	2.798	2.334	2.652	3.674
"c155533_g1_i1"	0.762	0	0	0	0	0.479	0	0	0	0	0.919	0	0	0.585	1.255	0	0	0	0	0	0	0	0	0	0	0	0	0	0.465	0	0	0	0	0	0	0.826	0
"c171607_g1_i1"	0.402	0	0	0	0	0	0	0	0.964	0	0	0	0	0	0	0	0	1.308	0	0.771	0	0.815	0	0	0	0	0	0	0	0	0.868	0	0	0.818	0	0	0
"c142885_g1_i1"	1.377	0.663	0.305	0.861	0.513	0.347	0.774	0.764	0.731	1.204	1.137	1.066	1.384	0.995	1.595	2.243	0.826	0.056	0.797	1.857	2.311	1.183	1.151	2.899	1.899	1.343	0.752	0.383	1.07	0.207	0.667	0.947	1.708	1.527	1.775	1.6	0.57
"c92624_g1_i1"	0.074	0.193	0	0.47	0	0.173	0	0.183	0	0	0	0.17	0	0	0	0	0	0.214	0.22	0.298	0	0.149	0	0	0.384	0.355	0	0.191	0.184	0	0	0	0.188	0.168	0	0.156	0
"c4569_g1_i1"	0	0	0	0	0	0	0	0	0	0	0	0	0	0	0	0	0	0	0	0	0	0	0	0	0	0	0	0	0	0	0	0	0	0	0	0	0
"c100397_g1_i1"	0	0	0	0	0	0	0	0	0	0	0	0	0	0	0	0	0.261	0.327	0	0.228	0	0	0	0	0	0.278	0	0.292	0.27	0	0	0.289	0	0	0	0	0.253
"c129135_g1_i7"	0.312	0.417	0.294	0.683	0.377	0.133	0	0	0	0.13	0	0.868	0.908	0	0	1.15	0.365	0	0	0.114	0.6	0.219	0	0.42	0.556	0	0.144	0	0	0.247	0	0	0.267	0	0	0.556	0.127
"c2940_g1_i1"	0	1.092	0	0	0	0	0	1.065	0	0	0	0.906	0	1.218	0.898	0	0	0	0	0.771	0	0	0	0	0	0	0	0	0	0	0	0	0	0	0	0	0
"c134354_g5_i1"	0.164	0	0	0.053	0.106	0	0.277	0.054	0.18	0	0	0.217	0	0.07	0.194	0.113	0	0	0.069	0.096	0	0.096	0.157	0	0.121	0	0.188	0	0.054	0.109	0.053	0.069	0	0	0.19	0.148	0
"c80893_g1_i1"	0	0	0	0	0	0	0.803	0	0	0	1.649	0	0	0	0.777	0	0	0	0	0	0	0	0	0	0.95	0	0	0	0	0	0	0	1.017	0	0	0	0
"c116751_g1_i1"	0.262	0	0	0.16	0.174	0.184	0.086	0	0.095	0	0	0	0.21	0.117	0.162	0.179	0.087	0	0.116	0	0.167	0.158	0.083	0.097	0	0	0.21	0.101	0.097	0.089	0.275	0.104	0.188	0.089	0.201	0.235	0.095
"c121788_g1_i1"	0	1.177	0	0	1.422	1.459	5.561	0	1.102	0	0	0	1.307	0	0	0	1.061	0	0	0	0	0	0	0	0.788	0	0	0.806	0.724	0.336	0.699	0	0	0	1.988	0	0.686
"c4158_g1_i1"	0	0	0	0	0	0	0	0	0	0	0	0	0	0	0	0	0.226	0	0	0	0	0	0.212	0	0	0	0	0	0	0	0	0	0	0	0	0	0
"c146143_g1_i1"	9.248	6.357	6.157	4.099	8.319	5.886	6.784	6.174	6.515	8.177	4.711	10.427	6.169	8.511	6.103	8.634	5.991	7.318	9.97	8.163	7.454	6.359	7.204	4.268	7.982	5.815	7.112	8.951	5.403	6.183	4.309	3.638	8.294	9.823	6.655	9.233	6.145
"c75098_g1_i1"	0	0	0	0	0	0	8.112	0	0	0	17.544	0	0	5.643	0	0	0	0	0	2.925	0	0	0	0	0	0	0	0	0	0	0	6.561	0	0	0	0	3.02
"c144344_g1_i4"	1.205	0	0.565	1.074	2.902	0.5	1.433	0	0.254	0.983	4.369	0.472	1.174	1.545	4.314	0.754	3.087	0	1.49	0.622	0.462	0.622	1.142	0.259	0.535	1.027	0.553	0.816	0.497	0.919	0	0.266	1.047	0	0.268	2.147	0.475
"c81081_g1_i1"	0.926	0.31	0	0	2.525	0	0.831	0.29	1.462	1.425	0.284	1.642	0	0	0	0	0	0	0	0	1.859	1.664	0	0	0	3.023	0	3.464	3.156	0	1.673	0.312	0.306	1.054	3.127	3.234	0
"c138418_g3_i1"	0	0.118	0.237	0	0	0.204	0.201	0	0	0	0	0.104	0	0	0	0	0	0	0	0.088	0	0.088	0.092	0	0.222	0.614	0.122	0	0	0	0	0	0.326	0	0	0.087	0
"c131352_g1_i1"	0.254	0	0	0	0	0.632	0	0	0	0	0	0.302	0	0	0	0	0	0	0	0	0	0.526	0	0	0	0	0	0.352	0	0	0	0	0	0	0	0.278	0
"c140485_g2_i3"	18.538	31.548	23.711	20.902	22.434	5.753	26.295	20.103	5.191	14.758	1.498	3.671	21.22	2.236	26.63	25.177	27.712	24.278	12.789	6.368	5.182	26.278	4.247	5.108	11.417	26.706	30.175	35.312	4.841	21.443	4.277	4.967	5.253	3.025	3.663	5.625	4.583
"c151597_g1_i1"	0	0	0	0	0	0	0	0	0	0	0	0	0	0	0	0.905	0	1.083	1.04	0	0	0	0	0	0	0	0	0	0	0	0	0	0	0	0	0	0
"c145815_g3_i3"	54.538	63.759	70.772	44.555	50.449	42.118	36.795	44.39	55.703	41.014	38.643	50.247	57.902	54.277	54.823	61.289	54.381	63.058	59.185	52.955	65.513	67.149	47.598	68.474	58.154	63.324	76.368	50.718	72.643	39.449	46.094	56.922	53.396	46.792	60.924	62.55	65.011
"c115725_g1_i2"	0.443	0	0	1.872	0	2.193	1.041	2.259	0	0.722	0.711	0	0	0	1.586	0	0	0	1.733	1.498	3.009	1.507	0	0	0	0	0.796	3.212	1.081	0	0	0.774	0.78	2.976	0	0.313	0
"c47078_g1_i1"	0	0	1.209	0	0	0	1.882	0	0	0	0	0	0	0	0	0	0	0	0	0	0	0	0	0	0	0	0	0	0	0	0	0	0	0	0	0	0
"c136121_g2_i1"	1.517	2.365	1.649	1.597	0.426	1.601	1.92	1.215	0.816	1.625	1.242	1.415	1.34	1.616	2.428	1.489	1.774	2.402	2.056	1.778	0.954	0.657	1.004	1.563	2.384	0.71	1.493	0.946	1.005	2.311	0.413	3.396	1.451	1.31	1.262	1.582	2.64
"c118023_g1_i2"	0	0	0	0	0	0	0	0	0	0	0	0	0	4.109	0.591	0	0.67	0	0	0.534	0	0	0	0	0	0	0	0	0	0	0	0	1.511	0	0	0	0
"c146217_g1_i1"	0.918	0.642	0.452	0.648	1.122	1.04	1.366	0.613	0.795	1.043	1.81	0.736	0.775	0.702	0.631	0.716	0.591	0.677	0.485	1.112	0.502	0.972	0.415	0.69	0.788	0.787	0.454	0.574	0.508	0.435	1.175	0.716	0.741	0.897	0.648	0.6	0.634
"c129790_g2_i1"	0.836	1.017	1.706	1.233	0.706	1.377	2.293	0.796	1.568	1.756	1.27	1.085	0.975	1.393	1.206	1.753	0.783	1.477	1.155	1.769	0.787	1.121	1.207	2.328	2.172	1.823	1.582	1.198	0.4	0.741	1.419	0.82	0.859	0.483	1.831	0.678	0.443
"c105744_g1_i1"	0.23	0	0	0	0.368	0.184	0	0	0	0	0.919	0.179	0.665	0.468	0.486	0.556	0	0	0	0	0	0	0.175	0.194	0	0.192	0	0.201	0.378	0	0.18	0	0.197	0.177	0.201	0.322	0.359
"c79521_g1_i1"	0	0.268	0.282	0	0	0.245	0	0	0	0	0.246	0	0	0	0.219	0.255	0.235	0	0	0.631	0	0.412	0.23	0	0	0.259	0	0	0	0	0	0	0	0	0	0.435	0
"c131641_g1_i1"	0.131	0.171	0	0	0	0	0.076	0.161	0.17	0	0.076	0.075	0	0	0.065	0.16	0	0.101	0.196	0	0	0.131	0	0	0.344	0.384	0.177	0.091	0.162	0.079	0	0.092	0	0.227	0	0	0.074
"c153654_g1_i1"	0	0	0	0	0	0	0	0	0	0	0	0	0	0	0	0	0	0	0	0	0	0	0	0	0	0	0	0	1.254	0	0	0.658	0	0	0	0	0
"c124910_g1_i1"	1.533	1.509	1.378	1.357	1.432	0.969	1.424	1.086	1.356	1.274	1.725	1.717	1.296	2.014	2.169	2.027	1.409	2.684	1.86	2.487	1.583	1.848	1.796	2.403	1.738	2.658	1.914	1.782	1.351	1.669	1.535	1.86	2.35	1.636	1.139	1.217	1.425
"c176370_g1_i1"	0	0	0	0	0	0	0	0	0	0	0	0	0	0	0	0	0	0	0	0	0	0	0	0	0	0	0	0	0	0	0	0	0	0	0	0	0
"c168670_g1_i1"	0	0.578	0	0	0	0	0	0	0	0	0.521	0	0	0	0	0	0	0	0	0	0	0	0	0	0	0	0	0	0	0	0	0.554	0	0	0	0	0
"c56530_g1_i2"	0	0	0	0.559	0.252	0	0	0	0.265	1.003	0	0	0.299	0.316	0.882	0.509	0	0	0	0.543	0.482	0	0	0	0	0.125	0	0	0	0.84	0	0	0.395	0	0.424	0	0.253
"c72947_g3_i1"	0	0.193	0	0.435	0	0.306	0	0	0	0	0.36	0	0	0	0.502	0	0.67	0.113	0.058	0.543	0	0.412	0.24	0.097	0.192	0	0	0.342	0.324	0	0	0	0	0.394	0	0	0.042
"c151814_g1_i1"	0	0	0.373	0	0	0	0	0	0.17	0	0	0.16	0	0	0	0	0	0.203	0	0.14	0	0.272	0	0	0	0	0	0	0	0	0	0	0	0	0	0	0.158
"c146716_g1_i1"	1.837	2.301	1.197	0.994	0.755	0.704	2.064	0.796	1.176	0.662	0.711	1.189	1.539	0.55	0.996	0.566	0.635	0.699	0.497	1.401	2.36	0.797	1.013	0.711	0.293	2.236	0.774	0.695	1.794	1.867	0.381	0.739	0.316	1.478	2.077	0.939	0.813
"c139200_g1_i1"	0.41	0.096	1.446	1.038	0.174	0.714	0.354	0.656	0.477	1.164	0.085	0.878	0.21	0	0.389	0.537	0.174	0.327	0.335	0.622	0.167	0.455	0.332	0.69	0.293	1.065	0.199	0.101	0.551	0.257	0.551	0.82	0.188	0.434	0.201	0.078	0.898
"c138005_g1_i4"	0.107	0.064	0.102	0.053	0.106	0.082	0.067	0.065	0.021	0.13	0.171	0.019	0.078	0	0.13	0.066	0.078	0.079	0.162	0.07	0.079	0.018	0	0.14	0.071	0.125	0.144	0	0.13	0.099	0.064	0	0.089	0.059	0.234	0.13	0.127
"c56749_g1_i1"	0.197	0	0.181	0	0	0	0	0.172	0.17	0.161	0	0	0.188	0	0.138	0.16	0	0	0	0.692	0	0.14	0	0.345	0.172	0	0	0	0	0	0.159	0	0.336	0	0.536	0.287	0
"c49064_g1_i1"	0	0	0	0	0	0	0	0	0.477	0	0.464	0	0	0	0	0	0	0	0	0.385	0	0	0	0	0	0	0	0.534	0.465	0	0	0	0	0.424	0	0	0
"c116782_g1_i1"	0.197	0	0	0	0	0	0	0	0	0	0	0	0	0	0	0	0	0	0	0	0	0	0	0.485	0	0.557	0	0	0	0	0	0.508	0	0	0	0	0
"c170330_g1_i1"	0	0	0	0	0.339	0	0	0	0.36	0	0	0	0	0	0	0	0	0	0	0.289	0	0.289	0.654	0	0	0.758	0	0	0	0	0	0	0.375	0	0	0.304	0
"c102211_g1_i1"	0.115	0	0	0	0.822	0	0	0	0	0	0.825	0.264	0.665	0.351	0	0	0	0	0	0.236	0	0	0	0.291	0	0	0	0.614	0.281	0	0	0	0.889	0	0	0	0
"c117772_g1_i2"	0	0	0	0	0	0	0	0	0.9	0.451	0	0	0	0.55	0	0.462	0	0	0	0	0	0	0	0	2.425	0.509	0	0	0	0	0	0.947	0	0.798	0	0	0.422
"c86486_g2_i1"	0.607	0.182	0.949	0.293	0.319	0	0	0	0.339	0.331	1.308	0.802	0.786	0.211	0.866	0.17	0.478	0.406	0.404	0	0.157	0.552	0.157	0	0.717	0.336	0.553	0.181	0	0.464	0	0	0.691	0.158	0.368	1.008	0
"c80702_g1_i1"	1.5	1.338	0.712	0.798	0.3	0.306	0.889	1.915	1.261	0.612	0.303	1.472	1.484	1.159	1.894	2.206	0.296	1.139	0.739	0.771	0.856	2.058	0.866	0	1.344	0	1.692	1.027	0	1.146	1.196	1.005	0.662	0.571	1.351	0	1.478
"c145639_g1_i1"	0.672	0.203	0.328	0.373	0.31	0.184	0.229	0.215	0.222	0.161	0.18	0.236	0.399	0.164	1.716	0.179	0.4	0.383	0.196	1.165	0.325	0.491	0.765	0.259	0.172	0.202	0.21	0.453	0.238	0.247	0.138	0.277	0.652	0.158	0.234	0.548	0.084
"c114372_g1_i1"	0	0	0	0	0	0	0	0	0	0	0	0	0	0	0	0	0	0	0	0	0	0	0	0	0	0	2.787	0	0	0	0	0	0	0	0	0	2.228
"c42847_g1_i1"	0	0.118	0	0.603	0	0.112	0.115	0.237	0	0	0.673	0	0	0.14	0	0.113	0.217	0	0	0	0.423	0	0.415	0	0.374	0	0	0.121	0	0	0.233	0	0	0.108	0	0	0
"c140729_g1_i6"	0.205	0.182	0.192	0.195	0.271	0.296	0.268	0.194	0.032	0.351	0.161	0.274	0.033	0.035	0.073	0.113	0.104	0.034	0.196	0.219	0.207	0.14	0.074	0.216	0.061	0.211	0.1	0.242	0.227	0.109	0.201	0.035	0.109	0.217	0.156	0.122	0.116
"c50165_g1_i1"	0	0	0	0	0	0	0	0	0	0	0.284	0	0	0	0	0	0	0	0	0	0	0	0	0	0	0	0	0	1.156	0	0	0	0	0.266	0.313	0	0
"c17847_g1_i1"	0	0	0	0	0	0	0	0.344	0.339	0	0	0	0	0	0	0	0	0	0.404	0.28	0	0	0	0	0	0	0	0	0	0	0	0	0	0	0	0	0
"c132496_g1_i1"	0.172	0	0.124	0.098	0.106	0	0	0	0.222	0.211	0.521	0	0.255	0.269	0	0	0.304	0	0	0	0	0	0.286	0	0	0	0	0.111	0.108	0.099	0	0	0	0	0	0.096	0
"c165179_g1_i1"	0	0	0	0	0	0	0	0	0	0	0	0	0	0	0	0	0	0	0	0	0	0	0	0	0	0	0	0	0	0	0	0	0	0	0	0	0
"c149777_g1_i1"	0	0	0	0	0	0	0	0	0	0	0	0	0	0	1.02	0	0	0	0	0	0	0	0	0	0	0	0	0	0	0	0	0	1.382	0	0	0	0
"c41806_g1_i1"	0.549	0	0	0	0	0	0	0	0	1.395	2.635	0	0	0.843	0	0	0	0.88	0.809	0	1.239	0	0	1.336	0.748	0	0	0	0	0.622	0.625	0	0	0.591	0	0.6	0.623
"c151977_g1_i1"	0.107	0.278	0.294	0	0.493	0	0	0	0	0.251	0	0.245	0	0.316	0.219	0.518	0.73	0.316	0	0.21	0.236	0.21	0	0	0.556	0.269	0.564	0	0	0.237	0.498	0.277	0	0.473	0.279	0	0
"c63789_g1_i1"	0	0.696	0.746	0	0	0	0	0.667	0	0.642	0	0	0.786	0	0	0	0	0	0	0	0	0	0	0	0	0	0	0	0	0	0	0	0	0	0	0	0
"c147634_g2_i1"	0.123	0.546	0.113	0.177	0.097	0	0.392	0.204	0.212	0.301	0.398	0.094	0.233	0.129	0	0.302	0.287	0.124	0.243	0.175	0	0.088	0.184	0.334	0.111	0	0.232	0.433	0.097	0.099	0.201	0.116	0	0.197	0	0.087	0.496
"c122650_g1_i1"	29.786	55.166	20.864	53.232	26.351	36.558	12.517	49.263	25.796	42.319	45.619	14.456	34.887	43.248	30.815	6.711	14.104	43.155	20.414	37.846	49.798	22.871	41.205	39.679	18.499	15.478	12.665	13.251	14.459	28.792	54.415	66.613	48.795	17.854	23.025	34.965	36.175
"c53612_g1_i1"	0.107	0	0	0.231	0	0	0.774	0	0.275	0	0.265	0	0	0.667	0	1.631	0.261	0	0	0	0	0	0.249	0.56	0.293	0.278	0.299	0.292	0	0	0.265	0.289	0	0	0	0.695	0
"c179300_g1_i1"	0	0	0	0	0	0	0	0	0.667	0	0	0	0	0	0	0	0	0	0	0	0.61	0	0	0.657	0	1.727	0	0.775	0.659	0	0	0.693	0	0	1.485	0	0
"c6433_g1_i1"	0	0	0	0	0	0	0.889	0	0	0	0	0	0	0	0.858	0	0	0	0	0	0	0	0	0	0	0	0	0	0	0.849	0	0	0	0	0	0	0
"c59899_g1_i1"	0.467	0	0	0	0.455	0	0	0.237	0	0.231	0	0	0	0	0	0	0	0	0	0.193	0	0.193	0	0	0	0	0	0.252	0.702	0	0.233	0	0	0	0.257	0	0
"c32143_g1_i1"	0	0	0	0	0	0	0	0	0.71	0.732	0	0	0	0	0	0.782	0	0	0	0.569	0	0	0	0	0	0	0	0	0	0.642	0	0.728	0	0	1.574	0	0.644
"c71483_g1_i1"	0	0	0	0	0	0	0	0	0	0	0	0	0	0	0	0	0	0	0	0	0	0	0	0	0	0	0	0	0	0	0	0	0	0	0	0	0
"c129013_g1_i1"	25.064	47.622	29.167	20.689	42.129	27.796	18.221	39.077	31.581	29.406	23.876	31.007	49.141	46.526	35.121	33.698	31.564	46.775	37.512	23.902	39.66	24.736	30.059	40.811	43.959	57.307	35.474	47.506	31.999	26.421	19.966	30.968	41.874	28.357	36.592	36.408	23.874
"c64730_g1_i1"	0	0	0	0	0	0	0	0	0	0	0	0	0	0	0	0	1.165	0	0	0	0	0	0	0	0	0	0	0	0	0	0	0	0	0	0	0	0
"c75082_g1_i1"	0	0	0	0	0	0	0	0	0	0	0	0	0	0	0	0	0	0	0	0	0	0.902	0	0	0	0	1.128	0	0	0	0	0	0	0	0	0.974	0
"c149076_g1_i1"	0	0	0	0.115	0	0	0.134	0	0.275	0	0	0	0.155	0	0.227	0	0	0	0	0.114	0	0	0.12	0	0	0	0.144	0	0	0	0	0	0	0	0	0	0
"c119566_g1_i2"	0.18	0.482	0	0.39	0.88	0.224	0.22	0.237	0.466	0.672	0.218	0.642	0	0	0	0.679	0	0.271	0	0.193	0.413	0.561	0.203	0	0	0.461	0	0.493	0.681	0	0	0.497	0.711	0.424	0.246	0.582	0.222
"c43349_g1_i1"	0	0	0	0	0	0	0	0	0	0	0	0	0	0	0	0	0	0	0	0	0	0	0	0	0	0	0	0	0	0	0	0	0	0	0	0	0
"c1311_g1_i2"	1.943	1.402	0	6.06	2.544	3.03	0	0	0	3.231	5.336	0	1.805	0	5.86	1.527	0	0	0	0	3.029	0	2.607	0	0	0	1.449	0	1.091	5.274	2.573	1.917	0	0	1.429	0.191	0
"c101109_g1_i1"	5155.805	8560.899	4734.313	6839.567	5679.307	5908.05	5036.022	6027.441	5908.067	5353.997	10706.762	6347.978	4832.168	8969.152	5017.126	5835.387	5780.963	7891.086	13227.786	3974.803	7590.796	9741.502	5970.532	9148.002	7341.973	2374.471	12294.542	8442.376	5208.692	6174.115	6415.347	7338.859	7675.153	5257.924	6580.872	3658.415	6513.267
"c169836_g1_i1"	0	0	0	0	0	0	0	1.549	0	0	0	0	0	0	0	0	0	0	0	0	0	0	0	0	0	0	0	0	0	0	2.34	0	0	0	0	0	0
"c121979_g1_i1"	69.805	59.201	59.442	69.157	17.819	52.747	55.016	56.9	83.237	40.392	26.368	39.15	51.965	51.631	47.554	36.573	60.146	52.255	59.45	65.331	25.676	61.464	39.685	75.608	58.225	35.591	55.34	49.66	89.826	39.992	43.194	69.512	40.116	46.939	85.591	84.901	63.121
"c159379_g1_i1"	0	0	0	0	0	0	0	0	0	0.682	0.654	0.632	0	0	0	0	0	0	0	0	0	0	0	0	0	0	0	0	0	0	0	0	0	0	0	0	0
"c141657_g6_i4"	0.853	0	0	0.186	0	0	0	0.43	0	0	0	0	0	1.054	0.915	0	0.8	0.259	0.254	0	0.787	0.35	0.193	0.668	1.142	0.432	0.232	0.232	0	0	0.212	0	0.444	0	0	0.183	0.201
"c11110_g1_i1"	0	0	0	0	0	0	0	0	0	0.311	0.313	0	0	0	0	0	0	0	0	0	0	0	0	0	0	0	0	0	0.627	0	0	0.347	0	0.286	0	0	0
"c133381_g1_i1"	22.325	22.666	15.668	28.027	31.401	21.666	20.332	28.826	19.08	30.099	41.78	39.933	26.204	24.258	40.69	38.741	44.912	32.386	22.285	8.023	40.958	45.102	36.857	28.127	45.131	32.597	20.696	32.885	21.127	24.387	18.4	19.475	27.379	29.5	11.892	30.532	12.122
"c145012_g2_i1"	0.271	0	0	0	0	0	0	0	2.013	0	0	0	0	0	1.206	0	1.365	0	0.797	0.543	0	0	0	0	0	0	0	0.775	0	0	0.614	0	0	0	0	0	0
"c137389_g2_i15"	0.213	0	0	0.151	0	0.255	0.678	0.172	0	0.371	0.313	0.321	0.554	0.211	0.081	0.283	0.47	0.09	0	0.578	3.147	0.096	0.175	1.024	0.283	0.499	0.409	0.201	0	0	0.265	0.404	0.513	0.207	0.257	0.313	0.285
"c131578_g1_i2"	0.098	0.503	0	0.612	1.374	0	0.459	0.484	0.244	0.933	0.692	0.226	0.554	0	1.02	0.471	0.226	0.293	0.277	0.596	0.216	0.193	0.433	0.744	0	0.489	0.265	0	0	1.096	0	0.254	0.494	0	0.257	0	0.232
"c131472_g4_i2"	0	0	0	0	0	0	0	0	0	0	0	0	0	0	0	0	0	0	0	0	0	0	0	0	0	0	0	0	0	0	0	0	0	0	0	0	0
"c39775_g1_i1"	0.377	0.203	0.429	0.328	0.726	0.561	0.908	0.194	0.381	0.923	0.739	0.538	0.222	0.468	0.162	0.377	0.183	0	0.451	0.631	0.177	0.158	0.175	0.399	0.404	0.192	0.42	0.413	0.184	0.356	0.561	0.208	0.197	0.177	0.201	0	0.18
"c66855_g1_i1"	0	0	0	0	0	0	0	0	0	0	0	0	0	0	0	0	0	0	0	0	0	0	0	0	0	0	0	0	0	0	0	0	0	0	0	0	0
"c84319_g2_i1"	0.5	0	0.136	0.754	0.358	0.847	0.115	0.376	0.381	0.12	0.483	0.123	0.144	0.304	0	0	0.113	0.147	0.3	0.21	0	0.307	0.332	0	0.131	0.24	0	0.131	0.249	0.573	0.127	0.277	0	0.355	0.536	0.53	0.359
"c48329_g1_i1"	0	0	0.734	0	0	0	0.592	0	0	0	0	0	0	0	0	0	0	0	0	0	0	0.517	0	0	0	0	0	0	0	0	0	0	0	0	0	0	0
"c164350_g1_i1"	0	0	0	0	0	0	0	0	0	0	0	0	0	0	0	0	0	0	0	4.187	0	0	0	0	0	0	0	0	0	0	0	0	0	0	0	0	0
"c128549_g1_i1"	4.001	1.166	1.774	0.949	4.779	2.968	5.379	2.463	2.86	1.535	1.782	1.623	1.407	0.901	2.388	1.31	2.156	1.308	1.456	0.613	1.8	0.902	4.145	3.373	1.819	1.42	2.157	1.692	2.183	3.279	3.007	2.83	2.725	3.202	2.099	1.461	0.591
"c109956_g1_i2"	0.057	0	0.678	0.133	0.29	0.143	0	0	0	0	0	0	0.177	1.112	0.769	0.292	0.139	0.541	0	2.269	0.138	0.123	0.405	0.323	0	0	0	0	0	1.116	0.148	0.162	0.306	0.286	0	0.13	0.729
"c160690_g1_i1"	0.098	0	0.271	0	0	0.235	0	0.247	0.487	0.462	0	0	0	0	0	0	0	0	0	0.201	0	0	0	0	0	0	0	0	0.713	1.096	0.688	1.294	0	0	0	0	0
"c133188_g1_i1"	0.098	0	0.056	0.044	0.048	0.051	0.048	0	0.053	0	0.199	0.047	0	0.059	0.04	0	0.043	0.056	0	0.088	0	0.088	0.046	0	0	0.096	0.111	0.05	0.054	0.049	0	0	0.049	0.049	0.056	0	0
"c157201_g1_i1"	0	0	0	0	0	0	0	0	0	0	0	0	0	0	0	0	0	0	0	0	0	0	0	0	0	0	0	0	0	0.721	0	0.809	0	0	0	0	0
"c137067_g1_i1"	0.369	1.166	0.429	0.497	0.677	0.602	0.229	0.871	0.519	0.311	1.043	0.425	0.31	0.738	0.453	0.575	0.574	0.383	0.67	0.324	0.384	0.517	0.654	0.55	0.475	0.47	0.299	0.977	0.324	0.553	0.656	0.497	0.839	0.394	0.29	0.33	0.591
"c101966_g1_i2"	0	0	0	0	0	0	0	0	0	0	0	0.859	0	0	0	0	0	0	0	0	0.836	0.762	0	0	0	0	0	0	0	0	0	0	0	0	0	0	0
"c55913_g1_i1"	0.09	0.225	0.237	0	0.203	0	0.411	0	0	0	0	0.208	0.498	0	0	0	0	0.259	0.508	0.175	0	0	0.193	0	0	0	0	0	0.216	0.395	0	0.474	0	0	0	0	0
"c134111_g1_i2"	0	0	0	0	4.373	0	0	0	0	0	0	0	0	0	0	0	0	0	0	0	0	0	6.144	0	0	0	3.285	0	0	0	0	0	0	0	4.567	0	2.566
"c8532_g1_i1"	0	0	0	0	0	0	0	0	0	0.371	0	0	0	0	0	0	0	0	0	0	0	0	0	0.388	0	0	0	0	0	0	0	0	0	0	0	0	0
"c32821_g1_i1"	0	0	0	0.204	0.232	0	0.459	0	0.244	0.231	0	0	0	0	0	0	0	0.575	0	0	0.659	0	0	0	0.515	0	0.265	0	0	0	0	0.52	0	0	0.257	0	0
"c173142_g1_i1"	0	0	0	0	0	0	0	0	0	0	0	1.906	0	0	0	0	0	0	0	1.542	0	0	0	0	0	0	2.046	2.98	0	0	0	0	0	0	0	0	0
"c114601_g2_i1"	0	0	0	0	0	1.826	0	0	0	0	0	0	0	0	0	0	0	0	0	0	0	0	0	0	0	0	0	0	0	0	0	1.444	0	0	0	1.434	0
"c49216_g1_i2"	0.115	0	0	0	0	0	0.277	0	0	0.562	0.275	0	0	1.054	0.243	0	0.27	0.35	0	0	0	0	0	0	0.303	0	0	0	0	0	0	0	0	0.788	0	0.243	0
"c133643_g1_i3"	3.345	5.158	2.813	8.553	5.33	4.213	2.666	4.647	3.835	2.438	2.843	5.294	2.581	5.315	8.208	6.41	8.704	3.169	1.49	3.153	0.639	0.806	4.873	1.476	4.749	3.675	0.918	6.102	2.356	5.027	4.521	1.074	10.091	3.646	2.099	4.521	2.83
"c54525_g1_i1"	0.09	0	0	0	0.213	0	0.42	0	0	0	0	0	0	0	0.194	0.217	0	0.271	0	0	0.207	0	0.203	0	0.242	0	0	0	0	0	0	0.243	0.227	0.414	0	0	0
"c133338_g1_i2"	0.361	0.803	0.339	0.914	0.726	0.734	0.287	0.914	0.466	1.174	0.142	0.859	0.521	1.112	0.518	0.443	0.565	0.541	0.543	0.508	0.275	0.499	0.267	0.636	0.97	0.297	0.332	0.161	0.303	0.701	0.296	0.658	1.076	0.709	0	0.261	0.148
"c24515_g1_i1"	0	0	0	0	0	0	0	0	0	0	0	0	0	0	0	0	0	0	0	0	0	0	0	0	0	0	0	0	0	0	0	0	0	0	0	0	0
"c140333_g5_i4"	0.18	0.289	0.249	0.319	0.087	0.275	0.105	0.312	0.117	0.341	0.199	0.151	0.133	0.035	0.243	0.094	0.122	0.147	0.231	0.149	0.226	0.263	0.157	0.14	0.141	0.297	0.398	0.131	0.076	0.119	0.064	0.185	0.188	0.118	0.29	0.122	0.253
"c173838_g1_i1"	0.32	0	0.102	0	1.18	0	0	0	0	0.431	0	1.519	0	0.878	0	0	1.391	0	1.051	0	0.325	0	0	0	0.758	0.509	0	0.473	0	0	0	0	0	0.414	0.759	0.982	0.348
"c90038_g1_i1"	0	0	0	0.115	0.126	0	0	0	0	0	0	0.5	0	0	0.113	0.255	0	0.158	0	0	0.118	0	0	0	0	0	0.144	0	0	0	0	0	0	0	0	0	0
"c64122_g1_i1"	4.772	4.698	4.327	3.815	4.247	3.591	9.746	3.119	2.733	3.933	8.208	6.737	5.826	4.262	3.464	4.374	2.53	2.086	3.662	3.845	2.114	1.743	0.35	3.847	7.194	4.424	3.374	3.927	3.437	4.257	6.384	7.346	3.169	4.641	5.807	3.947	4.076
"c147188_g1_i9"	1.312	1.445	0.892	1.278	1.374	1	1.271	1.076	0.975	1.324	1.403	1.425	1.063	1.077	1.538	1.065	1.296	1.026	1.017	1.944	1.328	1.936	1.198	1.304	1.061	1.132	1.139	1.43	1.037	1.373	1.217	1.097	1.333	1.182	0.893	1.061	1.193
"c131786_g1_i1"	0.172	0.054	0.124	0.044	0.203	0.255	0	0.323	0.222	0.05	0.161	0.311	0.244	0.07	0.316	0.311	0.096	0.068	0.069	0.455	0	0.088	0.092	0.119	0.061	0.048	0.055	0.06	0.324	0.198	0.212	0.116	0.158	0.207	0.167	0.226	0.158
"c175642_g1_i1"	0.377	0	0	0	0.948	0	0	0	0	0	0	0.859	0	0	0	0	0	0	0	0	0	0	0	0	0	0	0	0	0	0	0	0	0	0	1.027	0	0
"c151867_g1_i1"	0	0	0	0	0	0	0	0	1.653	0	0	0	0	0	0	0	0	0	0	0	0	0	0	0	0	0	0	0	0	0	0	0	0	0	0	0	0
"c83967_g1_i1"	1.5	6.303	4.677	0	5.998	0	0	0	5.127	0	0	0	2.658	0	0	2.498	0	0	2.149	2.671	1.613	0	0	0	0	0	1.77	0	0	1.57	0	1.617	0	1.36	0	1.669	2.935
"c80525_g2_i1"	0.156	0	0.35	0.337	0.145	0.071	0	0	0.646	0.08	0	0.075	0.177	0.094	0.13	0	0	0	0.37	0.201	0.148	0.061	0.212	0.086	0	0.221	0.354	0	0.076	0.296	0	0	0.237	0.148	0	0.339	0
"c153945_g1_i1"	21.071	16.994	20.458	26.261	19.27	13.944	39.241	22.426	28.741	19.012	36.482	23.647	20.644	15.407	18.002	16.769	15.73	14.648	19.593	29.753	17.15	12.666	14.278	25.163	19.732	18.204	19.368	16.282	22.9	21.028	27.589	19.925	18.039	24.327	24.767	18.482	25.183
"c169334_g1_i1"	0	0	0	0	0	0	0	0	0	0	0	0	0	0	0	0	0	0	0	0	0	0	0	0	0	0	0	0	1.037	2.864	0	0	0	0	0	0	0
"c135196_g3_i1"	6.674	5.543	4.643	6.432	4.953	5.743	5.953	4.442	5.604	6.17	6.938	6.945	5.006	3.524	7.762	6.118	7.191	6.473	4.275	7.287	7.149	8.575	7.231	5.83	6.749	6.957	4.978	7.371	4.463	4.395	4.722	4.586	6.526	5.823	6.197	5.407	4.889
"c68953_g1_i1"	0	0.3	0	0	0	0	0.268	0	0	0	0	0.793	0	0	0	0	0	0	0.335	0	0.256	0	0	0	0	0	0.31	0	0	0	0	0	0	0.256	0.301	0	0
"c89517_g1_i1"	0.279	0	0	0	0	0.724	0	0	0.689	0.712	0.673	1.293	0	0	0	0	0	0	0	0.552	0.629	0	0	0	0	0	0	0.795	0	0	0.635	0	0	0	0	0	0
"c103791_g1_i2"	0	0	0	0	0	0	0	0	0	0	0	0	0	0	0	0	0	0	0	0	0	0	0	2.867	0	0	0	0	0	0	0	0	0	0	0	0	0
"c155264_g1_i1"	0.566	0	0	0	0	0	0	0	0	1.515	0	0	0	0	0	0	0	0	0	0	0	0	0	0	0	2.956	0	0	0	0	0	0	1.876	0	0	0	0
"c134976_g1_i1"	0	0	0	0	0	0	0	0	0	0	0	0	0	0	0	0	0	0	0	0	0	0	0	0	0	0	0	0	0	0	0	0	0	0	0	0	0
"c130326_g1_i1"	0.156	0.246	0	0.337	0	0.306	0.526	0.075	0.159	0.301	0.844	0.594	0.365	0.094	0.13	0	0.07	0.192	0.092	0.201	0.285	0.455	0.138	0.086	0.333	0.221	0.088	0.584	0.151	0.069	0.159	0.173	0	0.079	0.335	0.4	0
"c85541_g1_i1"	0.549	0	1.604	1.144	0	0.714	0.64	1.441	0	0.692	0.654	0	0.853	0.843	0	0.745	0	0	0	1.647	0	0.561	0	0	1.495	1.756	0	0	0.67	1.235	0.625	0	0	0.591	0	0	0.623
"c128494_g1_i1"	0.262	0.428	0.169	0.435	0.387	0.102	0.191	0.151	0.466	0.1	0.493	0.812	0.288	0.304	0.299	0.434	0.417	0.124	0.116	0.298	0.275	0.377	0.359	0.323	0.323	0.566	0.111	0.483	0.303	0.375	0.095	0.277	0.454	0.187	0.112	0.383	0.201
"c182780_g1_i1"	0	0	1.92	0	0	0	0	0	1.451	0	0	0	0	0	0	0	0	0	0	0	0	0	0	0	0	0	0	0	0	0	0	0	0	0	0	0	0
"c142240_g1_i2"	8.601	8.797	5.569	8.943	7.778	10.843	17.877	7.443	8.539	10.695	10.966	10.115	11.995	10.49	4.614	4.836	6.843	5.706	6.389	8.163	5.33	7.218	9.046	6.444	5.981	3.195	9.126	4.239	9.975	7.813	6.638	6.699	5.154	10.385	9.078	7.989	3.453
"c120046_g2_i1"	0	3.039	0.249	0	0	5.202	0.42	2.011	3.581	1.505	1.498	1.463	2.835	5.959	2.833	4.591	1.87	5.052	2.357	0	4.042	0.543	0.801	1.379	3.294	2.898	0.243	0.946	1.535	1.017	1.715	2.391	1.827	0.818	0	0	5.702
"c140080_g2_i4"	0.098	0	0	0.106	0.484	0	0	0.258	0	0	0.739	0.123	0.443	0.152	0.219	0.123	0.122	0.304	0	0	0.118	0.21	0	0.14	0.131	0.125	0	0.141	0	0.119	0.127	0.139	0	0.118	0	0	0
"c127998_g1_i1"	0.09	0	0.237	0.373	0	0.214	0	0	0	0.211	0	0	0	0	0.186	0.424	0.2	0	0	0	0.197	0	0.193	0	0	0	0	0	0	0.198	0	0	0	0	0.234	0	0
"c105916_g1_i1"	1.746	0	0	0.869	0	1.163	0	2.334	0	1.134	6.17	0	0	0	0	0	2.322	0	0	0	1.927	0	1.133	0	0	0	0	0	1.037	0	0	3.13	1.343	0.877	0	0	0
"c108487_g1_i1"	0.115	0	0	0	0	0	0	0	0	0.291	0	0	0	0	0.259	0	0	0	0	0.49	0	0.491	0	0.302	0	0	0	0.322	0	0	0	0	0.316	0	0	0.252	0
"c144320_g1_i1"	0	0	0	0	0	0	0	0	0	0	0	0	0	0	0	0	0	0	0	0	0	0	0	0	0	0	0	0	0	0	0	0	0	0	0	0	0
"c135040_g2_i1"	3.222	0	0.779	2.777	3.318	0	0	0.699	0	1.354	2.559	4.341	0	0	0	0	4.035	3.394	0	1.603	0	0	0.654	0.647	0	0.844	0	3.041	0	2.41	1.831	0	0	0	0.726	1.156	0
"c133069_g1_i1"	1.468	1.53	1.638	1.624	1.412	1.897	1.519	1.732	1.78	1.716	1.697	1.387	1.971	2.447	2.04	2.159	1.6	1.973	1.617	1.498	2.075	2.269	2.257	2.037	2.192	1.679	1.405	2.195	1.686	1.798	1.694	2.206	1.817	1.774	1.496	2.165	1.394
"c131869_g1_i1"	0.09	0.235	0.768	0	0.542	0.337	0.325	0	0.233	0.221	0	0.104	0	0	0.194	0.33	0.104	0	0.404	0.096	0	0.377	0	0.366	0.485	0.221	0	0.121	0.335	0	0.222	0.127	0	0.424	0	0	0.771
"c147272_g1_i2"	1.09	1.124	0.96	0.798	1.2	0.918	1.242	1.248	0.763	1.274	1.469	1.387	1.717	1.791	1.295	1.499	1.435	1.601	1.883	0.841	1.387	1.699	1.621	1.487	1.839	1.257	1.825	1.551	0.886	0.889	0.91	1.398	1.234	1.113	0.782	1.182	0.781
"c138623_g3_i1"	1.066	0.471	0	0	0	0	0	0.452	0	0	0	0.415	0	0	0.769	1.829	0.861	1.646	1.051	0	0	0.359	0.415	0	0.475	0	0	0	0	0.405	0	0	0.474	0	0	0	0
"c146111_g1_i1"	0.18	0.128	0.045	0.177	0.155	0.153	0.229	0.28	0.085	0.311	0.114	0.387	0.188	0.047	0.235	0.113	0.183	0.045	0.092	0.105	0.226	0.166	0.138	0.172	0.081	0.336	0.044	0.081	0.238	0.109	0.042	0.219	0.237	0.266	0.167	0.104	0.201
"c103727_g1_i2"	0	0.15	0.169	0	0	0	0.143	0	0.148	0.281	0	0.142	0.166	0	0	0	0	0	0	0	0	0.123	0	0	0	0.144	0	0	0	0	0.148	0.162	0	0	0.313	0.122	0
"c64732_g1_i1"	0.484	0.257	0	0.417	0.464	0	0	0.742	0.487	0.241	0.701	0.915	0.565	0	0.834	0	0.226	1.466	0	0	0.669	0.201	0.221	0	0	0.988	0.531	0	0	0.672	0.233	0.266	0.504	0.227	0.525	0.417	0.232
"c133245_g1_i1"	2.32	1.552	0.892	1.508	2.612	3.499	3.851	1.076	2.468	1.615	3.573	1.717	0.233	1.229	2.55	2.064	3.33	2.774	2.068	1.524	0.865	1.813	2.192	0.862	1.849	1.267	0.376	2.618	0.605	1.798	3.123	1.259	2.014	3.163	2.445	2.339	1.436
"c13221_g1_i1"	0.271	0.728	0	2.041	0.329	0.337	0	0.355	0.689	0.341	0.995	0	0	0.421	0.299	0.698	0	0.417	0	0.841	0.315	0	1.271	0.356	0	0	0.376	0	0.681	0	0	0.37	0.365	0	0.737	0	0
"c130764_g1_i1"	5.313	2.536	1.74	1.943	2.931	1.816	2.188	1.301	1.737	1.675	2.474	2.038	1.683	2.529	3.78	2.319	2.383	2.481	1.698	1.997	2.183	4.047	3.233	3.319	3.607	2.351	2.533	2.547	2.453	2.203	2.403	3.084	2.014	1.399	2.055	1.895	1.489
"c134398_g1_i2"	3.804	6.753	4.846	5.314	8.716	7.589	6.191	4.657	5.488	4.465	4.995	5.671	3.035	7.189	5.399	3.714	5.53	4.432	6.158	4.134	6.107	4.38	4.569	3.632	4.395	2.917	4.181	3.887	4.669	6.815	5.304	4.667	7.297	6.198	4.902	10.763	6.05
"c145215_g1_i1"	0	0	0	0	0	0	0	0	0	0	0	0	0	0	0	0	0	0	0	0	0	0	0	0	0	0	0	0	0	0	0	0	0	0	0	0	0
"c120560_g2_i1"	0	0	0	0	0	0	0	0	0	0	0	0	0	0	0	0	0	0	0	0	0	0	0	0	0	0	0	0	0	0	0	0	0	0	0	0	0
"c120173_g1_i2"	0.254	0.289	0	0.24	0.261	0.092	0.172	0.366	0.095	0.351	0.626	0.783	0.21	0.34	0.623	1.951	0.843	0.541	0.323	0.079	0.59	0.298	0.083	0.291	0.586	0.614	0.708	0.483	0.184	0	0.455	0.705	0	0.256	0.1	0.078	0
"c76633_g2_i1"	0	0	0	0	0	0	0	0	0.763	0	0	0	0.975	0	0	0	0	0	0	0	0	0	0	0	0	0	0	0	0	0	0	0	0	0	0	0	0
"c130435_g1_i4"	0.082	0.128	0	0	0.039	0.122	0.162	0	0.085	0	0.237	0.075	0.044	0.199	0	0.075	0.035	0	0.046	0.175	0.226	0.105	0	0.086	0	0.038	0.088	0.262	0.043	0.04	0.127	0.092	0	0.197	0.134	0.104	0.084
"c93650_g1_i1"	0	0	0	0.177	0	0	0	0	0	0	0	0	0	0	0	0	0	0	0	0	0	0	0	0	0	0	0	0.222	0	0.198	0	0	0	0	0	0	0
"c134322_g1_i1"	0.746	0.417	0.599	0.177	0.377	0.796	0.812	0.312	0.848	0.602	0.692	0.613	0.509	0.656	0.542	0.217	0.409	0.733	0.451	0.569	0.492	0.499	0.157	0.582	0.232	0.432	0.442	0.161	0.67	0.247	0.286	0.277	0.336	0.236	0.547	1.269	0.486
"c99659_g1_i1"	6.969	1.723	0.452	1.322	0.29	14.26	8.399	4.518	1.875	15.481	10.104	4.067	4.231	0.375	0.955	3.073	10.678	1.703	3.755	10.099	4.504	5.115	0	3.589	2.607	0.691	0.564	4.873	0.811	1.037	2.414	0.45	3.406	16.198	11.066	0.435	5.448
"c127149_g2_i3"	6.313	2.686	8.54	13.574	6.685	1.856	5.026	1.71	5.562	10.675	10.606	5.379	4.917	4.402	14.618	4.798	7.33	8.119	6.504	25.567	3.471	15.758	7.83	5.959	2.021	4.673	1.15	3.403	9.402	13.186	9.221	4.805	10.881	12.848	10.898	5.407	6.663
"c145463_g2_i13"	1.328	2.108	1.005	2.183	2.351	1.785	2.312	1.431	0.869	1.094	1.403	1.264	1.994	0.258	2.129	2.47	0.157	1.364	1.005	2.137	0.197	0.455	1.999	0.162	2	1.391	1.825	1.379	0.811	0.336	0.212	0.37	1.827	0.788	1.217	0.243	1.341
"c141297_g2_i1"	1.041	4.987	2.903	3.194	4.382	3.162	3.564	2.926	3.803	1.214	2.417	3.605	3.389	3.056	2.639	4.204	1.956	4.06	3.142	2.163	1.416	3.635	1.151	2.899	2.475	1.958	2.721	4.45	2.442	2.746	3.536	3.87	3.12	3.074	3.975	2.217	3.4
"c126345_g2_i1"	4.263	2.986	2.79	0	0.048	0	4.128	2.076	2.85	2.468	4.237	4.926	2.868	3.278	2.032	2.149	0.2	0	2.461	1.612	2.311	1.839	2.266	1.347	2.314	6.055	0	2.366	4.344	1.817	1.948	0	0.326	1.803	2.457	3.156	0
"c143400_g4_i2"	27.13	20.354	24.615	16.83	1.122	26.96	4.691	2.366	2.341	3.13	1.403	41.236	0.687	2.845	7.244	1.452	22.608	22.903	1.721	53.568	1.328	1.901	3.454	22.782	4.031	0	2.832	89.362	0.865	7.171	22.857	33.324	1.521	5.025	15.343	17.891	1.098
"c115709_g1_i2"	0	0.193	0	0	0.174	0.092	0	0.097	0	0.09	0	0.085	0.111	0	0.316	0	0	0.226	0	0.236	0	0	0	0	0.101	0.269	0	0	0	0	0	0	0	0	0	0	0.095
"c63156_g1_i1"	0	0	0	0	0	0	0	0	0	0	0	0	0	0	4.565	0	0	0	0	0	0	0	0	0	0	8.646	0	0	0	0	0	0	0	0	0	0	0
"c73179_g1_i1"	0.271	0	0.384	1.153	0.987	0.673	1.29	0.344	0.339	0	0	0	0	0	0	0.349	0	0	0	0.28	0	0	0.313	0	0	0	0	0	0	0	0	0	0	2.158	0	0.296	0
"c96180_g1_i1"	0	0	0	0	0	0	0	0	0	0	0	0	0	0	0	0	0	0	0	0	0	0	0	0	0	0	0	0	0	0	0	3.28	0	0	0	0	0
"c64129_g1_i1"	0.303	0	0	0.958	0.368	0.745	0	0.774	0	0	0	0	0.443	0	0.648	0	0.365	0.462	0	0.92	0	0	1.4	0	0	0	0	0	0	0	0	0	0.8	0	0	0	0
"c30526_g1_i1"	0.197	0	0.565	0	0	0	0.459	0	0.487	0	1.877	0.915	0	0	0	0	0	0	0	0	0.443	0	0	0	0	1.123	0	1.087	0.475	1.333	0.455	0	0	0.434	0	0	0.454
"c133839_g2_i2"	0.156	0.417	0.904	0	0.764	3.152	0.373	0.807	0.392	1.174	0	1.113	0.941	0	0.34	0	0	2.909	0.462	0.324	0	0.648	0	1.207	0	2.159	5.951	1.299	1.167	0	0	0	2.952	0	0	1.017	0
"c107704_g1_i1"	0	0	0	0	0	0	0	0	0	0	0	0	0	0	0	0	0	0	0	0	0	0	0	0	0	0	0	0	0	1.827	1.662	0	0	0	0	0	0
"c42423_g1_i1"	0	0	2.53	0	0	0	0	0	0	0	2.009	0	0	0	0	0	0	0	0	0	0	0	0	0	0	0	0	0	0	0	0	0	0	0	0	0	0
"c144834_g2_i5"	0	0	0	0	0	0	0	0	0	0	0	0	0.288	0	0	0	0	0	0	0	0	0	0	0.259	0	0	0	0	0	0	0	0	0	0	0	0	0
"c117489_g1_i1"	0.164	0.214	0.226	0.346	0.387	0.194	0.382	0.204	0.816	0.592	1.564	0	0.465	0.246	0.17	0.594	0	0	0.243	0.674	0.187	0.333	0.728	0.216	0.434	0	0.221	0	0	0.188	0.392	0.439	0.415	0.374	0	0.687	0.391
"c139957_g5_i1"	0.385	0.321	0.486	0.612	1.122	0.714	0.506	0.785	0.72	1.094	0.682	0.67	1.096	0.597	0.219	0.339	0.522	0.519	0.416	0.517	0.325	0.289	0.35	0.614	0.556	0.576	0.73	0.413	1.567	0.286	0.392	1.12	0.612	0.867	0.938	0.782	0.729
"c132700_g1_i1"	0.189	0.161	0.056	0.044	0	0.306	0.401	0.312	0.053	0.201	0.408	0.094	0.122	0	0.13	0	0.235	0.124	0	0.35	0	0.131	0.046	0.054	0	0.096	0.111	0.111	0	0.148	0.159	0.173	0	0.099	0.056	0.087	0
"c176226_g1_i1"	0	0	0	0	0	0	0	0	0	0	0	0	0	0	0	0	0	0	0	0	0	0	0	0	0	0	0	0	0	0	0	0	0	0	0	0	0
"c164417_g1_i1"	0	0	0	0	0	0	0	0	0	0	0	0	0	0	0	0	0	0	0	0	0	0	0	0	0	0	0	0	0	0	0	0	0	0	0	0	0
"c136155_g1_i1"	42.683	54.877	64.152	46.445	61.806	48.493	49.598	60.557	44.707	60.689	48.187	56.371	66.762	63.046	54.111	71.262	60.912	71.888	64.58	48.006	67.932	77.818	62.908	61.232	60.296	72.68	70.948	71.58	56.671	55.756	54.066	66.001	51.125	53.265	71.8	43.207	53.945
"c174727_g1_i1"	0	0.257	0	0	0	0	0	0	0	0	0	0	0	0	0	0	0	0	0	0	0.226	0	0	0	0	0	0	0	0	0.227	0	0	0	0	0.268	0	0
"c133114_g9_i2"	0.476	0.193	0.35	0.381	0.174	0.306	0.659	0.688	0.318	0.241	0.607	0.123	0.21	0	0.421	0.245	0.174	0.226	0.069	0.526	0.403	0.254	0.442	0.334	0.071	0.058	0.277	0.131	0.627	0.346	0.191	0.347	0.316	0.414	0.67	0.104	0.127
"c103764_g2_i1"	0	0	0	0	0	0	0	0	0	0	0	0	0	0	0	0	0	0	0	0	0	0	0	0	0	0	0	0	0	0	0	0	0	0	0	0	0
"c110749_g1_i1"	0.459	0	0.26	0	0.222	0	0.65	0.237	0.689	0.221	0	0	0	0.562	0.591	0.226	0.217	0	0.266	0	0	0.184	0.203	0.474	0.242	0	0	0	0.454	0	0.222	0.243	0.711	0.424	0	0.782	0
"c82631_g1_i1"	0.164	0	0	0	0.193	0	1.156	0	0	0.201	0	0	0	0	0	0	0.191	0.248	0	0.166	0	0	0.368	0	0	0	0	0	0	0	0	0	0	0	0	0	0
"c81811_g1_i1"	0.221	0	0.633	0.452	0	0.551	1.022	0.57	0	1.094	0	0	0	0	0	0	0	0.688	0	0.438	0	0	0.525	0	0	0	0	0	0	0	1.016	0.566	0	0.483	0	0	0.496
"c125854_g1_i2"	0	0	0	0	0	1.469	0	0	0	0	0	0	0	0	0	0	1.478	0	0	0	0	0	0	1.175	0	0	0	0	0	0	0	0	0	0	0	0	0
"c66678_g1_i1"	0	0	0	0	0	0	0	0	0	0	0	0	0	0	0	0	0	1.691	1.074	0	0	0	0	0	0	0	0	0	0	0	0	0	0	0	0	0	0
"c18270_g1_i2"	0	0	0	0	0	0	0	0	0	0	0	0	0	0	0	0	0	0	0	0	0	0	0	0	0	0	0	0	0	0	0	0	0	0	0	0	0
"c143115_g1_i1"	12.807	14.95	13.782	16.662	15.13	14.689	16.377	13.295	15.361	14.317	15.07	13.578	12.836	13.347	12.004	13.083	13.921	12.776	12.708	15.301	11.85	13.568	13.615	13.406	12.781	9.778	10.342	13.14	15.238	17.176	15.509	16.483	14.712	15.962	15.856	14.927	18.277
"c105041_g1_i2"	0	0	0	0	0	0	0.363	0	0	0	0	0	0	0	0	0	0	0	0.462	0	0	0	0	0	0	0	0	0	0	0.356	0	0.416	0	0	0	0.33	0
"c44407_g1_i1"	0	0	0	0	2.186	0	0	0	0	0	0	0	0	0	0	0	0	2.966	0	0	0	0	0	0	0	0	0	0	0	0	0	0	0	0	0	0	0
"c88712_g1_i1"	0	0	0	0	0	0	2.226	0	0	0	0	0	0	3.091	2.558	0	0	0	2.9	1.743	0	0	0	0	0	0	0	0	0	0	0	0	0	0	0	0	0
"c169624_g1_i1"	0	0	0	0	0	0	0.612	0	0	0	0	0	0	0	0.575	0.698	0	0	0	1.042	0.59	0	0	0.636	0	0	0	0	0	0.583	0.593	0.658	0	0.562	0	0	0.591
"c157421_g1_i1"	0	0	0	0	0	0	0	0	0	0.431	0	0	0	0	0	0	0	0	0	0	0	0	0	0	0	0	0	0	0	0	0	1.375	0	0	0	0	0
"c114603_g1_i1"	0	0	0	0	0.29	0	0	0.312	0	0	0.294	0.566	1.063	0.375	0.518	0.603	0	0	0.358	0.499	0	0.491	0.276	0.625	0.323	0	0	0	0.303	0.277	0.286	0	0.316	0.276	0	0.513	0
"c132623_g1_i1"	0	0	0	0	0	0	0	0	0	0	0	0	0	0	0	0	0	0	0	0	0	0	0	0	3.859	0	0	0	0	0	0	0	0	0	0	0	0
"c124777_g1_i3"	0.459	0	0.102	0	0.455	0.092	0.736	0.29	0.191	0.371	0.464	0.094	0	0.117	0.081	0	0.087	0.113	0.231	0.158	0.089	0	0.166	0	0.101	0	0.111	0	0.097	0.622	0.191	0	0.197	0.177	0.413	0	0.095
"c172212_g1_i1"	0	0	0	0	0	0	0	0	0	0	0.36	0	0	0	0.324	0	0	0	0	0	0.334	0	0	0	0	0	0	0	0	0	0	0.393	0	1.33	0	0	0
"c34360_g1_i1"	0	0	0	0	0.281	0	0	0	0	0	0.559	0	0	0	0	0.584	0	0	0	0	0	0	0	0	0	0	0	0	0	0	0	0	0	0	0	0	0
"c141248_g1_i2"	2.378	1.445	0.915	2.253	1.693	0.724	1.51	2.065	1.398	1.515	2.389	1.755	1.407	2.693	2.493	1.32	1.513	2.109	3.004	2.304	2.075	1.804	1.455	2.5	1.455	0.71	1.748	2.245	1.297	2.094	1.217	1.363	1.58	1.419	0.514	1.86	1.066
"c102033_g1_i1"	4.288	5.768	4.462	5.039	4.247	5.039	5.953	3.152	3.274	4.886	4.796	6.03	5.128	6.556	6.508	5.986	3.504	4.037	4.76	5.001	5.409	5.273	6.209	4.084	4.819	4.481	5.697	4.732	5.457	5.936	5.367	6.815	4.423	3.724	4.366	3.008	4.625
"c91710_g1_i1"	0	0	0	0	0	0	0	0	0	0	0	0	0	0	0	0	0	0	0	0	0	0	0	0	0	0	0	0	0	0	0	0	0	0	0	0	0
"c126653_g1_i2"	0	0.257	0	0.204	0.464	0	0	0.247	0	0	0	0	0.277	0	0	0	0.226	0	0.289	0	0	0	0.221	0.496	0.768	0	0	0.514	0	0.217	0	0	0.494	0.217	0	0.409	0
"c142872_g1_i1"	0.762	0.203	0.712	0.949	0.3	0.245	0.373	0.129	0.127	0.12	0.246	0.491	0.665	0.082	2.825	0.434	0.704	0.451	0.832	2.26	0.177	0.999	0.847	0.345	0.273	0.24	0.144	0.816	0.573	0.059	0.191	0.208	1.738	0.424	0.134	0.383	0.623
"c125264_g1_i1"	0.959	0	0	0.807	0	0.479	0.449	0	0.477	0	0	0	0	1.171	0.421	0	0	0	0	0.78	0	0.394	1.354	0	0	1.641	0	0	0	0	0	0.497	0.523	1.271	0	1.234	0
"c144689_g1_i3"	75.913	43.298	44.045	72.209	17.393	2.285	16.902	3.689	1.6	20.728	6.891	36.64	3.4	7.727	202.213	14.865	90.094	54.263	90.296	219.765	9.735	7.288	60.578	22.491	44	5.537	22.455	16.261	4.917	70.888	12.566	10.708	81.072	4.335	2.155	239.906	2.809
"c182509_g1_i1"	0.566	0.771	0	0.586	0	0	0.659	0	0	0	5.422	1.312	0	2.611	0	0	0.713	0	0	2.82	0	0.578	1.391	0.69	0	0.912	0	0	0	0	0	0	0	0.611	0.77	0	0
"c118751_g1_i1"	0.139	0.128	0.26	0.204	0.339	0.224	0	0.118	0.477	0.11	0.227	0.113	0.277	0.293	0	0	0	0.135	0.139	0.298	0	0.096	0.212	0	0	0.115	0	0	0	0.217	0	0	0	0	0.257	0	0
"c134089_g1_i1"	16.676	27.011	46.79	23.271	20.489	32.825	24.938	32.656	36.507	27.289	20.264	22.137	35.053	35.404	17.192	29.315	17.4	24.842	28.859	21.529	35.234	25.7	19.971	45.79	33.23	43.441	47.155	27.589	47.906	20.317	35.074	41.271	25.869	32.495	55.296	25.437	42.679
"c128399_g2_i1"	0.23	0.107	0	0.089	0.193	0.102	0.096	0.312	0.106	0.1	0.199	0.245	0.587	0.187	0	0.151	0.191	0.361	0.127	0.307	0.236	0.21	0.276	0.054	0.384	0.24	0.055	0.322	0.151	0.385	0.201	0.52	0.158	0.296	0.279	0.087	0
"c101553_g1_i2"	0.057	0.075	0.079	0.124	0.068	0	0	0	0	0.07	0.218	0.066	0.166	0.094	0.065	0	0.07	0	0.092	0	0	0	0.064	0.075	0	0.144	0	0	0	0.138	0	0	0	0	0	0.061	0.074
"c182226_g1_i1"	0	0	0	0	0	0	0	1.506	0	0	0	0	0	0	0	0	0	0	0	0	0	0	0	0	0	0	0	0	0	0	0	0	0	0	0	0	0
"c146980_g3_i1"	0.23	0.342	1.005	0	0.677	1.561	0.621	0.839	1.324	0.622	0.379	0.491	0	0.632	0.275	0.189	0.174	0.609	1.074	0.438	0.885	0.902	0.626	1.8	0.96	0	0	0.745	0.962	0.662	0.508	0.855	0.908	0.729	0.826	0.052	1.066
"c88258_g1_i1"	0.115	0	0	0	0	0	0	0.28	0	0	0	0	0	0	0	0	0	0.338	0	0	0	0	0	0	0	0	0	0	0	0	0	0.3	0	0	0	0	0
"c74893_g1_i1"	0.107	0.139	0	0	0	0	0.134	0	0	0	0	0	0	0.164	0	0	0.13	0.158	0	0	0	0	0	0	0	0.134	0	0.292	0.27	0.375	0	0.15	0	0	0	0	0.127
"c29432_g1_i1"	0	0	0	0	0	0	0	0	0	0	0	0	0	0	0.308	0	0.339	0	0	0	0.325	0	0	0	0	0	0	0	0	0	0	0	0	0	0.38	0	0
"c116620_g1_i1"	67.443	63.331	78.069	48.166	66.033	79.298	42.881	50.78	69.391	64.03	57.77	58.758	64.436	78.98	74.654	69.838	75.624	74.752	81.158	71.024	71.688	68.787	68.546	77.861	83.645	81.479	94.121	57.162	106.014	48.971	45.3	63.783	82.898	64.143	83.771	81.728	74.039
"c112926_g1_i1"	0	0	0	0.665	0	0	0	0	0	0	0	0	0	0	0	0	0	0	0	0	0	0	0	0	0	1.104	0	0	0	0	0	0	0	0	0	0	0
"c121275_g1_i1"	0	0	0	4.063	3.163	0	4.921	6.852	0	0	0	0	0	0	0	0	0	8.615	6.412	3.81	0	0	3.989	2.069	0	0	0	0	2.55	9.166	2.022	0	0	0	9.849	0	2.038
"c108255_g1_i1"	0	0	0	0	0	0	0	0	0	0	0	0	0	0	0	0	0	0	0	0	0	0	0	0	0	0	0	0	0	0	0	0	0	1.488	0	0	0
"c27629_g1_i1"	0	0	0	0	0	0	0	0	0	0	0	0	0	0	0	0	0	0	0	0	0	0	0	0	0	0	0	0	0	0	0	1.906	0	0	0	0	0
"c134345_g2_i1"	0.066	0.182	0.102	0	0.087	0	0.248	0.086	0.265	0.171	0.085	0	0.1	0.105	0.073	0	0.078	0	0	0.07	0	0.07	0.074	0.183	0.091	0	0	0.091	0.086	0.079	0.085	0	0.178	0.079	0	0.078	0
"c76042_g1_i1"	0.156	0	0	0	0.193	0	0	0.204	0.201	0	0	0.189	0	0.246	0.17	0.396	0	0	0	0	0.364	0.166	0	0	0	0.202	0.221	0	0	0.188	0.392	0.219	0.415	0	0.424	0	0.38
"c161889_g1_i1"	0.082	0	0.237	0	0.203	0	0	0	0	0	0	0.406	0.255	0.527	0	0	0	0.259	0	0.359	0	0	0	0	0	0	0.232	0.463	0	0	0	0	0	0.197	0	0	0
"c93735_g1_i1"	0.803	0	0	2.218	0.667	0	1.252	0	0	0	0	0	0	0	0	5.034	0	0	1.583	0	0	1.095	1.953	0	0.727	0.844	0	2.276	0	1.808	1.217	0.681	3.031	2.306	0	0.582	1.214
"c142388_g3_i4"	0.148	0	0.418	0.213	0.116	0.235	0	0.129	0.254	0.12	0	0.113	0.288	0.152	0.21	0.236	0.113	0.293	0	0.517	0.226	0.105	0	0.388	0.263	0.48	0	0	0.367	0	0	0.139	0	0.345	0	0	0
"c140720_g4_i2"	0.484	0	0.249	0.781	0.426	0.561	1.118	0.086	0.318	0.652	1.621	0.302	0.21	0.059	0.308	0.434	0.287	0.474	0.323	1.971	0.747	0.035	0.672	0.194	0.141	0.086	0.254	0.242	0.357	1.916	0.318	1.051	0.494	0.985	0	0.226	0
"c121824_g1_i1"	0.271	0.064	0.192	0.053	0	0.163	0.105	0	0.286	0.11	0.218	0.377	0.188	0.07	0.097	0.113	0.104	0.068	0.069	0.044	0.108	0.044	0.046	0.183	0.182	0.058	0.066	0.06	0.054	0.109	0.116	0.185	0	0.266	0.056	0	0.053
"c174704_g1_i1"	0.877	0.214	0.452	0.515	0.193	0.785	0.191	2.033	0.403	0.582	0.389	0.755	1.163	0.738	0.688	0.594	0.748	0.485	0.474	0.832	0.551	0	1.446	0.625	0.637	0.403	0.653	0.433	0.594	0	0.783	0.219	0.415	1.291	0.435	1.2	0.38
"c144054_g1_i2"	0	0	0	0.373	0	0	0.841	0	0	0	0	0.415	0	0.55	0	0	0	0	0	2.54	0	0.368	0	0	0	0	0	0	0.443	0.405	0	0	0	0	0	0	0.834
"c156200_g1_i1"	0	0	0.441	0	0.377	0	0	0	0	0	0	0	0	0	0	0	0	0	0.462	0	0.354	0	0	0.399	0	0	0	0	0	0.356	0	0	0	0	0	0.339	0
"c143441_g3_i2"	2.763	1.124	3.208	2.307	3.144	3.203	2.551	2.033	2.712	4.113	2.787	2.727	3.19	2.482	2.898	2.686	2.565	2.154	2.022	3.477	2.35	3.066	2.754	2.274	1.808	1.535	3.296	2.145	1.481	2.064	2.52	1.64	3.663	2.798	2.624	2.721	2.481
"c146193_g6_i1"	0	0	0	0	0	0	0	0	0	0	0	0.217	0	0	0	0	0	0	0	0.184	0.207	0	0	0.938	0	0	0	0	0.443	0	0	0	0.237	0	0	0.191	0
"c144459_g1_i11"	0.303	0.375	0.35	0.204	0.319	0.245	0.392	0.204	0.117	0.351	0.227	0.255	0.399	0.316	0.324	0.32	0.357	0.135	0.185	0.289	0.207	0.359	0.295	0.366	0.323	0.345	0.133	0.262	0.184	0.138	0.371	0.323	0.168	0.276	0.212	0.2	0.18
"c100246_g1_i1"	1.082	0	0	0	0	0	7.023	3.216	0	0	0	0	0	0	0	3.968	0	0	3.05	0	0	0	0	0	0	0	0	3.776	0	0	1.937	0	0	0	0	0	1.953
"c135551_g1_i1"	15.201	14.95	14.685	9.236	13.514	19.095	14.151	12.767	16.834	10.494	14.151	14.324	17.222	13.628	12.376	13.461	12.252	9.472	20.298	5.43	10.679	16.564	11.331	18.837	17.974	16.476	13.65	16.936	13.811	8.415	10.428	16.148	16.222	12.198	18.09	19.96	10.58
"c120188_g1_i1"	0.098	0	0	0	0	0.112	0.344	0.118	0.117	0	0	0.113	0	0	0.202	0.462	0	0	0	0	0	0.096	0.322	0.129	0	0.115	0	0.252	0	0	0.233	0.266	0.118	0.108	0	0	0.232
"c90636_g1_i1"	0	0	0	0	0	0	0	0	0	0	0	0	0	0.995	0	0.415	0	0	0	0.333	0	0	0.755	0	0	0	0	0	0	0.365	0.381	0	0	0	0	0	0
"c144859_g4_i2"	1.345	0.46	2.056	0.381	1.035	1.52	0.783	1.237	1.271	1.836	1.099	1	1.484	1.85	0.461	1.188	1.304	1.015	0.3	0.639	0.482	0.324	1.806	0.366	1.647	1.286	0.376	1.299	0.519	1.017	0.381	1.663	2.073	0.66	0.491	1.191	1.045
"c132069_g1_i1"	0	0	0	0	0	0	0	3.872	0	0	0	0	0	0	0	0	0	0	0	0	0	0	0	0	0	0	0	0	0	0	0	0	0	0	0	0	0
"c103298_g1_i1"	0.221	0	0.418	0.47	0	0	0	0.559	0.191	0	0	0	0	0	0	0	0	0	0	0.149	0	0	0.166	0	0	0	0	0	0	0.504	0	0	0.188	0	0	0	0.18
"c88021_g1_i1"	0	0	0	0	0	0	0	0	0	0	0	0	0	1.077	0	0	0	0	0	0	0	0	0	0	0	0	0	0	0	0	0	0	0	0	0	0	0
"c122339_g1_i1"	76.995	123.474	117.878	75.554	90.16	94.048	96.015	121.081	96.204	119.853	65.419	80.367	87.805	130.798	71.028	76.55	56.39	108.368	125.255	82.603	125.036	103.219	70.011	103.972	98.729	83.475	112.87	81.065	99.66	76.992	90.336	119.804	96.366	90.785	104.272	71.278	91.893
"c145793_g1_i10"	102.083	64.669	99.917	115.522	67.707	93.151	146.636	83.274	88.11	120.545	142.155	86.953	87.749	60.47	77.884	63.146	51.677	68.313	67.884	115.37	60.635	93.479	88.545	82.096	63.297	67.882	70.24	70.171	90.766	92.272	91.977	87.947	72.215	83.661	91.062	78.216	71.652
"c148914_g1_i1"	0	0	0	0	0	0	0	0	0.54	0	0	0	0	0	0	0	0	0	0	0.867	0	0	0	0	0	0.633	0	0	0	0	0	0.554	0	0	0	0	0
"c137155_g1_i1"	11.487	9.289	7.026	8.162	8.145	7.691	6.363	8.261	8.189	6.381	8.493	8.719	8.971	8.43	7.852	10.114	10.165	10.183	9.947	7.576	10.424	10.17	8.678	8.632	9.931	11.122	11.703	8.75	7.619	7.684	7.252	7.404	9.054	7.863	9.96	10.128	6.62
"c4124_g1_i1"	16.316	5.329	12.403	2.999	5.059	0	11.313	17.597	18.243	17.879	12.18	7.058	0	5.257	4.768	0	13.287	20.58	9.681	13.751	22.087	0	7.517	11.488	4.88	56.616	11.117	0	11.488	16.998	11.317	24.811	16.37	17.804	26.598	7.972	8.563
"c164807_g1_i1"	0	0	0	0	0	0	0	0	0	0.522	0	0	0	0	0	0	0.513	0.654	0	0	0	0	0	0	0	0	0	0.584	0	0	0	0	0	0	0	0	0
"c72599_g1_i1"	0	0	0	0	0	0	0	0	0	1.294	0	0	0	1.499	0	0	0	0	0	0	0	0	0	0	1.354	0	0	0	0	0	0	0	1.57	0	0	0	0
"c166933_g1_i1"	0	0	0	0	0	0	0	0	0	0	0	0	0	0	0	0	0.417	0.541	0.508	0	0	0	0	0	0	0	0	0.483	0	0	0	0	0	0	0	0	0
"c125711_g1_i2"	1.927	0.578	1.164	2.511	0.281	2.499	1.194	1.699	0.614	1.726	0.626	1.368	0.631	2.564	2.946	1.009	0.504	0.293	0.116	0.464	1.927	0.447	0.267	0.593	0.576	1.305	0.664	0.524	1.491	1.482	1.292	1.386	0.395	1.606	0.48	1.86	0.19
"c125314_g1_i1"	0.057	0	0.294	0	0.252	0	0.506	0	0.138	0	0	0.255	0.31	0	0.113	0	0.122	0.474	0	0	0.246	0.114	0	0.28	0	0	0.299	0	0.13	0.119	0	0.15	0	0	0.145	0	0.127
"c123810_g1_i2"	0.517	0	0	0	0.097	0	0.096	0.204	0.911	0.1	0.294	0	0.343	0.117	0	0.292	0.365	0	0	0.166	0.728	0.166	0.092	0.108	0.424	0	0.111	0	0	0.277	0	0.439	0.099	0.089	0	0.252	0.19
"c9346_g1_i1"	0	0	0	0	0	0	0	0	0	0	0	0	0	0	0	0	0	0	0	0	0	0	0	0	0	0	0	0	0	0	1.112	0	0	0	0	0	0
"c83495_g1_i1"	0	0	0	0	0	0	0	0	0	0	0	0	0	0	0	0	0	0	0	0.298	0	0	0	0	0	0	0	0	1.081	0	0	0	0	0.335	0	0	0
"c85146_g1_i1"	0.057	0.139	0	0.586	0	0	0.134	0	0	0.13	0.265	0.132	0.465	0.164	0.113	0.132	0.252	0	0	0	0.128	0.333	0.12	0.291	0	0.259	0.144	1.007	0	0.247	0.138	0.15	0	0.374	0	0.235	0.127
"c145259_g1_i1"	4.813	3.992	4.891	3.904	4.605	4.233	5.284	3.646	4.46	4.394	5.801	6.266	3.81	4.109	5.52	5.373	4.904	4.217	4.61	4.239	4.17	3.977	4.247	4.914	5.092	4.28	3.728	5.004	4.56	4.504	5.59	4.343	4.71	3.902	4.545	5.277	4.604
"c92424_g1_i1"	33.451	30.606	43.457	21.106	49.307	25.593	28.301	27.632	33.064	28.383	17.63	27.997	43.47	43.354	36.586	34.123	41.277	47.542	53.385	27.248	44.262	38.839	36.553	35.11	36.543	40.696	36.403	43.458	38.634	23.152	26.477	29.085	39.129	33.017	29.1	41.938	27.421
"c151320_g1_i1"	0	0	0	0	0	0	0	0	0	0	0	0	0	0	0.372	0	0	0	0	0	0	0.35	0	0	0	0	0	0	0	0	0	0	0	0	0	0	0
"c147167_g1_i6"	34.714	9.867	25.055	20.61	8.745	22.553	25.951	14.069	21.834	24.43	36.69	15.947	16.115	7.528	16.901	14.281	15.33	6.991	13.101	25.698	9.322	21.119	13.597	21.607	24.571	22.723	10.962	24.498	9.542	11.329	17.404	17.996	13.349	12.287	13.054	15.275	14.054
"c133595_g4_i1"	0.328	0.107	0	0.177	0.687	0	0.392	0.108	0.424	0	0	0.094	0	0.503	0.963	0.603	0.67	0.124	0.612	1.384	0.57	0	1.105	0	0.222	0	0.575	0	0.108	0	0.106	0.462	0.731	0	0.112	0	0
"c123335_g1_i2"	0.148	0	0	0	0	0.377	0	0	0	0.371	1.81	0	0	0	0	0	0	0	0	0	0.344	0.613	0	0	0.404	0	0	0.413	0	0	0	0	0	0	0	0	0
"c122988_g2_i1"	0.295	0.107	0.113	0.089	0.126	0.092	0.096	0.032	0.064	0.13	0	0.226	0.233	0	0.194	0.189	0.183	0.35	0.277	0.254	0.089	0.333	0.092	0.463	0.212	0.221	0.299	0.101	0.162	0.158	0.095	0	0.099	0.128	0.067	0.2	0.095
"c102486_g1_i1"	0	0	2.474	0	2.119	2.213	0	1.119	2.002	2.157	0	0.944	2.691	1.276	5.666	0	3.304	4.138	2.438	0.797	0	0	2.156	0	0	8.224	1.062	0	0.994	0	0	0	1.274	1.695	3.439	0	0.898
"c73327_g1_i2"	0	0	0	0	0	0	0	0	0	0	0	0	0	1.171	0	0	0	0	0	0	0	0	0	0	0	0	0	0	0	0	0	0	0	0	0	0	0
"c156096_g1_i1"	0	0	0	0	0	0	0	0	0.456	0	0	0	0	0	0	0	0	0	0	0.368	0	0	0	0	0	0	0	0	0	0	0	0	0	0	0	0	0
"c132403_g1_i2"	2.681	3.029	2.982	2.715	2.409	3.478	2.522	2.936	2.691	2.578	1.99	1.812	3.012	2.634	2.185	3.045	2.148	2.131	2.553	1.725	3.412	4.169	2.671	2.834	3.203	4.03	4.06	2.829	2.28	2.805	2.371	3.419	2.241	3.232	3.919	2.608	2.334
"c158925_g1_i1"	0	0	0	0	0.929	0	0	0	0	0	0	0	0	0	0	1.037	0	0	0	0	0	0	0	0	0	0	0	0	0	0	0.805	0	0	0	0	0	0
"c147312_g4_i8"	0.148	0.086	0.09	0.115	0.174	0.143	0.22	0.247	0.297	0.221	0.275	0.094	0.277	0.293	0.194	0.207	0.148	0.304	0.139	0.14	0.108	0.219	0.193	0.108	0.121	0.259	0.199	0.091	0.227	0.158	0.286	0.139	0.188	0.138	0.1	0.122	0.148
"c78733_g1_i1"	0	0	0	0	0	0.877	0	0	0	0	0	0	0	0	0	0	0	0	0	0	0.747	0	0	0	0	0	0	0	0	0	0	0.832	0	0	0	0	0.739
"c111410_g1_i3"	0	0.096	0	0.044	0.048	0	0.048	0	0	0	0.18	0	0	0	0	0.094	0.043	0.056	0	0.079	0	0.079	0	0	0	0	0	0	0	0	0.095	0	0.049	0	0.056	0.043	0.042
"c92276_g1_i2"	0.303	0	0	0.639	0	0.377	0	0	1.144	0	0	0	0	0	0	0	0	0	0	0	0	0	0	0	0.404	0	0	0	0	0	0	0	0	0	0.413	0	0
"c149851_g1_i1"	0.254	0	0	0.266	0	0	0	0	0	0	0	0	0	0	0	0	0.304	0.778	0	0	1.446	0	0.295	0.323	0	0	0	0	0	0	0.91	0	0	0	0.346	0.269	0
"c124013_g1_i1"	0.582	0.385	0.203	0.16	0.174	0.173	0.344	0.549	0.18	0.181	1.232	0.349	1.063	0.222	0	0.358	0.339	0.654	0.647	0.307	0.502	0.596	0	0.571	0.384	0.182	0.199	0	0.184	0.336	0	0.196	0	0.168	0	0.469	0
"c144547_g3_i2"	0.172	0.118	0.237	0	0.106	0.316	0.411	0.108	0.222	0	0.209	0.208	0.122	0	0.923	0	0	0.643	0.52	0.368	0.098	0	0.193	0.345	0.344	0	0.354	0.463	0.216	0.701	0	0	0.109	0.404	0	0.096	0.211
"c143250_g1_i1"	5.87	11.183	9.466	8.81	12.47	16.729	18.441	17.446	13.242	16.283	5.81	8.719	6.258	13.031	9.64	11.792	4.687	12.393	5.58	23.254	24.466	8.041	20.635	4.224	5.233	2.812	2.942	5.699	18.339	23.587	7.739	16.552	12.204	13.37	16.75	11.988	15.511
"c92047_g1_i1"	0	2.515	0	0	2.409	0	0	0	0	0	0	0	0	0	0	0	0	0	0	0	0	0	0	0	0	0	0	0	0	0	0	0	0	0	0	0	0
"c172060_g1_i1"	0	0	0	0	0	0	0	0	0	0.231	0.806	0	0	0	0	0	0	0	0	0	0	0	0	0	0	0	0	0	0.238	0.109	0	0	0	0	0	0	0
"c3836_g1_i1"	0	0	0	0	0	0	0	0	0	0	0	0	0	0	0	0	0	0	0	0	1.495	0	0	0	0	0	0	0	0	0	0	0	0	0	0.916	0	0
"c172184_g1_i1"	0	0	0	0	0	0	0	0	0	0	0	0	0	0	0	0	0	0	0	0	0	0	0	0	0	0	0	0	1.459	0	0	0	0	0	0	0	0
"c164293_g1_i1"	0	0	0	0	0	0	0.917	0	0	2.057	0	0	0	0	0	0	0	0	0	0	0	0	0	0	0	0	0	0	0	0	0.868	0	0	0	0	0	0.866
"c151496_g1_i1"	0	0	0	0	0	0	0	0.667	0	0	0.313	0	0	0.796	0	0	0	0	0	0	0	0	0	0	0	0	0	0	0	0	0	0	0	0	0	0	0
"c107392_g1_i2"	1.623	0	0	0	2.186	2.387	0	0	0	2.267	1.867	0	0	0	0	2.771	0	2.966	0	2.864	1.741	3.25	0	0	2.273	6.458	5.686	0	0	0	1.556	0	0	1.448	4.567	3.625	1.563
"c95873_g1_i1"	0	0	0	0	0	0	0	0	0	0	0	0	0	0	0	0	0	0	0.601	0	0	0	0	0	0	0	0	0	0	0	0	0	0	0	0	0	0
"c58531_g1_i1"	1.533	0.856	0.226	0	2.902	0.796	1.347	1.022	0.614	1.375	1.564	3.435	2.592	0.749	2.938	2.196	0.757	2.188	0.243	0.333	0.551	1.156	1.096	1.056	1.505	0.806	0.221	1.299	0.8	0.188	1.175	0.439	1.244	0.749	1.083	1.035	0
"c132171_g1_i1"	0.467	0.15	0.892	0.887	0.551	0.989	1.051	0.441	0	1.194	0.853	0.972	0.587	0.445	0.251	1.273	0.67	0.35	0.52	0.307	1.072	0.42	0.58	0.625	0.546	0.691	0.653	0.463	1.232	0.612	0.72	0.889	0.879	0.552	0.469	0.991	1.214
"c53101_g1_i1"	0	0	0.181	0	0.155	0	0	0.161	0.159	0	0.303	0.151	0	0	0	0	0	0	0	0	0	0	0.138	0	0	0.154	0	0	0.313	0	0	0	0	0.296	0	0.13	0.148
"c89351_g1_i1"	21.391	31.89	45.637	37.963	26.593	43.087	47.783	43.917	50.215	46.001	51.107	27.666	39.306	43.19	22.081	23.81	21.347	31.18	34.323	35.429	25.017	23.484	24.9	26.37	33.694	31.148	33.383	34.849	41.109	25.453	38.281	35.276	30.727	31.076	53.8	22.108	36.787
"c142609_g2_i2"	8.355	4.901	4.778	3.141	6.114	5.947	4.366	7.303	6.833	8.347	0.995	6.096	2.459	4.917	4.023	4.147	3.356	4.747	2.103	3.048	3.422	2.829	6.531	6.056	1.576	2.754	6.681	2.86	3.512	4.731	7.167	3.188	4.69	2.887	2.792	4.668	0.908
"c88378_g1_i1"	0	0.214	0.226	0.177	0	0.204	0	0	0	0.201	0.199	0	0.244	0	0.178	0	0	0	0	0	0	0.342	0.184	0.216	0	0	0	0	0	0	0	0	0	0	0	0	0
"c116091_g1_i1"	277.563	2.162	0.915	0.878	5.098	4.009	1.758	7.25	9.333	2.388	1.185	10.238	0.72	4.273	8.394	4.44	2.687	11.31	13.829	5.264	10.296	8.059	2.036	16.499	23.551	10.671	4.248	26.794	1.21	2.45	3.377	1.779	2.745	2.453	6.164	1.226	0.781
"c11190_g1_i1"	0	0	0	0	0	0	0	0	0	0	0	0	0	0	0	0	0	0	0	0	0	0	0	0	1.889	1.228	0	0	0	0	0	0	0	0	0	0	0
"c144146_g4_i10"	0.148	0	0	0.106	0	0	0	0	0	0	0	0	0.144	0	0.105	0	0	0	0	0.21	0	0	0.111	0	0	0.125	0	0	0	0.227	0	0.139	0.128	0.236	0.268	0	0
"c105814_g1_i2"	0.394	0	0	0	0.474	0	0.239	0	0	0	0	0.236	0	0.304	0.21	0	0	0.304	0	0	0.226	0	0.451	0.259	0.263	1.017	0	0	0.249	0	0	0.266	0	0.227	0.268	0.209	0.232
"c172273_g1_i1"	0	0	0	0	0	0	0	0	0	0	0	0	0	0	0	0	0	1.477	1.098	0	0	0	0	0	0	0	0	0	0	0	0	0	0	0	0	0	0
"c166425_g1_i1"	0	0	0	0	0.435	0	0	0	0	0	0	0	0	0	0	0	0	0	0	0	0	0	0	0	0	0	0	0	0	0	0	0	0.484	0	0	0	0
"c147967_g1_i1"	0.123	0	0	0	0	0	0	0	0	0.291	0	0	0	0	0	0	0	0	0.716	0	0	0	0	0.625	0	0	0	0	0	0	0	0	0	0.276	0	0.261	0
"c143057_g1_i4"	0.615	0.193	0.282	0.027	0.474	0.449	0.927	0.065	0.318	0.421	0.578	0.443	0.354	0.304	0.664	0.66	0.835	0.519	0.404	0.263	0.521	0.412	0.415	0.442	0.364	0.384	0.177	0.524	0.346	0.178	0.127	0	0.03	0.443	0.335	0.452	0.275
"c129933_g1_i2"	0.385	0.375	0.203	0.106	0.281	0.408	0.172	0.065	0.127	0.06	0	0.226	0.133	0.07	0.405	0.292	0.383	0	0.139	0.254	0.108	0.096	0.322	0.323	0.131	0.115	0.332	0.06	0.357	0.059	0.116	0.335	0.484	0.059	0.067	0.2	0
"c126845_g1_i4"	0.131	0.235	0	0	0	0	0.43	0	0	0	0.104	0.208	0.388	0	0.186	0.434	0.209	0	0.393	0.28	0	0	0.396	0.237	0	0.106	0	0.121	0.108	0	0.328	0	0	0	0.123	0	0
"c40746_g2_i1"	0	0	0	0	0	0	0	0	0	0.331	0	0	0	0	0	0	0	0	0	0	0	0	0	0	0	0	0	0	1.005	0	0	0	0	0	0	0	0
"c134774_g1_i1"	0.713	0.203	0.633	0.053	0.784	0.245	0.612	0.452	0.265	0.301	0.246	0.425	0.288	0.234	0.429	0.613	0.348	0.079	0.451	1.226	0.58	0.42	0.451	0.269	0.202	0.844	0.354	0.272	0.249	0.415	0.445	0.358	0.128	0.897	0.681	0.322	0.243
"c99314_g1_i1"	1.591	1.423	0.768	0.55	0	1.357	0	2.065	1.303	1.997	0	0.613	1.628	1.616	0.583	3.544	0.661	0.834	1.56	1.577	1.19	1.077	0	1.282	1.435	3.311	2.08	0	1.924	0.593	0.603	0	0	0	2.166	0	0.602
"c127541_g2_i1"	0.402	0	0	0	0	0	0	0	0	0.502	0	0.462	0	0.609	0.437	0	0	0	0	0	0	0	0	0	0.535	0	0	0	0.983	0.909	0	0	0	0	0	0	0
"c183483_g1_i1"	0	0	0	0	0	0	0	0	0	0	0	0	0	0	0	0	0	0	0	0	0	0	0	0	1.162	0	0	0	0	0	0	0	0	0	0	0	0
"c158338_g1_i1"	0	0	0	0	0	0	0	0	0	0	1.024	0	0	0	0	0	0	0	0	0	0	0	0	0.528	0	0	0	0	0	0	0	0	0	0	0	0	0
"c134449_g1_i1"	1.96	1.627	2.248	1.118	3.202	0.806	0.545	0.785	1.949	1.756	3.261	2.217	2.569	3.887	2.169	4.459	1.174	2.515	4.355	4.695	5.212	2.619	3.51	3.47	2.496	4.04	2.964	1.379	2.486	2.291	2.583	1.224	1.797	1.488	2.11	1.069	2.397
"c130427_g1_i2"	1.361	3.585	4.857	1.97	3.744	3.835	3.879	3.442	3.401	2.378	2.957	3.529	4.198	3.957	1.862	2.856	1.522	3.451	3.87	1.752	2.862	2.829	1.649	3.416	3.738	3.311	3.916	2.598	3.88	2.291	4.235	3.696	2.883	2.237	5.036	2.791	6.261
"c8618_g1_i1"	0	0	0	0	0	0	0	0	0	0	0	0	0	0	0	0	0	0	0	0	0	0	0	0	0	0	0	0	0	0	0	2.137	0	0	0	0	0
"c132020_g1_i1"	8.355	6.325	4.089	6.148	7.284	6.12	4.5	5.927	4.439	6.22	4.151	8.455	5.383	10.396	8.224	7.861	9.895	9.145	8.63	3.337	8.85	5.334	5.177	4.558	8.608	5.076	5.774	7.079	6.16	7.813	4.711	6.873	7.247	6.858	3.629	8.876	4.097
"c115770_g1_i1"	3.517	4.259	1.152	3.158	3.947	1.03	3.602	2.076	0	2.017	0	0.887	2.503	2.388	3.521	3.327	1.026	2.56	1.144	1.515	4.347	3.18	1.004	0.905	1.071	11.813	0.996	2.296	1.87	1.719	0.858	0.947	7.05	4.808	2.144	2.556	1.7
"c147200_g3_i2"	0.098	0.075	0.079	0.044	0.435	0.194	0.086	0.29	0.201	0.12	0.209	0.217	0.1	0.129	0.105	0.132	0.209	0.214	0.173	0.131	0.167	0.07	0.184	0.172	0.192	0.182	0.221	0.201	0.195	0.049	0.159	0.323	0.109	0.089	0.29	0.287	0.243
"c59920_g1_i1"	0.303	0	0.712	0.222	0.368	0.122	0.124	0.258	1.038	0.12	0.37	0.604	0	0	0	0	0	0.756	0	0	0	0	0.341	0	0	0.489	0.277	0	0.249	0.237	0.371	0.139	0	0.355	0.134	0.322	0
"c46920_g1_i1"	0.328	0.289	0	0	0.532	0	0.258	0	0.275	0	0.796	0.255	0.321	0	0.947	0.273	0.522	0	0	0.228	0	0	0.249	0	0.586	0.288	0	0	0	0.257	0	0	0.286	0	0	0	0
"c84999_g1_i2"	0	0.985	0	1.615	0	1.061	0	1.57	2.055	2.719	1.507	0	2.348	1.335	0	2.743	2.47	1.68	0	0	1.003	0	0.976	0	0	0	0	2.829	0	1.867	0.91	0	1.906	2.759	0	0	0.602
"c38682_g1_i1"	0	0	0	0	0	0	0	0	0	0	0	0	0	0	0	0	0	0	0	0	1.849	0	0	0	0	0	0	0	0	0	0	0	0	0	0	0	0
"c142310_g4_i1"	2.14	1.776	1.299	1.499	1.867	1.897	1.882	2.646	2.204	1.475	1.526	2.34	1.539	2.002	2.752	1.734	2.052	2.639	4.09	3.293	4.012	1.34	2.948	2.285	1.435	1.862	1.504	1.228	1.405	1.6	1.652	1.71	1.994	1.606	2.043	1.721	2.08
"c172133_g1_i1"	0	0.492	0	0	0.445	0	0	0	0	0	0	0	0	0	0	0	0	0	0	0	0	0	0	0	0	0.518	0	0.503	0	0	0	0	0	0	0.491	0	0
"c100514_g1_i2"	0.238	0.064	0.147	0.346	0.126	0	0.191	0.333	0.138	0.251	0.256	0.189	0.377	0	0.113	0.32	0.122	0.079	0.081	0.28	0.059	0.105	0.055	0.28	0.556	0.125	0.077	0.211	0.584	0.178	0.064	0.069	0.128	0.187	0.145	0	0.19
"c97317_g1_i1"	0	0	0.384	0	0	0	0	0	0	0	0	0	0	0	0	0	0	0.417	0	0	0.62	0	0	0	0	0	0	0	0	0	0.328	0	0	0	0.368	0	0
"c75845_g1_i2"	0	0	0	0	0	0	0	0	0	0	0	0	0	0	0	0	0	0	0	0	0	0	0	0	0	0	0	0	0	0	0	0	0	0	0	0	0
"c28303_g1_i1"	0	0	0	0	0	0	0	0	0	0	0	0	0	0	0	0	0	0	0	0	0	0	0	0	0	0	0	0	1.07	0	0	0	0	0	0	0.974	0.95
"c100269_g2_i1"	0	0	0	0	0	0	0	0	0	0	0	0	0	0.421	0	0	0	0	0	0.28	0	0	0	0.7	0	0	0	0	0	0	0	0	0	0	0	0	0
"c157084_g1_i1"	0.328	0	0	0	0.822	0	0	0	0	0	0	0	0	0	1.473	0	0	0	0.97	0	0	0	0	0	0	0	0	0	0	0	0.73	0	0	0	0	0	0
"c141684_g2_i1"	0.476	0.31	0.441	0.435	0.609	0.571	0.812	0.398	1.271	0.522	0.626	0.377	0.964	0.913	0.542	0.575	0.365	0.113	1.352	0.587	0.049	0.289	0.525	0.485	0.313	1.583	1.161	0.524	0.249	0.741	0.445	0.277	0.296	0.286	0.536	0.165	0.243
"c107448_g1_i2"	0	0	0	0.195	0	0	0	0	0.466	0.231	0	0	0	0	0	0	0	0	0	0.193	0	0	0	0	0	0	0.254	0	0	0	0	0	0	0	0	0	0
"c173697_g1_i1"	0	0	0	0	0	2.275	0	0	0	0	0	0	0	0	0	0	0	0	0	0	0	0	0	0	0	0	0	2.558	0	0	0	0	0	2.798	0	0	0
"c178709_g1_i1"	0	0	0	0	0	0	0	0	0	0.301	0	0	0	0	0	0.311	0	0	0.37	0	0.285	0	0.286	0	0	0	0.332	0	0	0	0	0	0	0.286	0	0.791	0
"c142108_g1_i7"	1.328	1.231	1.175	1.233	1.064	0.989	1.032	0.968	1.059	1.184	1.043	1.264	1.407	1.206	1.125	0.745	0.8	1.297	1.386	1.104	2.006	0.771	0.884	0.69	0.626	0.825	1.095	0.896	1.459	0.998	1.122	0.993	1.234	1.281	1.452	1.104	1.151
"c133566_g1_i1"	0	0	0	0	2.776	0	0	0	0	0	0	4.199	0	0	0	2.064	0	0	0	0.718	0	0	0	0	0	0	0	0	0	0	0	0	0	0	0	0	0
"c84823_g2_i1"	0	0	0	0	4.082	0	0	0	0	0	0	0	0	0	0	0	0	0	0	2.321	0	0	0	0	0	0	3.097	0	0	0	0	0	0	0	0	0	2.439
"c161920_g1_i1"	0	0	0	0	0	0	0	0	0	0	0	0	0	0	1.716	2.375	0	0	0	0	0	0	0	0	0	0	0	2.326	0	1.521	0	0	0	0	0	0	0
"c172397_g1_i1"	0.484	1.316	0	0	0.6	0.622	0	0	0	0	0.588	0	0	0.749	0	0	0	0	0.716	0.49	0	0	0	0	0.657	0	0	0	0	0	0.561	0	1.363	0	0	1.582	0
"c137929_g1_i2"	0.5	0.139	0.294	0.053	0.435	0.316	0.315	0.398	0.138	0	0.066	0.189	0.233	0.328	0.057	0.386	0.122	0	0.393	0.219	0.059	0.272	0.295	0.28	0	0.125	0.664	0.493	0.4	0	0.328	0.508	0.464	0.434	0.145	0.504	0
"c109084_g1_i1"	0.221	0.578	0	0.16	0.174	0.357	0	0	0.18	0.181	0	0	0.21	0	0.154	0	0	0.214	0	0.149	0	0	0	0	0.192	0	0	0	0	0.336	0	0	0.188	0	0	0.313	0
"c2842_g1_i1"	0	0	0	0	0	0	0	0	0	0	0	0	0	0	0	0	0	0	0	0	0	0	0	0	0	0	0	0	0	0	0	1.236	0	0	0	1.182	0
"c154711_g1_i1"	0	0	0	0	0	0	0	0.484	0	0.472	0	0	0	0	0	0	0	0	0	0	0	0	0	0.474	0	0	0	0.524	0	0	0.445	0	0	0	0	0	0
"c87773_g1_i2"	0	0	0	0	0	0	0	0.484	0.466	0.923	0	0.434	0.554	0.574	0.405	0	0	0	0	0	0	0	0	0	0	0	0.498	0	0.454	0	0	0	0	0	0.502	0	0
"c29960_g1_i1"	0.828	0	0.395	1.171	1.006	1.03	2.618	0	2.087	0	0.663	0.321	0	0	0.898	0.698	0.661	0.417	4.09	1.13	0.629	0	1.28	0	0	0	0.376	0	0	1.896	2.308	1.109	0.365	0.621	0	0.591	0
"c133293_g1_i2"	0.902	0.931	4.225	0.435	1.683	2.693	1.567	1.011	1.79	1.214	0.976	1.189	2.038	2.318	1.497	2.083	2.104	2.548	1.64	2.952	3.235	0.727	0.341	3.341	1.202	1.583	1.803	0.534	3.998	1.165	2.223	0.693	2.172	2.118	3.238	1.287	3.78
"c131066_g1_i3"	1.984	0.685	1.841	0.497	1.915	0.49	0.621	0.721	0.667	0.351	0.275	0.953	2.968	0.176	0.065	1.32	1.191	0.259	2.311	1.025	0.797	1.305	0.129	0.463	0.919	0.134	0.642	0.453	1.005	0.267	2.213	1.351	0.652	0.818	1.239	0	0.908
"c173416_g1_i1"	0	0	0	0	0	0	0	0	0.561	0	0	0	0	0	0	0	0	0	0	0	0	0.928	0	0	0	0	0	0	0	0	0	0	0	0	0	0	0
"c170820_g1_i1"	0	0	0	0	0	0	0	0	0	0	0	0	0	0	0	0	0	0	0	0	0	0	0	0	0	0	0.719	0	0	0.622	0	0	0	0	0	0.6	0
"c126024_g1_i1"	19.8	14.8	43.017	38.282	47.856	21.38	116.338	86.468	52.302	67.09	30.785	0	56.96	20.863	9.155	0	19.304	38.633	30.002	52.701	38.126	9.031	0.857	24.107	19.489	27.435	19.368	22.675	57.589	58.314	97.683	88.56	0	49.186	37.363	0	32.373
"c182810_g1_i1"	0	0	0	0	0	0	0	0	0	0	0	0	0	0.515	0.364	0	0	0.519	0	1.025	0	0	0	0.851	0	0	0	0	0	0	0	0.878	0	0	0	0	0
"c147554_g2_i1"	1.295	1.798	0	0	0	0	0	1.786	0	0	0	0	4.474	0	4.565	2.074	0	2.278	0	0	0	1.296	0	0	1.798	3.896	1.56	0	0	0	0	0	0	0	0	2.86	0
"c139771_g1_i1"	35.263	26.283	25.586	32.853	13.863	34.784	42.815	29.698	29.61	34.583	34.539	24.892	30.623	23.556	30.006	20.04	35.295	23.963	26.467	28.142	12.459	33.758	30.602	21.111	42.424	20.516	22.322	28.052	27.309	28.179	21.173	34.548	29.423	26.022	33.075	41.346	28.086
"c125859_g1_i1"	0	0	0.497	0.39	0.213	0.214	0.325	0.118	0	0.221	0	0.425	0.521	0	0.097	0	0.104	0.135	0.266	0.561	0.207	0.184	0	0.119	0.242	0.221	0.243	0.121	0.108	0	0	0.127	0.227	0.108	0.48	0.191	0.106
"c120860_g1_i1"	0.107	0.139	0.068	0.053	0.058	0.061	0.124	0.065	0	0.12	0	0.066	0	0.234	0.219	0	0.061	0	0	0.166	0.177	0	0.175	0.14	0	0.307	0.144	0.07	0.13	0.119	0.254	0.139	0.069	0.059	0	0.052	0.063
"c73366_g1_i1"	0	0	0.328	0.248	0	0.571	0	0.29	0.286	0	0.275	0.274	0	0.351	0.494	0	1.096	0	0	0	0.531	0	0	0	0	0.297	0.31	0.312	0	0	0.275	0	0	0	0	0.496	0
"c147508_g1_i1"	0.025	0.075	0.226	0	0.068	0.102	0.076	0.183	0.106	0.11	0.057	0.075	0.1	0.094	0.113	0.132	0.035	0.18	0.139	0.026	0.157	0.07	0.064	0.399	0.141	0.23	0.254	0.151	0.281	0.099	0.064	0.104	0.069	0.089	0.301	0.087	0.19
"c113094_g1_i1"	0	0	0	0	2.989	0	0	0	0	0	0	0	0	0	0	0	0	0	0	3.635	0	0	7.388	0	0	0	0	0	0	0	0	0	0	0	0	0	0
"c127481_g1_i1"	3.23	2.279	2.338	3.717	3.221	2.764	2.838	3.367	2.754	2.93	3.08	2.935	2.492	2.236	2.995	2.62	3.052	2.616	2.992	3.828	2.891	2.479	3.031	2.694	2.809	2.533	2.422	2.688	2.28	3.467	2.583	2.507	3.169	2.857	2.323	2.573	2.165
"c132324_g1_i1"	9.953	9.011	9.997	11.738	10.564	10.619	15.393	11.305	11.802	11.066	9.744	9.134	8.993	9.179	14.303	9.945	12.678	10.95	10.478	16.09	12.086	11.186	10.059	10.841	8.426	10.469	10.232	10.22	10.515	9.946	11.539	10.927	10.091	11.459	10.53	8.72	11.741
"c158852_g1_i1"	0	0	0	0	0	0	1.653	0	0	0	0	0	0	0	0.518	0	0	0	0	0	0	0	0	0	0	0	0	0	0	0	0	0	0	0	0	0	0
"c107089_g1_i1"	0.443	0.396	0	0.311	0.716	0	0	0	0.742	0	0.36	0.698	0	0	1.279	0	0.713	0	0	0	0	0	0	0	0	0	0.398	0.403	0.367	0	0.349	0	0	0.67	0	0	0
"c163485_g1_i1"	0.213	0.278	0.147	0.115	0.503	0.255	0	0.129	0	0.251	0	0.377	0.155	0.808	0.227	0.255	0	0.474	0	0	0	0	0	0.42	0	0.125	0	0.141	0	0	0	0	0.533	0.128	0.145	0	0
"c100329_g1_i1"	20.161	20.451	24.841	16.067	20.576	19.452	16.358	16.435	16.527	17.216	14.265	17.928	21.962	18.861	19.855	18.645	23.799	23.726	25.959	19.173	24.427	18.044	19.032	22.297	23.642	23.155	24.645	18.023	26.693	14.697	16.251	18.897	19.639	18.809	20.892	21.186	22.849
"c38149_g1_i1"	0.189	0	0.26	0	0	0	0	0	0	0	0	0	0	0	0	0	0	0.282	0	0.193	0.216	0	0	0	0	0	0	0	0	0.217	0	0	0	0.217	0	0.2	0
"c146026_g1_i4"	0.107	0.225	0	0	0.29	0.755	0.497	0.527	0.265	0	0.171	0.33	0.199	0	0	0.038	0	0	0.358	0	0.236	0.175	0.23	0.14	0.091	0.326	0.144	0.554	0	0	0.085	0.393	0.178	0.66	0.089	0.887	0.422
"c129528_g1_i1"	7.363	26.358	24.084	31.939	35.658	20.319	23.61	23.9	27.608	18.42	28.454	27.449	42.119	29.913	16.205	36.319	27.06	34.382	34.843	15.731	30.475	20.532	25.204	30.067	20.267	20.814	34.456	41.716	18.761	31.35	24.138	34.895	45.705	18.297	20.691	10.85	36.037
"c147076_g3_i2"	0	0	0	0	0	0	0.334	0.269	0.265	0.341	0	0	0	0	0	0.17	0.078	0.101	0	0	0.325	0.07	0	0	0	0.422	0	0	0.346	0	0.169	0.393	0.355	0.335	0	0	0.169
"c138591_g1_i2"	1.804	1.552	0.633	1.357	1.422	1.122	0.822	1.312	1.398	0.843	1.602	1.972	2.038	1.815	2.444	2.064	1.504	1.872	2.022	0.937	1.2	1.401	1.327	1.444	2.011	1.161	1.195	2.386	0.767	1.185	1.302	1.144	1.787	1.291	1.273	1.904	1.109
"c54120_g1_i1"	0	0	0	0	0.329	0	0.325	0.699	0	0	0	0	0	0	0	0.688	0	0	0	0.561	0	0	0	0	0.727	0	0	0	0	0.306	0.328	0.358	0	0	0	0.582	0
"c146727_g2_i1"	0.369	0	0.079	0	0	0	0	0.215	0.074	0.612	0.066	0	0.166	0.176	0.121	0.207	0	0.248	0	0.359	0	0.061	0.184	0.226	0	0	0	0.594	0.076	0.069	0.212	0.081	0.355	0.069	0	0.243	0
"c141965_g2_i1"	6.182	7.78	0.633	5.288	4.073	6.12	5.083	0	0.572	2.207	0.54	5.567	0.332	1.733	7.261	1.404	1.07	2.052	2.669	3.714	0.511	0	5.665	6.401	8.123	1.756	1.228	4.571	0	0	1.62	3.927	1.471	4.365	0.301	13.736	0.539
"c128331_g1_i1"	0.295	0.524	0	0.426	0.232	0	0	0	0.254	0	0	0.236	0	0.609	0	0.245	0	0.598	0	0.613	0	0	0.221	0.259	0	0	0	0.262	0.249	0.227	1.186	0	0.257	0.453	0	0	0
"c115464_g1_i2"	0.107	0	0	0	0.261	0	0.516	0	0.275	0	0	0	0	0	0.235	0	0	0	0	0	0	0	0	0	0	0	0	0	0.27	0	0	0.289	0	0	0.29	0	0.253
"c97998_g1_i2"	0	0	0	0	0	0	0	0	0	0.973	0.938	0	0	0	0	0	0	0	0	0.394	0	0	0	0	0	0	0	0	0	0.889	0	0	0	0	0	0	0
"c113213_g3_i1"	0.09	0.032	0	0.071	0.048	0.082	0.057	0.086	0	0.05	0.028	0.028	0.033	0	0.049	0	0	0.068	0.127	0.044	0.079	0.158	0.267	0.119	0	0.125	0.033	0	0.032	0.079	0	0.035	0.109	0	0	0.043	0.032
"c106691_g1_i1"	0.262	0	0	0	0	0	0	0	0	0	0	0	0	0	0	0	0	0	0	0	0	0	0	0	0	0	0	0	0	0	0	0	0	0	0	0	0
"c89331_g1_i1"	3.976	3.521	2.045	0.772	2.331	0.898	0	0.613	0.911	1.184	0.872	1.982	1.772	1.475	3.634	2.724	1.435	2.199	2.854	2.233	2.203	3.959	2.487	3.416	3.223	4.424	3.595	1.631	0.594	0.553	2.022	1.294	8.225	1.37	3.249	5.164	1.425
"c27246_g1_i1"	0	0.3	0.621	0.479	0.271	0.408	0	0	0.858	0.271	0	0	0.642	0.176	0.121	1.093	0.13	0.169	0	0.464	0.639	0.342	0.626	0.291	0.152	0.95	0	0.151	0.14	0	0.275	0.15	0	0.128	0	0	0.401
"c182175_g1_i1"	0	0	0	0	0	0	0	0	0	0	0	0.906	0	0	0	0	0	0	0	0.771	0	0	0	0	0	0	0	0	0	0	0	0	0	0.818	0	0	0
"c159365_g1_i1"	0	0	0	0	0	0	0	0	0	0	0	0	0	0	0	0	0	0	0	1.743	2.163	2.041	0	0	0	0	0	0	0	0	0	0	0	0	0	0	0
"c142946_g1_i2"	0.394	0.128	0.305	1.047	0.319	0.541	0.411	0.495	0.191	0.211	0.692	0.764	0.144	0.07	0.154	0.292	0.904	0.62	0.15	0.911	0.256	0.683	0.138	0.065	0.364	0.662	0.277	0.292	0.4	0.148	0.371	0.277	0.306	0.591	0.402	1.469	0.063
"c139037_g1_i2"	2.771	0.931	1.57	1.978	2.012	1.397	1.213	0.785	2.087	1.375	1.081	1.548	1.695	1.475	2.946	2.14	1.583	1.184	2.253	2.242	1.918	1.804	1.713	1.994	1.192	1.996	2.013	1.46	1.059	1.462	1.44	1.19	1.629	1.271	1.34	1.382	1.362
"c29817_g1_i1"	0	0	0	0	0	0	0	0	0	0	0	0	0	0	0	0	0	0	0	0	0	0	0	0	0	0	0	1.541	0	0	0	0	0	0	0	0	0
"c2837_g1_i1"	0	0	0	0.328	0.377	0	0	0	0	0	0.37	0.359	0	0	0	0	0	0	0.451	0	0	0	0.359	0.388	0	0.422	0	0	0.756	0	0	0	0	0	0	0	0
"c100404_g2_i1"	0	0	0	0	0.31	0	0	0.323	0	0	0	0	0	0	0	0	0	0	0	0	0	0	0	0	0	0	0	0	0	0	0	0	0	0	0	0	0
"c64677_g1_i1"	0	0	0	2.369	0	0	0	0	0	0	0	0	0	0	0	0	0	0	0	0	0	0	0	0	0	0	0	0	0	0	0	0	0	0	0	0	0
"c158171_g1_i1"	0	0	0	0	0	0	0	0	0	0	0	0	0	0	0	0	0	0	0	0.543	0	0	0	0	0	0.864	0	0	1.318	0	0	0	0	0	0.737	0	0
"c136121_g5_i3"	0.451	0.396	0.215	1.224	0.987	0.551	0.994	0.86	0.583	0.732	0.55	0.453	0.321	0.468	0.243	0.094	0.087	0.902	0.22	0.797	0.177	0.464	0.507	0.603	0.404	0.451	0.73	0	0.281	0.435	1.027	0.936	0.573	0.266	0.301	0.322	0.919
"c91392_g1_i1"	0	0.92	0	0	0.416	0	0	0	0	0	0.417	0	0	0	0	0	0	0	0	0.701	0	0.35	0	0.431	0	0.48	0	0.473	0	0	0	0	0	0	0	0	0
"c111152_g1_i1"	0.049	0.128	0	0.053	0	0	0.239	0	0.064	0.301	0.493	0	0.078	0	0	0	0	0.079	0.22	0.053	0	0	0.055	0	0	0.058	0	0.201	0.184	0.415	0	0.139	0	0.118	0.134	0	0.127
"c25403_g1_i1"	0	0	0	0	0	0	0	0	0	0	0	0	0	0	0	0	0	0	0	0	0	0	0	0	0	0	0	0	0	0	0	0	0	0	0	0	0
"c145490_g1_i2"	0.025	0	0.056	0.142	0	0.051	0.105	0	0	0.11	0.057	0	0	0	0.049	0	0.052	0.068	0.196	0	0	0	0	0.183	0	0.048	0.066	0	0.108	0	0.053	0.058	0.059	0	0.056	0	0.053
"c83449_g1_i1"	0.107	0.278	0.294	0	0	0	0.124	0	0	0.13	0	0	0	0.164	0	0	0	0	0.162	0.114	0.118	0.105	0.12	0	0.141	0	0.144	0.141	0	0	0.265	0.15	0	0	0	0	0
"c141559_g4_i1"	0.328	0.203	0.09	0.337	0.3	0.377	0.707	0.473	0.244	0.752	1.099	0.189	0.266	0.187	0.235	0.151	0.104	0.226	0.092	0.596	0.148	0.385	0.175	0.129	0.162	0.403	0.431	0.292	0.313	0.286	0.423	0.347	0.464	0.522	0.335	0.2	0.422
"c130162_g2_i2"	2.14	1.616	2.022	2.129	1.567	1.948	2.035	1.818	2.108	2.087	1.772	1.963	1.661	1.182	1.926	1.998	2.087	1.624	1.64	1.69	2.036	2.015	2.349	1.951	1.273	1.919	2.334	1.571	2.129	1.896	1.768	1.802	1.787	1.882	2.043	1.739	2.249
"c122490_g1_i1"	1.697	3.681	2.948	1.295	2.515	3.06	2.389	2.173	3.708	3.512	2.303	3.218	2.758	4.835	1.53	5.561	1.922	2.605	4.875	3.39	2.586	1.025	3.372	3.427	3.284	4.059	3.219	5.387	4.485	1.788	3.642	2.102	4.137	2.976	3.06	1.4	3.506
"c122321_g1_i2"	0.098	0.257	0	0	0	0.235	0	0.495	0	0	0	0	0	0	0.413	0	0	0	0.566	0	0.216	0.394	0.442	0	0	0	0.265	0.262	0.238	0	0	0	0	0	0.782	0	0
"c49728_g1_i1"	0	0	0	0	0	0	0.315	0	0	0.642	0	0	0	0	0	0	0	0	0	0	0	0	0	0	0	0	0	0	0	0.296	0	0	0	0	0	0	0
"c123231_g6_i1"	0.295	0	0	0	0	0	0	0	0	0	0	0	0	0	0	0	0	0	0	0	0	0	0	0	0	0	0	0	0	0	0	0	0	0	0	0	0
"c137674_g1_i4"	4.968	2.622	1.604	3.513	3.154	2.458	3.163	2.99	3.221	3.19	5.26	3.255	5.194	3.746	4.031	5.194	3.304	2.391	3.547	2.628	2.547	3.591	3.851	1.627	5.092	2.351	3.152	3.534	1.967	1.63	1.63	4.701	3.347	2.897	3.194	3.138	1.964
"c130330_g1_i3"	0	0	0	0	0	0	0	0.602	0	0	0	0	0.709	0	0	0	0.574	0	0	0	0	0	0	0	0	0	0	0	0	0	0	0	0	0	0	0	0
"c102768_g1_i1"	0.32	0.856	0	1.304	0	0	0	0	0	0	0	0	0	0	0	0.877	0	0	0	0	0	0	0	0	0	1.075	0	0	0	0	0	0	0	0	0.871	0	0
"c180542_g1_i1"	0	0	0	0	0	0	0	0	0.297	0	0	0	0	0	0.251	0.292	0	0	0	0	0.266	0	0	0	0	0	0	0	0	0	0	0	0.306	0	0	0	0.275
"c158786_g1_i1"	0.885	0	0	1.632	0	0	0	0	0	0	4.057	1.906	0	0	0	0	2.756	0	0	0	0	7.086	0	0	0	7.83	0	0	0	1.827	0	0	0	4.631	0	1.982	0
"c111655_g2_i1"	0	0	0	0	0.513	0	0	0	0.519	0.522	0	0	0	0	0	0.556	0	0	0	0	0	0	0	0	0	0	0	0	0.519	0	0	0	0	0	0	0	0.971
"c47295_g1_i1"	0.254	0	0	0	0	0	0	0	0	0	0	0	0	0	0	0	0	0	0	0	0	0	0	0	0	0	0	0	0.616	0	0	1.294	0	0.552	0	0	0
"c104081_g1_i1"	38.059	28.53	29.122	39.489	26.042	30.061	36.738	43.681	47.895	31.262	35.278	52.059	34.289	42.733	62.577	46.471	55.851	32.646	49.63	35.963	42.108	65.677	33.366	58.603	31.371	28.318	55.993	24.035	44.751	20.584	31.824	19.59	39.741	41.905	33.019	29.723	46.839
"c133405_g1_i1"	0	0	0	0	0	0	0	0	0.572	0	0	0	0	0.714	0	0	0	0	0	0	0	0	0	0	0	0	0	0	0	0	0	1.19	0	0	0	0	0
"c72223_g1_i2"	0	0	0	0	0	0	0	0	0	0	2.398	0	0	0	0	0	0	0	0	0	0	0	0	0	0	0	0	0	0	0	0	0	0	0	0	0	0
"c144556_g2_i1"	0	0	0	0	0	0	0	0	0	0	0	0	0	0	0	0	0	0	0	2.198	0	0	0	0	0	0	0	0	0	0	0	0	0	0	0	0	0
"c122060_g2_i1"	0.41	1.316	0	0.355	1.19	0.806	0.201	0.839	0.837	1.003	0	0.198	0	0	0.704	0	0.391	0.248	0.485	0.517	0	0.342	0.184	0.216	0.445	0.211	0.221	0	0.411	1.136	1.006	0.67	0.642	0.187	1.552	0	1.774
"c78997_g1_i1"	0	0.899	0	0.355	0	0	0.401	0.43	0	0	0.815	0	0	1.042	0.737	0	0.409	0	0.497	0	0	0	0.396	0.431	0	0	0	0	0.411	0.385	0	0	0.454	1.133	0.458	0	1.183
"c159080_g1_i1"	0	0	0	0	0	0	2.035	0	0	0	0	0	0	0	0	0	0	0	0	0	0	0	0	0	0	0	0	0	0	0	0	0	0	0	0	0	0
"c5894_g1_i1"	0	0	0	0	0	0	0	0	0	0	0	0	0	0	0	0	0	0	0	0	0	0	0	0	0	0	0.409	0	0	0	0	0	0	0	0	0	0
"c30455_g1_i1"	0	0	0.26	0	0	0	0	0	0	0	0.227	0	0	0.281	0	0	0	0	0	0.385	0	0	0	0	0	0	0	0	0	0	0	0	0	0	0	0	0
"c161608_g1_i1"	0.098	0	0	0	0.474	0	0	0	0	0	0	0.236	0	0	0	0	0.235	0	0	0	0	0	0.23	0	0	0.768	0	0	0	0	0	0	0	0	0.268	0.426	0
"c94030_g1_i1"	0	0	0	0	0	0	0	0	0	1.565	0	1.302	0	0	0	0	0	0	0	0	0	0	0	0	0	0	0	0	0	0	0	0	0	1.123	1.63	0	1.204
"c35059_g2_i1"	0.172	0	0	0	0.416	0	0.803	0	0	0.421	0	0.793	0	0	0	0	0	0.519	0	0	0	0.35	0	0	0	0.47	0.454	0	0.411	0	0	0	0	0	0.458	0	0.792
"c131307_g1_i10"	0	0	0	0	0.077	0	0	0	0	0.08	0	0	0	0	0	0.075	0	0	0	0	0.079	0	0	0	0	0	0.177	0	0	0	0	0.092	0	0	0	0	0
"c125827_g1_i1"	0.074	0	0	0.151	0.174	0.347	0.334	0	0.36	0.171	0	0	0	0.433	0	0	0.165	0	0	0.447	0.325	0.438	0.479	0.377	0.374	0	0.586	0	0	0.168	0.169	0	0	0	0	0.148	0.338
"c113694_g1_i3"	0.025	0	0	0	0.135	0.275	0	0.075	0	0	0.066	0.066	0.078	0.176	0.065	0.066	0.33	0	0	0.061	0	0	0	0	0	0.067	0	0	0.076	0	0	0	0.148	0	0.078	0.061	0.074
"c131251_g1_i1"	3.345	3.756	3.829	2.52	5.533	3.234	4.147	4.507	3.994	3.552	4.076	3.718	3.312	4.074	3.019	3.026	2.348	3.315	3.547	2.969	3.245	1.997	2.478	4.386	3.162	3.81	4.192	4.028	3.177	2.924	3.758	3.881	3.604	2.581	4.042	4.06	4.72
"c145800_g1_i1"	0.64	0.3	0.373	0.408	0.445	0.224	0.497	0.28	0.487	0.09	0.047	0.132	0.111	0.527	0.324	0.273	0.13	0.564	0.393	0.123	0.216	0.114	0.295	0.302	0.152	0.403	0.42	0.05	0.097	0.04	0.138	0.37	0.375	0.049	0.201	1.043	0.095
"c183374_g1_i1"	0	1.038	0	0	0	0	0	0	0.922	0	0	0	0	0	0	1.084	0	0	0	0	0	0	0	0	0	0	0	0	0	0	0	0	0	0	0	0	0
"c147639_g1_i3"	7.658	9.407	8.359	11.205	11.531	9.537	7.93	8.659	5.011	8.729	8.17	15.362	10.001	10.958	10.256	10.699	10.4	10.138	11.53	9.565	12.489	8.532	11.975	10.378	12.629	11.659	11.891	12.898	6.884	7.823	9.581	9.46	11.404	8.897	7.024	11.502	8.616
"c144960_g1_i2"	0.787	0.556	0.192	0.763	0.329	0.377	0.459	0.258	0.805	0.462	0.256	0.878	0.853	0.375	1.441	0.547	0.322	0.361	0.728	0.963	0.482	0.578	1.078	0.474	0.697	0.249	0.442	0.785	0.259	0.612	0.476	0.393	0.434	0.542	0.514	0.748	0.475
"c131100_g1_i3"	0	0	0	0	0.174	0	0	0	0	0	0	0	0	0	0	0	0	0	0	0	0	0	0	0	0	0.173	0	0.191	0	0	0	0	0	0	0	0.148	0
"c121804_g1_i6"	0.467	0.61	0.486	0.47	0.822	0.592	0.869	0.656	0.985	0.682	0.844	0.396	0.41	0.796	0.38	0.452	0.53	0.496	0.693	0.657	0.885	0.674	0.442	0.647	0.637	0.912	0.465	0.453	0.648	0.691	0.434	0.959	0.721	1.015	0.681	0.4	0.993
"c141967_g1_i2"	12.585	11.654	12.652	15.056	11.028	11.455	13.357	15.801	14.842	12.872	13.999	12.625	14.431	14.974	14.481	16.034	13.695	13.239	14.545	11.588	12.332	15.521	13.33	14.602	14.953	14.26	14.568	15.174	13.638	11.349	11.487	13.006	13.507	13.617	14.528	12.154	12.945
"c147162_g2_i1"	0.312	0.503	0	0.408	0.155	0.153	0.153	0.161	0	0	0.303	0.151	0	0.199	0.138	0.311	0	0	0.37	0.131	0.148	0.385	0	0.162	0	0.307	0.697	0.332	0.475	0.148	0.159	0.52	0.642	0	0.167	0.539	0.454
"c134134_g1_i1"	0.303	1.755	5.14	0.719	3.405	2.101	1.471	4.313	6.356	1.234	1.431	1.095	2.791	3.934	1.522	0.924	0.409	3.789	1.976	3.074	5.005	0.578	2.156	4.677	4.415	4.664	7.876	0.342	9.251	2.311	2.414	2.911	0.839	2.719	7.549	1.035	3.938
"c142551_g1_i4"	0.295	0.246	0.192	0.355	0.29	0.326	0.296	0.376	0.275	0.522	0.36	0.293	0.421	0.293	0.089	0.264	0.122	0.316	0.404	0.14	0.285	0.166	0.267	0.259	0.283	0.249	0.487	0.604	0.367	0.375	0.371	0.381	0.237	0.286	0.435	0.2	0.528
"c111023_g1_i1"	0.484	0.428	1.367	0	0	0.398	0	0	0.403	0	0	0	0.476	0	0	0.415	0	0.496	0	0.657	0.364	0.333	0	1.218	0	0.883	0.863	0.886	0	0	1.143	0.427	0	0	0	0.348	0
"c146700_g3_i1"	0	0	0.599	0	0	0.53	0	0	0.519	1.043	0	0.481	0	0	0.453	0	0	0	0	0	0	0	0	0	0	0	0.553	0	0	0.474	0.487	0	0	0	0	0.895	0
"c75816_g1_i2"	0.082	0	0	0.186	0	0.204	0	0	0	0.201	0	0	0	0	0.089	0	0	0	0	0.088	0.295	0.175	0	0.108	0	0.106	0	0	0.108	0	0	0.116	0.217	0.099	0.223	0.183	0.106
"c100293_g1_i1"	0	0	0	0	0	0	0	0	0	0	0	0	0	0	0	0	0	0	0	0	0	0	0	0	0	0	0	0	0	0	0	0	0	0	0	0	0
"c116134_g1_i1"	0.623	0.332	0.35	0	0.3	0	0	0	0.318	0	0	0	0	0	0.267	0.311	0	0.383	0	1.034	0	0	0	0.647	0.333	0	0	0.342	0.313	0.573	0.296	0	0	0	0	0	0.296
"c132571_g1_i1"	4.37	5.511	5.49	3.558	3.918	4.998	6.984	4.797	6.325	5.618	4.919	4.312	4.042	4.496	4.63	5.128	4.73	5.153	5.118	5.895	5.35	4.669	4.956	5.237	3.859	4.529	4.701	4.682	6.452	4.701	5.23	4.308	4.611	4.769	5.349	4.425	6.895
"c106027_g1_i1"	0	0	0	0	0	0	0	0	0	0	0	0	0	0	0.494	0	0	0	0	0.902	0	0	0	0	0	0	0	0	0	0	0	0	0	0	0	0	0
"c100134_g1_i1"	0.369	0	1.062	0	0.455	0.469	0	0	0	0	0	0.434	0	0	0	0	0	0	0	0	0	0	0	0	0.505	0.528	0.498	0	0	0.425	0	0	0	0.414	0	0	0
"c115465_g1_i1"	0.189	0	0.181	0.142	0.155	0	0.153	0.645	0.328	0.311	0.464	0.453	0.377	0	0	0.311	0	0.192	0.185	0	0.148	0.263	0.286	0	0	0.154	0.177	0	0.162	0.593	0.476	0.347	0.168	0	0	0.139	0.306
"c95805_g1_i1"	0.213	0	0.147	0.115	0	0	0	0	0	0	0.123	0.245	0.299	0	0.227	0	0	0.316	0.15	0	0	0.105	0	0	0.141	0.125	0	0.141	0.13	0.365	0	0.289	0	0.118	0	0	0
"c139215_g1_i2"	19.817	12.767	12.358	12.234	18.235	16.943	19.759	22.018	21.718	23.015	26.331	17.985	18.307	21.074	15.711	26.11	15.461	15.032	16.671	18.481	18.015	9.188	14.297	14.624	16.731	16.543	15.176	11.207	17.561	25.088	18.527	16.437	14.396	22.238	23.316	18.274	21.635
"c133557_g1_i2"	2.32	2.911	2.203	6.601	6.53	4.335	2.456	2.603	3.422	2.498	4.085	5.18	2.636	3.091	7.317	3.638	2.913	5.943	4.656	6.017	1.219	6.92	2.874	2.446	3.718	1.468	0.774	4.43	1.318	6.884	2.467	2.53	4.206	4.454	0.703	4.66	3.305
"c136115_g1_i1"	0.32	6.881	0.926	1.304	2.38	0.826	1.481	0	2.331	0.813	0	0	0.997	0	2.129	1.744	1.626	0	1.872	5.632	1.426	1.945	3.16	0	0	0	0.83	0.916	0	0.711	0.709	0	0.918	0.67	0.871	6.216	1.415
"c127299_g1_i1"	0.91	0.535	0	0.222	0.242	1.255	0.487	0.258	0.773	0.492	0.493	0.962	0.897	0	1.093	0.255	0	0.62	1.502	0	0.236	0.21	0.461	1.056	0.818	0	1.106	0.272	0.756	1.63	0	0.543	0.267	0.463	0	1.521	0
"c112417_g1_i1"	0	0.128	0	0.106	0	0.112	0	0	0	0.12	0	0	0.133	0	0.308	0	0.217	0.564	0	0	0	0	0.212	0	0	0	0.133	0	0.119	0.217	0	0.266	0	0.227	0	0	0
"c141927_g1_i1"	5.37	2.59	2.497	2.395	3.318	3.611	2.427	3.238	3.528	2.298	3.678	3.076	2.459	3.665	2.833	3.054	2.235	2.075	3.789	2.242	3.235	2.225	2.496	4.084	4.577	4.51	4.082	3.927	3.166	1.916	2.933	2.83	3.861	2.02	2.847	3.677	3.453
"c50486_g1_i1"	0.148	0.128	0	0.311	0.571	0	0	0.118	0.127	0	0	0	0.277	0	0.202	0	0.113	0	0.139	0.201	0	0	0.111	0	0	0.115	0	0.131	0	0	0	0.139	0.118	0.108	0.134	0.104	0.116
"c104392_g1_i2"	0	0	0	0.798	0	0	0	0	0	0	0	0	0	0	0.267	0.622	0	0	0	0	0	0	0	0	0	0	0	0	0	0	0	0	0	0	0	0	0
"c56084_g1_i1"	138.158	108.845	126.576	239.96	162.491	331.484	472.403	217.994	314.323	179.538	184.551	152.043	121.33	106.083	119.133	126.14	147.362	117.535	184.866	184.686	135.391	153.55	144.765	116.98	101.639	105.546	113.744	216.181	156.536	161.165	205.053	161.479	193.314	183.836	233.077	224.267	190.576
"c100839_g1_i1"	0.59	0	0	1.81	0.726	0.755	0	0	0	0	0	0	0.908	0	0	0	0.739	0	0	0	0	0	0	0	0	0	0	0	0	0	0.667	0	0	0	0	0	0.655
"c126753_g1_i3"	0	1.295	0	0	0	0	0	0	0	0	0	0.377	0.487	0.492	0	0.415	0	0	0	0.657	0.364	0	0	0.819	0	0.441	0	0	0	0	0	0	0.434	0	0	0	0
"c133916_g1_i2"	0.32	0.963	0.26	0.594	0.871	0.663	0.984	0.226	0.816	0.662	1.327	0.538	0.133	0.562	0.194	0.669	0.635	1.353	0.543	0.473	0.423	0.561	0.203	0.366	0.364	0.326	0.885	0.362	0.908	0.741	0	0.751	0.227	2.03	0.86	0.287	0.222
"c99597_g1_i1"	0	0	0	0	0	0	0	0	0.318	0	0	0	0	0	0	0.311	0.296	0	0	0	0	0	0.286	0	0	0.326	0.675	0.342	0.929	0.286	0	0	0.326	0	0	0.539	0
"c132794_g1_i1"	2.074	0.717	1.807	3.469	1.054	3.376	4.242	2.657	1.303	1.154	6.275	1.944	1.861	0.831	0.939	1.979	0.548	1.714	1.918	2.356	0.787	1.822	1.363	2.091	1.263	1.708	1.04	1.349	1.351	1.264	1.429	1.224	0.346	0.719	3.651	2.173	2.07
"c145463_g2_i1"	1.197	2.226	1.141	2.458	2.157	2.234	2.341	1.517	0.519	1.003	1.137	0.783	1.927	0.398	1.959	2.14	0.391	1.658	0.936	1.874	0.462	0.534	2.128	0.237	2.091	1.334	1.88	1.49	1.308	0.672	0.286	0.231	1.59	0.769	1.53	0.356	1.172
"c141946_g2_i3"	0.705	0.439	1.265	0.923	0.726	0.928	0.946	0.764	0.932	1.114	1.346	0.679	0.93	0.878	0.583	0.5	0.478	0.519	0.555	0.727	0.934	0.631	0.719	0.744	0.576	0.988	0.664	0.493	0.735	0.958	0.985	0.832	0.889	0.7	0.681	1.008	1.383
"c111368_g1_i1"	0	0	0	0	0	0	0	0	0	0	0	0	0	0	0	0	0	0	0	0	0	0	0	0	0	0	0	0	0	0	0	0	0	0	0	0	0
"c57055_g1_i1"	1.582	1.648	0.949	2.2	2.031	1.652	2.847	0.43	1.006	1.094	2.749	1.746	1.639	1.218	1.57	1.659	2.504	2.368	2.022	2.96	3.255	1.743	0.636	0.754	2.566	0.134	3.739	2.568	0.983	1.047	1.249	0.774	1.303	1.714	1.519	0.965	3.558
"c125475_g1_i1"	0.098	0	0	0	0.493	0	0	0	0	0	0	0	0.299	0	0.219	0	0	0	0	0	0	0.21	0	0	0.273	0	0	0	0	0	0	0	0	0	0.279	0	0
"c60734_g1_i1"	0	0	0	0	0	0	0	0	0	0.191	0.19	0	0	0	0	0	0	0	0	0.245	0	0	0	0	0	0	0	0	0.389	0	0	0.323	0	0	0	0	0.095
"c64307_g1_i1"	0	0	0	0	0	0	0	0	0.328	0	0	0	0	0	0	0	0	0	0	0	0	0	0	0	0	0.345	0	0	0	0	0	0	0	0	0	0	0
"c121471_g2_i1"	0	0	0	0	0	0	0	0	0	0	0	0	0	0	0	0	0	0	0	0	0	0	0	0	0	0	0	0	0	0	0	0	0	0	0	0	0
"c74925_g1_i1"	0.057	0.075	0.305	0	0.193	0.061	0.134	0.14	0	0	0.332	0.132	0.155	0	0.057	0.066	0.061	0.079	0	0.175	0.059	0.114	0	0.216	0	0	0.155	0	0.14	0.128	0.064	0	0.069	0.256	0	0.061	0
"c150275_g1_i1"	0	0	0	0	0	0	0	0	0	0	0	0	0	0	0	0.877	0	0	0	0	0	0	0	0	0	0	0	0	0	0	0	0.797	0	0	0	0	0
"c16722_g1_i1"	0	0	0	0	0	0	0.172	0	0	0.181	0.18	0	0	0	0	0	0	0.44	0	0.158	0	0	0	0	0	0	0.199	0	0	0	0	0	0	0.512	0	0	0.18
"c180983_g1_i1"	0	0	0	0	0	0	0	0.409	0	0	0.777	0	0	0	0	0	0	0	0	0	0	0	0.746	0	0	0	0	0	0	0.365	0	0	0	0.355	0	0	0
"c139514_g1_i1"	0.23	0.203	0.034	0.657	0.184	0.969	0.669	0	0.032	0.03	0.123	0.151	0.288	0.702	0.453	0.782	0.026	0.226	0.866	0.289	0.236	0.026	1.336	0.948	0.637	0.47	0.951	0.795	0.411	0.553	0.561	0.739	0.286	0.059	0.167	1.017	0.929
"c117673_g1_i2"	0.984	0	0	0	0	0	1.127	0	0	0	0	1.113	0	0	0	0	0	0	0	0	0	0	0	0	0	0	0	0	0	1.077	0	0	0	0	0	0	0
"c112549_g1_i1"	0.18	0	0	0	0	0	0	0	0	0	0	0	0	0	0.194	0	0	0.271	0.797	0	0	0	0	0.237	0	0	0.243	0	0	0	0.434	0	0	0	0.246	0	0
"c81024_g1_i1"	0	0	0	2.821	0	0	0	0	0	0	11.317	0	0	0	0	0	0	0	0	2.593	0	0	0	0	0	25.42	0	0	0	0	0	0	0	0	0	0	0
"c131547_g1_i1"	0.295	0.15	0.452	0.098	0.174	0.602	0.459	0.151	0.456	0.251	0.104	0.208	0.166	0.316	0.065	0.386	0.2	0.429	0.393	0.184	0.167	0.21	0.295	0.313	0.121	0.307	0.365	0.151	0.659	0.237	0.074	0.289	0.039	0.177	0.313	0.122	0.253
"c50950_g1_i1"	0	0	0.35	0	0.3	0	0	0	0	0	0	0	0	0.375	0.267	0	0	0	0	0	0	0	0	0	0.333	0	0	0	0.303	0.286	0.889	0	0	0	0	0	0.296
"c56959_g1_i1"	0	0	0	0	18.767	0	0	0	0	0	0	0	0	0	0	0	0	0	0	0	0.492	0.447	0	0	0	0	0	0	0	0	0	0	0	0	0	0	0
"c143955_g1_i2"	1.443	0.556	0.271	1.127	1.093	0.265	1.844	2.528	1.081	0.301	2.114	0.396	0.199	0.082	0.478	1.376	0.096	0.372	0.832	0.149	0.875	1.384	1.207	0.119	1	1.276	0.199	1.661	0.346	1.659	0.836	1.213	0.908	2.03	1.083	0.269	1.13
"c164555_g1_i1"	0	0	0	0	0	0	0	0	0	0	0	0	0	0	0	0	0	0	0	0	0	0	0	0	0	0	0	0	0	0	0	0	0	0	0	0	0
"c146734_g1_i2"	1.353	1.316	1.322	1.553	1.103	1.275	1.271	1.301	1.483	1.485	1.507	1.246	1.185	1.007	1.23	1.235	1.426	1.24	1.144	1.323	1.455	1.848	1.575	1.39	1.051	1.324	1.405	1.067	1.286	1.412	0.995	1.224	1.195	1.498	1.172	1.452	1.204
"c56884_g2_i1"	0	0	0	0	0	0	0	0.258	0	0	0	0	0	0	0	0	0	0.316	0	0	0	0	0	0.269	0	0	0.564	0	0	0	0.243	0	0	0	0.279	0	0
"c174831_g1_i1"	0	0	0	0	0	0	0	0	0	0	0	0	0	0	0	0	0	0	0	0.753	0	0	0	0	0	0	0	0	0.94	0	0	1.894	0	0	0	0	0
"c135868_g3_i1"	0.107	0.086	0.09	0	0.164	0	0.086	0	0.265	0.171	0.246	0	0	0.105	0	0.085	0.078	0.101	0	0	0.079	0.14	0.074	0	0.091	0.086	0.188	0.091	0.086	0.079	0	0	0.089	0	0	0	0
"c180416_g1_i1"	0	0	0	0	0	0	0	0	0	0	0	0	0	0	0	0	0	0	0	0	0	0.42	0	0	0	0	0	0	0	0	0	0	0	0	0	0	0
"c41815_g1_i1"	0.213	0.76	0.407	1.233	0.513	0.347	0.172	0.366	0	0.692	0.171	0.34	0.421	0	0.154	0.349	0.165	0.429	0	0.298	0.659	0.149	0.967	0	0	1.775	0.785	0.383	0.173	0.168	0	0	0.731	0.503	0.581	1.069	0.169
"c153437_g1_i1"	0	0	0	0	0	0	0	0	0	0	0	0	0	0	0	0	0	0	0	0	0	0	0	0	0	0	0	0	0	0	0	0	0	0	0	0	0
"c127241_g1_i2"	0.049	0	0.26	0	0	0	0.115	0	0	0	0.114	0	0.133	0	0	0	0.104	0	0	0	0	0	0.101	0	0.121	0	0	0.121	0	0	0	0.127	0.118	0	0.38	0	0
"c145861_g1_i3"	0.336	0.161	0	0.195	0.29	0.224	0.076	0.463	0.466	0.371	0.218	0.359	0.177	0.094	0.065	0.075	0.139	0.361	0.092	0.254	0.207	0.184	0.341	0.162	0.162	0.077	0.254	0.161	0.151	0.138	0.222	0.427	0.079	0.217	0.491	0.582	0.37
"c130167_g1_i1"	0.287	0.193	0.904	0.311	0.174	0	0.783	0.366	0.095	0.351	0.085	0.34	0.31	0.773	0.073	0	0.504	0	0.104	0.228	0.502	0.666	0	0.388	0.677	0.432	0.697	0.765	0.724	0.84	0.445	0.104	0.365	0.089	0.681	0.078	0.707
"c150690_g1_i1"	0	0	0	0	0	0	0	0	0	0	0	0	0	0	0	0	0	0	0	0	0	0	0	0	0	2.025	0	0	0	0	0	0	0	0	0	0	0
"c148274_g1_i1"	0	0	0	0	0	0	0	0	0	0	0.654	0	0	0	0	0	0	0	0	0	0	0	0	0	0	0	0	0	0.335	0	0	0.716	0	0.305	0	0	0
"c49379_g1_i1"	0.033	0	0.203	0.16	0	0	0.43	0	0	0	0	0	0	0	0	0	0	0	0	0	0	0.07	0	0	0	0.086	0	0	0	0.168	0.445	0	0	0	0.1	0	0.084
"c145558_g1_i1"	0.459	0.696	2.756	2.679	0	2.724	4.691	0	0	3.501	0	0	0	0	0.138	0.481	0	4.319	4.864	0	0.305	0.403	5.159	3.287	3.839	0	1.261	0.876	0.973	0.148	4.171	1.432	4.196	2.739	0	0.556	2.048
"c63606_g1_i1"	0	0	0	0	0	0	1.548	0	1.6	0	0	0	0	0	0	0	0	0	0	0	0	0	0	0	0	0	0	0	0	0	0	0	0	0	0	0	0
"c123302_g1_i1"	0.303	0	0.068	0.603	0.058	0	0	0.258	0	0.06	0.057	0.236	0	0.316	1.02	0.057	0.174	0.226	0.22	0.21	0.58	0.105	0.166	0.065	0.071	0.182	0.066	0.735	0	0.237	0.064	0	0.128	0.059	0	0.269	0.19
"c146042_g1_i2"	0.762	0.835	0.768	0.603	0.861	0.51	0.812	0.688	0.487	0.823	1.346	0.557	0.487	0.386	1.077	0.764	0.783	0.812	0.566	0.447	0.924	0.832	0.424	1.369	1.01	0.547	0.299	0.282	0.108	0.494	0.953	0.474	1.6	1.005	0.625	0.678	0.359
"c79454_g1_i1"	0	0	0	0	0	0	0	0	0	0	0	0	0	0	0	0	0	0	0	0.955	0	0	0	0	0	0	0	0	0	0	0	0	0	0	0	0	0
"c177305_g1_i1"	0	0	0	0	0	0	0	0	0	0	0	0	0	0	0	4.336	0	0	0	0	0	0	0	0	0	0	0	0	0	0	0	0	0	0	0	0	0
"c182699_g1_i1"	0	0	0	0	0	0	0	0	0	0	0	0	0	0	0	0	0	0	0.37	0	0	0	0	0	0	0	0	0	0	0	0	0	0	0	0	0	0
"c126760_g1_i2"	0	0.214	0	0	0	0	0	0	0.106	0	0	0	0.122	0	0.178	0.104	0	0	0	0	0.285	0	0.184	0	0.222	0	0	0	0.097	0.099	0.106	0.116	0	0	0	0.087	0
"c157286_g1_i1"	0	0	0	0	0	0	0	0	0	0.251	0	0	0	0	0	0	0	0	0	0	0	0	0	0	0	0	0	0	0.508	0.237	0	0.277	0	0	0	0	0
"c142277_g6_i2"	1.968	1.616	0	2.892	2.573	1.132	1.433	1.162	1.144	6.351	4.379	7.105	0.897	1.393	2.299	5.788	3.278	1.861	2.241	1.55	1.033	4.967	2.11	0	1.627	4.117	1.637	2.074	2.237	3.803	0.72	1.201	3.229	2.04	2.055	1.304	2.133
"c147163_g1_i1"	0.967	0.749	0.61	0.444	0.716	0.5	0.678	0.731	0.773	0.602	0.578	0.623	0.676	0.562	1.311	0.556	0.809	0.891	0.913	1.725	1.052	0.35	1.502	0.614	0.697	0.605	0.553	0.554	0.551	0.573	0.678	0.901	0.928	0.394	0.804	0.722	0.433
"c91246_g1_i1"	1.377	0	0	0	0	0	0	0	0	0	0	0	0	0	0	0	0	0	0	4.406	0	0	0	0	0	0	0	0	0	0	2.308	0	0	0	3.975	0	0
"c137039_g4_i1"	3226.248	6563.307	4414.794	3101.298	5505.566	4563.355	3771.974	4689.887	3538.746	3329.893	4636.546	5501.659	6702.429	7767.29	3770.117	5001.222	4604.416	7729.73	7765.652	2844.826	3720.568	3159.694	3441.767	4093.658	6251.953	3704.882	4393.946	6449.33	2817.255	4128.42	3880.625	4369.313	6003.451	3162.144	4068.029	4290.086	3351.858
"c166556_g1_i1"	0	0.524	0	0	0	0	0	0	0	0	0	0	0	0	0.429	0.509	0	0	0	0	0.443	0	0	0	0	0	0	0	0	0	0	0	0	0	0	0	0
"c136746_g2_i4"	2.05	2.547	0	0.417	3.84	1.571	1.691	3.894	1.473	3.11	2.332	1.67	1.861	0.784	1.506	1.414	0.748	2.695	1.144	2.409	2.508	1.454	1.299	0.506	0.687	1.9	1.062	0.685	1.913	1.63	4.086	1.756	1.965	2.542	3.104	1.782	1.858
"c111894_g1_i1"	0.5	0	0.282	0	0.242	0.245	0.478	0	0	0	0	0.472	0	0	0	0	0	0	0	0	0.226	0	0.23	0	0.263	0	0	0	0	0.227	0	0.266	0	0	0.268	0.426	0
"c143134_g5_i2"	0	0	0	0	0	0	0	0	3.39	0	0	0	0	0	1.222	0	0	0	0	3.285	0	0.561	0.672	0	0	0	0	0.785	0	0	0	0.693	0	0	0.748	0	0
"c124788_g1_i1"	0.156	0.246	0.09	0.204	0.145	0.153	0.076	0.075	0	0.07	0.076	0.075	0	0.094	0.13	0.226	0.209	0.09	0	0	0.138	0.193	0	0.086	0.242	0	0	0.081	0.227	0	0	0.081	0.079	0.069	0	0	0.074
"c4956_g1_i1"	0	0	1.92	0	0	0	0	0	1.451	0	0	0	0	0	0	0	0	0	0	0	0	0	0	0	0	0	0	0	2.918	0	0	0	0	0	0	0	0
"c23457_g1_i1"	0.82	1.027	1.084	1.118	0.406	0.622	1.443	1.194	1.653	1.976	0.73	1.632	0.997	1.592	0.55	1.254	1.991	0.383	0.89	1.445	0.787	1.331	1.244	0.916	1.374	0.931	1.305	0.916	0.432	0.998	1.059	1.074	1.856	1.015	1.161	1.104	1.257
"c133478_g2_i1"	0.197	0.535	0	0	0	0	0	0.516	0	0.502	0	0	0.598	0	0.874	1.037	0	0.62	0.589	0	0.452	0	0	0	0	0	1.062	0	0	0	0.466	0.52	0	0	1.63	0.426	0.919
"c144147_g6_i1"	2.066	0.503	0.542	3.158	3.666	11.343	8.418	1.936	5.625	2.799	4.967	3.51	2.259	0.574	3.683	3.403	0.913	1.161	0.555	7.611	1.278	3.075	2.211	0.938	1.01	2.668	0.498	2.598	1.383	2.133	6.161	0.485	3.564	1.251	2.032	1.617	1.309
"c147515_g1_i5"	0.361	0.514	0.497	0.381	0.619	0.704	0.592	0.506	0.657	0.562	0.455	0.5	0.808	0.597	0.429	0.622	0.27	0.507	0.451	0.385	0.659	0.526	0.368	0.7	0.677	0.71	0.929	0.695	0.54	0.711	0.667	0.612	0.652	0.7	0.659	0.365	0.76
"c108371_g1_i1"	0.041	0	0	0	0.097	0	0.191	0.301	0.106	0	0.095	0	0	0	0.17	0	0.096	0	0.116	0.088	0.187	0	0.359	0	0	0	0.332	0	0	0.089	0.095	0	0.207	0.099	0	0.087	0
"c136103_g2_i1"	0.607	0	0	0	0	0.785	0.707	0	1.483	0	0.72	0.698	0	0	0	0	0	0	0	0	0	0	0	0	0	0	0.785	0.866	0	1.353	0	0	0	0.64	0	0.652	0.676
"c128239_g2_i1"	0	1.573	0	3.327	5.911	0	0	0	1.335	4.535	0	0	0	0	1.319	1.753	0	1.962	0	0	0	0	0	0	1.566	5.911	4.181	0	0	0	1.175	0	0	0	0	0	1.172
"c148831_g1_i1"	0.066	0	0	0	0	0.163	0	0	0.35	0	0.332	0.16	0	0.211	0	0	0.322	0	0.208	0	0	0	0	0	0	0	0	0.181	0	0	0	0	0.178	0	0	0.148	0.169
"c44723_g1_i1"	0	0	0	0	0	0	0	0	0	0	0	0	0	0	0	0	0	0	0	0	0	0	0	0	0	0	0	0	0	0	0	0	0	0	0	0	0
"c147555_g1_i9"	3.804	0	2.745	0	2.931	0	2.79	0.613	0	0	0	0	0	1.452	1.57	3.148	0	3.733	0.705	2.855	0	0	2.856	0	0	0	3.141	0	4.053	0	2.731	2.437	0	2.069	0.648	2.052	0
"c99438_g1_i1"	0	0.375	0	0	0.339	0	0	0.527	0	0	0	0	0	0	0	0	0.165	0.214	0	0	0	0	0	0	0	0	0	0.191	0	0	0	0	0	0	0	0.296	0
"c70051_g1_i1"	0.803	0.428	0	0	1.557	0	1.137	0	0	0	1.545	3.01	0.476	0	1.044	3.695	0.391	0.496	0	0.981	0	0.333	0	0.819	0	0	0.431	0	0	0	0.762	2.969	0.434	0	0.435	1.035	0
"c27627_g1_i1"	0	0	0	0	0	0	0	0	0	0	0	0	0	0	0	0	0	0	0	0	1.554	0	0	0	0	0	0	0	0	0	0	0	0	0	0	0	0
"c105884_g1_i1"	0	0	0	0	0	0	0	0	0	0	0	0	0	0	0	0	0	0	0	0	0	0	0	0	0	0	0	0	0	0	0	0	0	0	0	0	0
"c151627_g1_i1"	0	0	0.813	0	0	0	0	0	0	0	0	0	0	0	0	0	0	0	0	0	0	0	0	0	0	0	0	0	0.681	0	0	0.705	0	0	0	0	0
"c137949_g1_i6"	2.042	0.246	0.52	0.798	0.445	0.224	0	0.71	0.466	0	0	0.878	0.543	0.574	1.198	0	0.435	0.564	0.555	0	0	0.955	0	0.248	0.495	1.42	0.509	1.007	1.61	0.217	0.222	0	0.237	1.281	1.005	1.591	0.222
"c119666_g1_i1"	0	0	0	0	0	0	0	0	0	1.003	0	0	0	0	0	1.112	1.026	0	0	0	0	0	0	1.81	0	0	0	0	0	0	0	0	1.175	0	0	0	0
"c120564_g1_i1"	0	0	0	0	0.329	0	0.64	0	0	0	0.976	0.321	0	0	0	0	0	0	0	0.28	0	0	0	0.345	0.364	0	0	0	0	0.306	0.318	0	0	0	0.368	0	0
"c22820_g1_i1"	0	0	0	0	0	0	0	0	0	0.14	0.209	0	0	0	0	0	0	0	0	0	0	0	0	0	0	0	0	0	0.648	0.138	0	0.323	0	0.138	0.156	0	0
"c98068_g1_i2"	0.107	0.096	0	0.151	0.164	0	0	0.086	0.095	0	0	0.085	0.1	0.105	0.154	0.085	0.078	0.214	0.104	0.07	0	0.219	0.157	0.377	0.192	0.173	0	0	0.259	0.079	0	0	0.089	0	0	0.078	0
"c9316_g1_i1"	0	0	0	0	0	0	0	0	0	0	0	0	0	0	0	0	0	0	0	1.358	0	0	0	0	0	0	0	1.007	0	0	0	0	0	0	0	0	0
"c134920_g1_i6"	1.517	1.092	3.118	2.165	2.273	2.805	2.045	2.291	1.918	1.204	1.412	0.944	3.511	1.534	2.113	2.752	1.574	1.161	1.848	2.978	0.816	2.987	1.244	1.282	1.546	1.66	1.438	1.319	1.653	1.442	1.81	1.444	1.402	1.724	1.731	1.278	1.626
"c147480_g1_i5"	1.804	7.673	0	5.234	0.435	8.436	0.43	0.226	10.53	0	9.184	19.419	0	0.281	0.583	8.738	0.426	0.541	0	0.184	5.586	4.266	0.203	0.237	0.485	3.435	1.482	7.542	0	6.647	0	0	5.144	9.163	0.491	11.397	8.215
"c140684_g3_i3"	0.049	0.118	0.192	0	0.106	0	0.22	0.172	0.657	0.171	0	0.057	0.665	0.363	0	0	0	0	0.139	0.245	0.216	0.044	0.101	0.377	0.434	0.326	0	0.121	0.119	0.158	0.053	0	0.059	0.168	0.19	0	0
"c157134_g1_i1"	0	0	0	0	0	0	0	0	0	0	0	0	0	0	0	0	0	0.451	1.329	0	0	0	0	0	0	0	0	0	0	0	0	0	0	0	0	0	0
"c133226_g2_i3"	0.115	0.31	0	0	0.416	0.214	0.143	0.151	0.074	0.211	0	0.208	0.255	0.094	0.065	0.141	0.07	0.09	0.347	0.184	0.207	0.061	0	0.075	0	0.067	0	0.081	0.076	0	0.222	0.162	0	0.414	0.391	0.191	0
"c128913_g2_i1"	0.066	0.182	0	0.142	0.319	0.163	0	0	0.17	0.161	0.493	0.802	0.199	0.211	0.575	0	0	0.203	0	0.701	0	0	0	0	0.899	0.835	0.553	0.181	0.162	0	0.498	0.554	0.346	0	0	0.722	0
"c121756_g1_i1"	0.09	0.161	0.068	0.027	0.116	0.184	0.029	0.097	0.095	0.09	0.028	0.057	0.144	0.035	0.081	0.179	0.026	0.18	0.185	0.131	0.118	0.026	0.083	0.172	0.071	0.115	0.144	0	0.151	0.148	0.064	0.173	0.217	0.089	0.067	0.052	0.095
"c141327_g1_i2"	0.156	0.171	0.226	0.115	0.252	0.133	0.191	0.172	0.201	0.161	0.095	0.226	0.233	0.246	0.057	0.132	0.122	0.35	0.243	0.14	0.157	0.114	0.24	0.216	0.182	0.125	0.299	0.141	0	0.188	0.064	0.069	0.237	0.256	0.067	0.226	0.095
"c147557_g5_i1"	0.459	0	1.299	1.615	0.368	0.765	1.806	1.57	0.763	1.505	2.208	1.076	0.454	0.468	1.327	0.782	1.104	0.474	0.901	0	2.429	1.568	0.359	1.552	1.233	2.082	0.819	0.836	2.259	1.047	0.36	5.256	0	2.059	1.653	0.33	1.784
"c140163_g1_i1"	0	0	0	1.57	2.293	0	0	0	0	0	0	1.831	0	2.564	0	0	2.609	0	0	4.458	0	0	2.644	0	0	0	1.969	0	1.934	0	1.609	0	3.189	1.488	0	1.895	9.714
"c95958_g1_i1"	1.566	0.845	1.83	1.286	3.899	0.816	0	2.463	5.35	5.558	2.237	0.717	0.975	1.908	2.088	0	0.8	3.011	0.913	0	5.605	2.549	1.548	2.985	1.697	9.442	4.06	1.792	0	2.785	0.699	4.69	0.898	0	2.568	1.356	0.697
"c109422_g1_i1"	0.049	0.139	0	0.39	0.058	0.184	0.124	0	0.127	0.191	0.123	0.057	0.222	0.082	0.105	0	0.061	0.079	0	0.105	0.118	0.053	0.23	0.205	0.202	0.182	0	0	0.195	0.059	0.064	0.069	0	0.059	0	0	0.063
"c134394_g2_i3"	2.05	1.306	0.746	2.307	2.447	0.184	3.64	2.291	0.869	3.301	2.028	1.717	0.111	1.171	0.728	1.565	2.113	0.677	1.467	1.121	1.052	0.858	3.556	0.808	1.515	0.816	1.051	1.913	0.659	2.291	2.16	1.686	2.399	1.34	2.244	1.217	2.038
"c119207_g1_i2"	0.262	0.278	0	0.115	0	0.51	0.124	0.796	0	0	0.891	0.623	0.155	0.164	0	0	0.243	0.158	0.162	0.114	0.118	0.324	0.35	0	0.424	0	0.288	0	0.519	0	0	0	0.138	0.621	0.279	0	0.634
"c152387_g1_i1"	0	0	0	0	0	0	0	0	0	0	0	1.689	0	0	0	0	0	0	0	0	0	0	0	0	0	0	0	0	0	0	0	0	0	0	0	0	0
"c179939_g1_i1"	0	0	0	0	0	0	0	0	0	0	5.374	0	0	0	0	0	0	0	0	0	0	0	0	0	0	0	1.836	0	0	0	0	0	0	0	0	0	0
"c118650_g1_i2"	0	0	0	0	0	0	0	0	0	0	0	0	0	0	0	0	0	0	0	0	0	0.438	0	0.539	0	0	0	0	0	0	0	0.554	0	0.473	0	0	0
"c140289_g8_i2"	0.074	0.193	0.395	0.151	0.252	0.602	0.344	0.269	0.456	0.602	0.256	0.425	0.21	0.105	0.154	0	0.078	0.316	0.208	0.228	0	0.219	0	0.194	0.192	0.345	0.398	0.191	0.443	0.247	0	0.104	0.089	0.256	0	0.078	0.084
"c138297_g1_i1"	0.156	0.417	0	0	0	0	0	0	0.773	0	0	0.368	0.465	0	0	0	0	0	0.462	0.631	1.062	0	0.359	0.399	0.414	0.422	0	0	0	0.356	0.371	0.82	0.415	0.345	0	0.669	0.729
"c156691_g1_i1"	0	0.642	0	0	0	0	0	0.613	0	0	0	0	0	0	0	0	0	0	0.705	0	0.541	0	0	0	0.647	0	0.63	0	0	0	0	0	0	0	0	0	0
"c134308_g2_i1"	0.221	0.268	0.802	0.532	0.184	0.469	0.258	0.409	0.646	0.462	0.645	0.311	0.476	0.246	0.17	0.339	0.296	0.237	0.404	0.596	0.384	0.385	0.645	0.506	0.242	0.403	0.398	0.473	0.292	0.583	0.413	0.508	0.089	0.493	0.581	0.304	0.549
"c132111_g1_i1"	0.156	0.086	0.09	0	0.145	0.071	0.076	0.075	0.318	0	0.076	0	0.089	0.094	0	0	0	0.09	0.185	0	0.148	0.061	0.138	0	0.253	0.154	0	0.081	0	0	0.159	0.173	0	0.148	0.257	0.07	0.074
"c114794_g1_i1"	0.09	0.235	0	0	0.106	0	0	0.108	0	0.11	0	0.208	0.133	0	0.097	0	0.104	0.135	0	0.096	0	0.088	0.203	0.119	0	0	0	0	0	0.099	0.106	0	0	0	0	0	0
"c88545_g1_i1"	0.172	0.246	0.102	0.169	0.087	0	0.134	0.237	0.148	0.181	0.417	0.094	0.055	0.059	0.243	0	0.174	0.226	0.173	0.245	0.039	0	0.212	0.054	0.253	0.221	0.055	0.101	0.238	0.128	0.286	0.162	0.099	0.138	0.1	0.243	0.19
"c147243_g1_i1"	1.828	0.589	1.457	2.83	1.248	0.724	1.787	1.409	0.763	0.993	1.09	1.689	0.432	1.264	6.896	1.536	2.243	1.218	1.779	3.293	1.288	1.769	2.487	2.996	1.384	1.247	1.029	3.172	0.929	2.331	0.826	1.028	1.787	1.409	1.708	2.704	1.267
"c111865_g2_i1"	0.32	0	0.926	0	0	0	0	0.419	0	0	0	0.377	0.487	0	0	1.244	1.174	0.496	0	0	0	0.666	0	0	0.434	0	0.431	0	0	0.741	0	0.855	0	0	0	0.348	0.38
"c179439_g1_i1"	0	0	0	0	0.909	0	0	0.957	0	0	0	0	0	1.101	0	0	0	3.518	0	0	0	0	0	0	0	0	0	0	0	0	0	0	0	0	0	0	0
"c140806_g3_i1"	0.156	0.171	0	0.133	0	0	0.153	0.075	0.244	0.08	0	0	0.277	0.094	0.138	0.226	0.07	0	0.185	0.201	0.069	0	0	0	0.333	0	0.088	0.252	0.076	0.148	0	0.266	0	0.227	0.089	0.07	0.158
"c89788_g1_i1"	0.549	0	1.051	0.772	0.9	0.928	0	0	0.456	0	0	0	0	0	0	0	0	0	0	0.377	0.836	0.377	0.433	0.463	0.495	0	0.498	0	0	0	0.434	0.485	0.997	0.818	0	0.791	0.422
"c110861_g1_i1"	0.098	0.086	0	0.151	0.164	0	0.239	0.592	0	0.161	0	0.085	0.1	0	0	0.085	0	0	0.196	0.21	0.079	0	0	0.183	0	0.24	0	0.272	0.173	0	0	0.092	0	0.236	0	0.148	0
"c138085_g1_i1"	0.082	0.107	0.181	0.027	0.193	0.133	0.096	0.032	0.445	0.291	0.066	0	0.111	0.199	0.057	0.028	0.096	0.192	0.116	0.088	0.462	0	0.175	0.14	0	0.058	0.299	0.03	0.4	0.128	0.064	0.116	0.069	0.217	0.324	0.139	0.063
"c167899_g1_i1"	0.197	0	0.576	0	0	0.5	0.468	0.516	0	0	0	0.462	0	0	0	0	0	0	0	0	0.452	0	0	0	0	0	0	0	0	0	0	0.52	0	0	0	0.426	0
"c52562_g1_i1"	0	0	0	0	0	0.194	0	0	0.201	0	0	0	0	0	0	0	0	0	0	0.333	0	0	0	0	0	0	0	0	0.4	0	0	0.439	0	0	0	0	0
"c146828_g2_i1"	3.96	3.564	3.694	3.886	3.753	3.856	4.519	3.56	4.248	4.043	4.256	4.18	3.633	3.571	3.958	4.336	4.487	4.026	3.558	3.617	3.766	4.397	4.173	4.171	4.557	4.683	4.59	4.098	3.393	3.852	3.981	3.546	4.048	4	4.02	4.225	3.78
"c125386_g2_i1"	0	0	0	0	0	0	0	0	0.254	0.241	0	0	0	0	0	0	0	0	0	0	0	0	0	0	0	0	0	0	0	0	0	0	0	0	0	0	0
"c138031_g1_i2"	4.288	1.391	0.768	3.043	2.012	2.683	1.796	1.958	2.574	1.776	3.052	1.991	1.096	2.201	2.679	1.979	4.087	2.21	2.16	4.765	2.508	3.898	3.924	1.552	2.273	1.411	1.526	2.376	1.232	2.963	1.673	1.848	3.327	1.941	1.094	2.06	0.781
"c30134_g1_i1"	0	0	0	0.586	0	0.683	0	0.355	0.35	0	0	0	0	0	0	0	0	0	0	0	0.629	0.28	0	0	0	0	0	0	0	0	0	0	0	0	0	0	0
"c140222_g1_i1"	4.919	4.013	3.152	5.35	4.837	4.611	3.659	3.593	2.648	4.073	6.019	7.454	4.485	3.665	6.84	4.232	6.887	4.838	4.806	5.378	5.468	5.851	5.435	4.742	5.233	4.491	2.843	5.407	3.037	4.741	2.89	3.615	4.779	2.808	2.546	5.26	2.872
"c76667_g1_i1"	0	0.278	0	0	0.755	0	0.497	0	0.265	0.261	0.758	0	0.62	0.328	0	0.528	0.252	0	0.624	0	0	0	0	0.55	0.283	0.537	0.288	0.282	0.519	0	0	0	0	0	0.569	0.226	0.253
"c172352_g1_i1"	0	0	0	0	0	0	0	0	0	0	0	0	0	0	0	0	0	0	2.322	0	0	0	0	0	0	0	0	0	0	0	0	0	0	0	0	0	0
"c171455_g1_i1"	0	0	0	0	0	0	0	0	0	0.642	0	0	0	0	0	0	0	0	0	0	0	0	0	0	0.697	0	0	0	0	0	0	0	0	0	0	0	0
"c143136_g3_i2"	0.107	0	0.158	0	0.135	0	0.134	0	0.138	0.13	0.265	0.264	0.155	0	0	0	0	0	0	0.114	0	0.228	0	0.291	0	0	0	0.151	0.27	0.385	0	0	0	0.128	0	0	0.137
"c60337_g1_i1"	0	0	0	1.056	0	0	0	0	0	0	0	0	0	0	0	0	0	0	0	0	0	0	0	0	0	0	1.327	0	0	0	1.112	0	0	0	0	0	0
"c76600_g1_i1"	0.328	0	0	0.346	0.397	0	0	0	0	0.401	0	0	0	0	0	1.254	0.391	0	0.485	0.333	0.747	0.333	0.378	0.83	0	0	0	0	0	0	0.381	0.866	0.434	0.729	0.447	0	0
"c75389_g1_i1"	0	0	0	0	1.112	0	0	0	0	0	1.469	0	0	0.937	0	0	0.365	0	0	0	0	0	0.359	0	0	0	0	0.423	0	0.346	0	0	0	0	0	0	0
"c128343_g1_i2"	0.164	0	0.474	0	0	0	0	0	0	0	0	0	0.498	0	0	0	0	0	0	0	0	0	0	0	0	0	0	0	0	0	0	0	0	0	0	0	0
"c182322_g1_i1"	0.377	0	0	0	0	0	0	0	0	0	0	0	0	1.147	0	0	0	0	0	0	0	0	0	0	0	0	0	0	0	0	0	0	0	0	0	0	0
"c128790_g1_i1"	0.599	0.792	0.655	0.506	0.871	0.806	0.717	0.753	0.678	0.482	0.815	0.632	0.964	0.621	0.996	0.566	0.696	0.789	0.89	0.28	0.846	1.104	0.59	0.808	0.354	1.353	0.83	1.067	0.421	0.77	0.498	0.37	0.168	0.473	0.715	0.565	0.898
"c144337_g2_i1"	7.354	11.215	19.396	13.512	9.867	10.404	8.351	4.722	7.765	7.595	2.919	14.05	3.046	5.175	4.08	1.612	10.382	7.082	10.074	8.391	7.238	6.736	6.347	15.13	2.768	10.085	6.493	13.795	10.688	12.119	10.163	2.229	9.321	6.799	10.307	9.772	13.23
"c138316_g1_i1"	1.459	1.134	0.554	3.167	0.406	0.418	0.965	2.087	1.176	0.692	1.109	0.406	1.229	0.878	2.428	0.415	1.122	1.443	1.19	1.506	0.531	0.999	1.465	0.539	0.606	0.748	1.349	2.044	0.573	2.726	0.212	0.554	1.076	0.404	0.458	0.791	1.257
"c149548_g1_i1"	0	0	0.746	0	0	0	0.602	0	0.636	0	0	0	0	0	0	0.688	0	0	0	0	0	0	0	0.625	0	0	0	0	0	0.573	0	0	0	0.552	0	0	0.581
"c145287_g1_i7"	0.254	0.118	0.079	0.177	0.213	0.143	0.248	0.086	0.244	0.161	0.218	0.245	0.133	0.094	0.186	0.17	0.148	0.192	0.173	0.114	0.167	0.28	0.101	0.14	0.141	0.182	0.144	0.181	0.195	0.207	0.106	0.046	0.158	0.118	0.123	0.33	0.095
"c77909_g1_i1"	0.894	0	1.74	0	0	0.765	0	0	0	0	0	0	0.93	0	0	0	0	0.947	0	0	0	0	0	0.711	1.617	0	0	0	0.724	0	0	0	0	1.261	0	0	0
"c144006_g7_i2"	0.287	0	0	0	0.232	0	0.678	0.237	0.244	0	0	0.226	0	0	0.202	0	0	0.282	0	0.193	0.216	0	0	0	0.505	0.24	0	0.252	0	0.435	0.688	0.774	0.741	0.217	0	0	0.222
"c141470_g1_i1"	0.574	1.038	0.587	1.029	1.306	0.51	0.382	0.721	0.466	0.692	0.957	1.312	0.753	0.328	0.72	1.075	1.087	0.936	0.393	0.718	0.728	0.867	0.7	1.132	1.182	0.806	1.46	0.695	1.437	0.909	0.582	1.097	0.197	0.305	0.424	0.895	0.517
"c125015_g2_i2"	2.968	0.599	1.412	14.009	4.034	0.785	3.411	3.238	0.837	1.294	3.497	2.293	2.425	0.808	7.05	1.763	0.452	1.308	2.426	4.966	1.357	1.778	1.806	2.468	2.344	3.33	1.04	6.545	0.811	6.331	0.9	1.051	0.652	1.163	0.391	1.878	4.762
"c156053_g1_i1"	0	0	0	0	0	0	0	0	0	0	1.45	0	0	0	0	0	0	0	0	0	0	0	0	0	0	0	0	0	0	2.667	0	0	0	0	0	0	0
"c120295_g1_i1"	0.385	0	0	0	0	0	0	0	0.922	0	0	0	0	0	0	1.084	0	0	0	0	0	0	0	1.778	0	0	0	2.235	0	0	0.836	0.936	0	0	0	0.835	0
"c149099_g1_i1"	0	0	0	0	0	0	0	0	0	0	0.398	0	0	0	0	0	0	0	0	0	0	0	0	0	0	0	0	0	0.27	0.128	0	0.15	0	0.256	0.145	0	0.127
"c129751_g5_i1"	0.213	1.156	0	0	0	0	0	0	0	0	0	0.5	0	0	0	0	0	0.677	0.635	0.438	0.492	0	0	0.539	0.586	0	0	0	0.53	0	0	0	0	0	0	0	0
"c112205_g3_i2"	0	0	0	0	0	0	0	0	0.159	0	0.616	0.151	0	0	0.138	0	0.296	0.564	0	0.131	0	0	0.138	0	0	0.307	0	0.171	0	0	0.159	0	0	0	0	0	0
"c39804_g1_i1"	0	0	0	0	0	0	0.392	0	0.837	0	0	0	0	0	0	0	0	0	0	0	0.374	0	0	0	0	0	0.442	0	0	0	0	0	0	0	0	0	0
"c142708_g1_i2"	0.525	0.032	0.497	0.231	0.3	0.5	0.631	0.344	0.667	0.381	1.166	0.321	0.122	0.222	0.243	0.179	0.026	0.282	0.127	0.114	0.462	0.105	0.479	0.485	0.364	0.125	0.265	0.302	0.573	0.286	0.551	0.381	0.109	0.296	0.368	0.6	0.232
"c146345_g1_i1"	2.509	2.633	2.666	2.156	3.018	2.387	2.513	2.356	2.892	3.08	2.351	2.831	2.381	3.149	2.129	2.394	2.174	2.661	2.83	2.339	2.675	2.391	2.736	3.912	3.162	3.032	3.44	3.031	2.983	2.282	2.827	2.426	2.429	2.916	3.093	2.104	3.052
"c138244_g1_i1"	9.863	18.888	10.98	11.72	13.292	16.831	9.23	10.692	9.524	14.788	10.976	11.125	12.892	13.593	12.457	13.376	11.53	16.498	16.359	11.807	12.489	9.854	11.718	11.693	13.569	10.172	9.778	14.419	15.292	15.971	11.158	11.943	16.647	15.282	13.891	11.519	15.997
"c111020_g4_i1"	0	0.096	0	0.231	0	0	0	0.258	0.265	0.08	0	0	0	0	0	0.17	0.165	0	0	0	0.157	0	0.074	0	0	0	0.1	0.091	0.259	0.326	0	0	0.089	0.079	0	0	0.338
"c144647_g2_i1"	2.271	3.168	2.101	3.859	2.641	2.142	2.895	3.055	4.142	3.18	2.635	3.34	3.367	3.501	4.363	4.638	3.191	4.454	3.743	3.127	3.658	4.353	2.57	2.145	2.172	2.658	1.659	3.101	2.183	4.089	2.774	2.772	2.449	4.119	2.233	1.913	3.664
"c141168_g1_i3"	0.213	0.567	1.514	0.231	0.261	1.051	1.529	0.269	0	1.565	1.289	0	0.631	0.328	0.461	1.866	0.252	0.327	1.271	0.885	0.246	0.219	0.24	1.39	0.283	1.104	0.586	0.574	1.318	0.247	0.519	1.155	0.276	0.729	1.15	0.226	0
"c56685_g1_i1"	0	0	0	0	0	0.265	0	0	0	0	0	0	0.31	0	0.235	0	0.252	0.327	0	0	0	0	0.249	0	0.283	0	0.288	0	0.27	0.247	0.519	0	0.276	0	0.29	0	0.507
"c173912_g1_i1"	0	0	0	0	0.213	0	0.21	0.215	0	0	0	0	0	0	0	0	0	0	0.508	0	0.197	0.175	0.193	0.226	0	0	0.232	0	0.216	0	0	0	0	0	0	0.374	0.211
"c99446_g1_i3"	0.041	0	0	0.186	0.203	0	0.315	0.108	0	0.1	0	0	0	0	0.089	0.207	0	0.124	0.127	0	0.098	0	0	0	0.111	0	0	0	0	0	0	0.116	0	0.099	0	0.096	0.106
"c57801_g1_i1"	0	0	0	0	0.281	0	0	0	0.297	0.431	0.863	0.142	0.343	0.187	0.13	0	0	0.18	0	0	0.138	0.245	0.396	0	0	0	0.487	0	0.151	0	0	0	0	0	0	0	0
"c147247_g1_i1"	0.09	0.182	0.226	0.098	0.387	0.163	0.334	0.29	0.233	0.221	0.37	0.443	0.199	0.07	0.17	0.226	0.157	0.169	0.208	0.193	0.187	0.123	0.074	0.097	0.061	0.106	0.221	0.091	0.173	0.296	0.032	0.162	0.286	0.197	0.089	0.174	0.201
"c106143_g1_i1"	0	0	0	0	0	1.683	0	0	0	0	0	0	0	0	0	0	0	0	0	0	0	0	0	0	0	0	0	0	0	0	0	0	0	0	0	0	0
"c59360_g1_i1"	0	0	0	0	0	0	0	0	0	0	0	0	0	0	0	0	0	0	0	0	0	0	0	0	0	0	0.752	0	0	0	0	0	0	0	0	0	0
"c36541_g1_i1"	0	0	0	0	0	0	0	0	0	0	0	0	0	0	0	0	0	0	0	0.596	0	0	0	0	0	0	0	0	0	0	0.678	0	0	0.64	0	0	0
"c141077_g1_i4"	0.131	0.096	0.215	0.08	0.358	0.224	0.096	0.29	0.244	0.09	0.502	0.226	0.266	0.059	0.243	0.273	0.043	0.226	0.173	0.044	0.433	0.464	0.046	0.259	0.152	0.441	0.265	0.151	0.097	0.395	0.042	0	0.138	0.138	0.357	0.165	0.232
"c144508_g2_i3"	0.033	0.043	0.056	0.035	0.039	0	0	0.043	0	0.221	0.047	0	0	0	0.113	0.047	0.043	0.158	0	0	0.039	0	0.083	0	0.051	0.086	0	0	0.086	0.207	0	0	0	0	0	0.235	0.042
"c138505_g1_i1"	0	0	0	0	0	0	0	0.344	0	0	0	0	0	0	0	0.339	0	0	0	0	0	0.28	0	0	1.445	0	0	0	0	0	0	0	0	0	0	0	0
"c121121_g1_i1"	0.041	0	0.328	0	0.184	0.286	0.096	0.194	0.297	0	0.095	0	0.111	0.48	0.081	0.189	0	0	0	0.079	0.452	0.403	0.35	0.313	0	0.278	0.111	0.211	0.097	0.178	0.487	0	0.099	0	0.212	0.087	0.095
"c111436_g1_i2"	0	0	0	0	0	0	0	0.28	0	0	0	0.264	0	0.34	0	0	0	0	0.335	0.228	0.256	0	0	0	0.293	0.288	0	0	0.27	0.761	0	0.3	0	0	0	0	0
"c109931_g1_i1"	0	0.589	0	0	0	0	0	0.28	0	0	0	0	0	0	0	0	0	0	0	0	0.256	0	0.258	0	0	0.576	0	0	0	0.514	0	0	0.286	0	0	0	0
"c114216_g1_i1"	0.41	0.289	0.621	0.319	0.087	0.357	0.803	0.097	0.572	0.181	0.18	0.179	0.432	0.222	0.235	0.632	0.261	0.327	0.335	0.622	0	0.307	0.663	0.399	0.293	0.086	0.21	0.493	0	0.603	0.275	0.82	0	0.522	0.201	0.478	0.539
"c80143_g1_i1"	0	0	0.282	0	0	0	0	0	0	0	0	0	0.587	0	0	0	0	0	0	0	0	0.412	0.23	0	0	0	0	0	0	0	0	0	0	0	0	0	0
"c140463_g3_i1"	0.574	0.589	0.486	0.452	0.377	0.347	0.268	0.237	0.286	0.652	0.54	0.302	0.321	0.445	0.308	0.65	0.443	0.429	0.335	0.342	0.295	0.464	0.286	0.517	0.505	1.123	0.575	0.886	0.162	0.375	0.476	0.936	0.276	0.414	0.469	0.513	0.348
"c127419_g1_i1"	2.935	0.685	2.451	6.459	1.354	1.877	4.433	2.99	0.657	3.12	3.877	6.473	5.36	3.641	5.812	2.385	4.069	3.383	8.422	1.401	2.134	2.864	1.842	2.188	2.607	2.879	1.416	0.826	0.767	3.576	2.403	5.949	2.755	2.769	0.134	5.494	2.999
"c130538_g1_i1"	1.049	2.194	3.253	1.677	1.722	3.234	1.987	3.496	5.774	2.95	2.55	2.359	2.082	2.552	1.182	2.705	0.774	3.304	2.137	0.928	4.828	1.025	1.861	4.106	3.536	3.243	5.641	3.242	5.911	2.045	4.616	4.101	2.814	4.01	4.757	2.356	4.678
"c92010_g1_i1"	0.164	0	0	1.038	0	0.408	0	0	0.413	0.401	0	0.764	0	0	0.712	0	0.391	0	0	0	0	0.333	0	0.41	0.879	0	0	0	0	0.375	0	0	0	0	0	0	0
"c89344_g1_i1"	0	0.246	0	0	0	0	0	0.237	0	0	0	0	0.266	0	0	0	0	0.271	0	0.193	0	0	0	0	0.242	0.23	0	0	0.227	0.415	0	0	0	0.207	0.491	0.191	0
"c140466_g1_i3"	0.098	0.128	0.169	0.053	0.058	0.031	0.115	0.086	0.064	0.06	0.057	0.057	0.133	0.035	0.024	0.085	0.078	0	0.173	0.28	0.079	0.149	0.101	0.097	0.061	0.115	0.1	0.121	0.151	0.109	0.064	0.162	0	0.197	0.346	0.078	0.116
"c143971_g3_i2"	0.156	0.268	0.282	0.302	0.097	0.388	0.048	0.301	0.36	0.14	0	0.189	0.166	0.363	0	0.094	0	0	0.3	0.166	0.089	0.123	0.35	0.323	0	0.326	0.221	0.161	0.648	0.464	0.402	0.335	0	0.759	0	0.513	0.296
"c111941_g1_i1"	0.025	0.118	0.068	0.151	0.058	0.051	0.162	0.344	0	0.11	0.114	0.113	0.066	0.492	0.049	0	0.104	0.203	0.069	0.053	0.049	0.237	0.101	0.366	0	0	0.254	0.121	0.227	0.158	0.169	0.069	0.059	0.059	0.067	0.096	0.391
"c141007_g1_i1"	0.918	1.402	1.525	1.384	1.403	0.796	1.519	1.119	0.816	1.284	1.716	2.331	0.952	1.335	1.101	1.348	0.956	1.872	0.774	1.034	1.229	1.813	1.428	0.938	1.95	1.209	1.117	1.067	1.156	2.242	1.334	0.762	1.442	1.163	0.815	0.765	0.993
"c181632_g1_i1"	0	0	0	0	0	0	0	0	0	0	0	0	0	0	0	0	0	0	0	0	0	0	0	0	0	0	0	0	0	0	0	0	0	0	0	0	0
"c145119_g1_i3"	4.116	3.531	3.92	4.01	4.421	4.417	4.061	3.937	3.75	3.371	4.578	4.01	3.755	3.477	3.982	3.818	3.617	3.631	3.697	3.968	3.383	4.152	4.403	4.041	3.667	3.339	3.993	4.602	3.264	4.079	3.356	3.327	4.206	3.675	3.216	4.164	3.938
"c147170_g1_i1"	0.394	0.096	0.554	0.586	0.474	0.479	0.65	0.269	0.593	0.562	0.787	0.642	0.31	0.445	0.607	0.471	0.539	0.429	0.427	0.307	0.167	0.403	0.553	0.334	0.283	0.758	0.796	0.574	0.357	0.751	0.138	0.797	0.316	0.384	0.48	0.574	0.665
"c136542_g1_i1"	2.492	1.466	1.062	2.147	1.848	0.765	3.029	2.033	0.784	1.846	3.516	2.482	1.285	0.948	1.578	2.074	3.043	2.357	1.236	1.848	1.593	1.515	1.815	0.916	1.101	1.814	1.195	0.896	0.573	1.324	1.863	1.224	1.965	1.202	1.854	2.495	1.478
"c49365_g1_i1"	0	0	0	0	0	0	0	0	0	0	0	0	0	0	0	0	0	0	0	2.321	0	0	0	0	0	0	0	0	0	0	0	0	0	0	0	0	0
"c35639_g1_i1"	0.115	0.621	0.328	0.497	0.561	0.286	0.277	0	0	0.281	0	0	0	0	0.251	0	0	0	0.347	0.955	0	0.473	0.267	0.603	0	0.307	0.31	0	0.292	0.267	0	0.312	0.306	0.532	0	0	0.275
"c121589_g1_i1"	0.221	0.578	0	0.231	0	2.428	1.041	0.839	1.377	0.271	0	1.283	0.642	1.007	0.235	0.273	0.261	0.327	0.323	0	0	0.228	0	0.851	0.293	0	0.896	1.48	0.27	0.751	1.048	0.289	0.859	0	0.592	0.704	0.264
"c118383_g1_i1"	0.098	0	0.09	0.071	0.155	0	0.554	0.086	0.17	0.08	0.645	0.16	0.1	0.105	0.138	0.236	0	0.192	0.196	0	0.305	0.272	0.074	0.172	0.091	0.077	0.177	0.262	0.086	0.148	0.159	0.185	0.168	0.158	0.536	0	0
"c81599_g1_i1"	0	0	0	0	0	0	0	0	0	0	0	0	0	0	0	0	0	0	0	2.768	0	0	0	0	0	0	0	0	0	0	0	0	0	0	0	0	0
"c103481_g1_i2"	0	0	0	0.24	0	0	0.535	0	0	0.271	1.896	0	0	0.34	0	0.283	0	0	0	0.228	0	0.228	0	0	0.303	0	0	0.302	0	0	0.265	0.3	0	0	0	0	0
"c139243_g1_i5"	3.28	2.793	1.774	1.579	2.883	3.009	2.895	2.205	2.86	1.354	2.872	2.529	1.916	2.728	2.404	2.083	1.391	1.883	2.518	1.305	1.947	1.831	1.483	2.899	3.162	2.226	2.533	2.195	2.302	1.205	2.17	2.853	2.923	1.596	2.501	5.39	3.801
"c109900_g1_i2"	0.057	0.161	0	0	0.281	0.143	0	0	0	0	0.142	0.142	0	0	0.121	0	0.139	0	0.173	0	0	0.123	0.129	0	0	0.144	0	0.161	0	0.138	0.148	0	0.148	0	0.156	0.122	0
"c122947_g1_i1"	1.738	2.215	0.904	1.109	0.619	0.316	0.459	1.463	0.985	2.348	1.251	1.217	0.742	0.796	1.238	1.423	0.6	1.353	1.721	1.34	2.065	1.06	1.299	2.382	0.859	2.38	4.248	1.551	0.8	1.037	0.476	1.582	0.987	0.749	1.385	1.513	0.158
"c109209_g1_i1"	0	0	0	0	0	0	0	0	0	0	0	0	0	0	0	0	0	0	0	0	0	0	0	0	0	0	0	0	0	0	0	0	0	0	0	0	0
"c73111_g2_i1"	0	0.396	0.429	0.63	0	0	0	0	0	0	0	0	0.443	0	0.324	0	0	0.462	0	0.307	0	0	0.35	0	0	0	0	0	0	0	0	0	0.395	0	0.402	0	0
"c11284_g1_i1"	0	0	0	0	0	0.53	0	0	0	0	0	0.481	0	0	0	0	0	0	0	0	0	0	0	0	0	0	0	0	1.016	0	0	0	0	0	0	0	0
"c136660_g2_i3"	10.167	13.206	18.854	6.947	18.999	11.18	10.539	20.286	12.321	19.715	3.109	11.116	16.281	15.735	11.089	12.829	9.435	36.694	17.872	8.671	11.014	11.562	22.698	19.419	8.871	9.231	16.736	16.352	8.04	29.167	9.528	31.291	25.118	15.252	13.366	12.493	18.341
"c167157_g1_i1"	0	0	0	0	0	0.734	0	0	0	0	0	0	0	0	0	0	0.713	0	0	0	0	0	0	0	0.768	0	0	0	0	0	0	0	0	0	0	0	0
"c145779_g3_i1"	0.681	0.535	0.237	0.532	0.339	0.388	0.21	0.506	0.18	0.622	0.844	0.415	0.332	0.351	0.89	0.518	0.626	0.598	0.173	0.736	0.167	0.298	0.286	0.269	0.576	0.605	0.243	1.671	0.184	0.336	0.572	0.439	0.79	0.138	0.346	0.183	0.391
"c92231_g1_i1"	0	0	0	0	0	0	0	0	0	0	0	0	0	0	0	0	0	0	0	0	0	0	0	0	0	0	0	0	1.232	0	0	0	0	0	0	0	0
"c89723_g1_i1"	0	0	0	0	0	0	0	0	0	0	0	0	0	1.218	0	0	0	0	0	0	0.885	0	0	0	0	0	0	0	0	0	0	0.97	0	0.818	1.094	0	0
"c140922_g1_i1"	0.32	0.621	0.373	0.346	0.435	0.326	0.21	0.312	0.286	0.331	0.209	0.415	0.631	0.492	0.34	0.5	0.139	0.18	0.37	0.21	0.344	0.429	0.221	0.603	0.293	0.403	0.476	0.191	0.4	0.168	0.243	0.139	0.336	0.414	0.301	0.287	0.422
"c135886_g2_i2"	0	0	0	0.834	0	0	0	0	0	0	1.971	0	1.34	0	0	0	0	0	0	0	0	0	0	0	0	0	0	0	0.994	0	0	0	0	0	0	0	0
"c165904_g1_i1"	0	0	0	0	0	0	0	0	0	0	0	0	0	0	0	0	0	0	0	0.236	0	0	0	0	0.303	0	0	0	0.562	0.267	0	0.312	0	0	0	0	0
"c183162_g1_i1"	0	0	0	0	0	0	0	0	0	0	0	0	0	0	0	0	0	0	0	0	0	0	0	0	0	0	0	0	0	0	0	0	0	0	0	0	0
"c158317_g1_i1"	0	0	0	0	0.387	0	0	0	0	0	0	0	0	0	0	0	0	0	0	0	0	0	0	0	0	0	0.42	0	0	0.356	0	0	0	0	0	0	0
"c104921_g1_i1"	0	0	0	0	0	0	0	0	0	0	0	0	0	0	0	0	0	0	0	0.569	0.649	0	0	0	0	0	0	0	0	0	0	0	0	0	0	0	0
"c166091_g1_i1"	0	3.992	0	0	3.821	0	0	0	0	0	0	5.577	15.694	0	3.513	0	0	0	0	0	0	0	0	0	3.779	0	0	4.954	0	0	0	0	0	0	0	0	0
"c172468_g1_i1"	0	0.342	0	1.109	0	0.643	0	0.333	0.328	0	0	0	0	0	0	0	0.313	0	0	0.272	0	0	0	0	0	0	0.354	0	0	0	0	0.347	0.346	0.296	0.357	0.278	0
"c113294_g1_i2"	0.189	0	0.079	0.523	0.319	0.326	0.191	0.065	0.275	0	0	0.189	0.078	0.164	0.283	0.132	0.365	0.158	0.162	0.28	0.059	0.219	0.295	0.216	0.141	0.633	0.299	0.423	0.065	0.059	0.127	0	0.405	0.503	0	0.226	0.127
"c10454_g2_i1"	0	0	0	0	0	0	0	0	0	0	0	0	0	0	0	0	0	0	0	0	0	0	0	0	0	0	0	0	0	0	0	0	0	0	0	0	0
"c164257_g1_i1"	0	0	0	0	0	0	0	0	0	0	0.294	0	0	0	0.267	0	0	0.372	0	0	0	0	0	0	0	0.326	0	0.332	0	0	0	0	0	0	0	0	0
"c144443_g1_i1"	0.107	0.107	0.407	0.346	0.097	0.092	0.449	0.204	0.201	0.191	0.654	0.415	0.421	0.539	0.024	0.452	0.304	0.158	0.358	0.088	0.157	0.385	0.59	0.183	0.141	0.125	0.221	0.04	0.205	0.405	0.466	0.416	0.168	0.128	0.145	0.113	0.063
"c138177_g1_i1"	13.43	10.894	7.58	9.599	10.728	9.527	10.644	8.121	8.602	8.799	11.412	12.239	10.987	10.197	19.208	12.64	15.139	12.382	13.609	12.893	10.67	12.535	13.302	9.656	11.821	12.446	6.803	14.087	7.792	11.823	9.009	9.298	13.695	9.321	8.609	11.049	7.455
"c46805_g1_i1"	0	0	0	0	0.842	0	0	0	0	0.853	0	0	0	0	0	0.924	0	1.083	0	0	0	0	0	0.787	0	0	0.863	0	0	0	0	0	0	0	0	0	0
"c72756_g1_i1"	0	0	0	0	0	0	0	0	0	0	0	0	0	0	0	0	0	0	0	0	0	0	0	0	0	0	0	0	0	0	0	1.906	0	0	0	0	0
"c99776_g1_i2"	0	0	0	0	0	0	0	0	0	0	0	1.189	0.786	0	0	0	0.643	0.812	0	1.025	0	0.526	0	0	0.697	0	0	0	0	0	1.175	0	0	0	0	0	1.161
"c143510_g4_i2"	2.501	2.697	1.446	4.161	3.705	2.56	2.933	5.217	3.708	2.518	8.379	8.115	0.764	2.295	2.752	0.669	4.365	3.947	2.207	6	6.205	5.115	2.423	4.893	3.385	6.161	2.633	6.343	3.048	1.126	4.012	5.117	5.598	1.626	3.406	2.704	2.27
"c115451_g1_i1"	0	0	0	0	0	0	0	0	1.653	0	0	0	0	0	0	0	0	0	2.068	0	0	0	2.128	0	0	0	1.715	0	0	0	0	0	5.144	0	0	0	0
"c143911_g1_i2"	2.976	1.776	1.051	2.324	1.374	3.193	1.491	2.431	1.208	1.264	1.934	1.321	2.005	1.99	1.627	1.848	1.365	1.308	2.403	2.05	1.77	1.331	1.87	1.789	1.829	2.303	2.367	1.46	1.718	1.501	1.175	1.733	1.955	0.995	1.921	1.66	1.52
"c131917_g1_i3"	0.057	0.15	0.079	0.062	0.135	0.071	0.067	0.14	0.074	0.271	0.133	0.396	0.078	0	0	0.066	0	0.079	0.254	0	0.069	0.114	0	0	0	0.067	0.077	0.292	0.065	0.128	0	0.231	0.138	0.266	0.145	0.122	0
"c116653_g2_i2"	0	0	0	0	0	0.602	0	0	0	0.592	1.137	0	0	0	0	0	0	0	0	0	0	0	0	0	1.283	0	0	0	0	0	0.551	0	0	0	0	0	0
"c38469_g1_i1"	0.066	0	0	0	0.048	0.051	0	0.108	0.106	0	0.455	0.047	0	0	0	0	0.096	0.056	0	0.088	0	0.131	0	0.054	0.061	0.048	0	0	0	0.049	0.053	0	0.049	0	0	0	0
"c142522_g4_i1"	0	0	0	0	0	0	0	0	0	0	0	2.642	0	0	0	0	0	0	0	0	0	0	0	0	0	0	0	0	0	0	0	0	0	0	0	0	0
"c134999_g2_i2"	0.779	0.717	1.299	1.349	0.184	0.938	2.045	1.861	0.699	0.652	0.095	0.557	0.676	0.117	1.238	1.225	1.713	0.113	1.617	0.815	1.249	0.324	0.691	1.25	0.616	1.305	0	0.101	1.059	1.353	1.154	0.104	0.395	1.281	0.1	1.487	0.38
"c84479_g1_i1"	0	0	0	0	0.164	0	0	0	0	0	0	0	0	0.211	0	0	0	0.631	0.416	0	0	0.149	0	0	0.374	0.173	0	0	0	0	0.349	0	0	0	0	0.148	0.169
"c47418_g1_i1"	0.246	0.321	0	0	0	0.602	0.573	0	0.614	0	0	0	0	0	0.259	0.302	0.574	0	0	0.499	0	0	0.276	0	0	0	0.653	0	0.594	0.553	0.582	0	0	0.276	0	0	0.285
"c170796_g1_i1"	0	0	0	0	0	0	0	0	0	0	0	0	0	0	0	0	0.713	0.902	0.832	0	0	0	0	0	0	0	0	0	0	0	0	0	0	0	0	0	0
"c135904_g1_i8"	7.813	34.823	12.234	6.654	33.607	9.354	22.377	12.466	13.454	4.615	1.336	6.077	0.554	11.403	4.46	8.172	10.417	33.401	53.281	79.187	60.753	3.81	42.052	64.853	0	15.805	15.906	0	4.107	0	1.302	0.485	26.708	9.075	11.602	2.799	4.741
"c134697_g1_i1"	0.336	0	0	0.302	0.464	0.204	0.334	0.28	0.424	0.331	0.408	0.396	0	0.176	0.178	0.471	0	0.169	0.243	0.648	0.384	0.114	0.866	0.453	0.374	0.067	0.077	0.151	0	0.642	0.212	0.381	0.138	0.197	0.145	0.174	0.137
"c3338_g1_i1"	0	0	0	0	0	0	0	0	0	0	0.521	0	0	0	0	0	0	0	0	0	0.492	0.885	0	0	0	0	0	0	0	0	0	0	0	0	0	0	0
"c48108_g1_i1"	0	5.201	0	0	0	0	0	0	1.451	0	0	0	2.149	1.897	0	1.979	0	0	0	0	0	1.261	0	0	0	0	0	0	0	0	0	0	0	0	1.742	0	0
"c106616_g1_i1"	0.131	0	0.361	0.417	0.464	0.632	0	0.161	0.17	0.632	0.161	0	0	0.199	0.413	0	0	0.586	0.774	0.272	0.747	1.069	0.433	0.345	0	0	0.354	0.171	0.162	0	0.318	1.063	0.662	0.148	0.346	0	0.317
"c28383_g1_i1"	0	0	0	0	0	0	0	0	0	0	0	1.047	0	0	0	0	0	1.015	0	0	0	0	0	0	0	0	0	0	0	0	0	0	0	0	0	0	0
"c143282_g2_i1"	0	0	0	0	0	0	0	0	0	0	0	0	0	0	0	0	0	0	0	0	0	0	0	2.155	0	0	0	0	0	0	0	0	0	0	0	0	0
"c139851_g2_i1"	13.102	16.031	7.874	15.348	18.767	18.932	8.819	15.973	15.806	14.778	19.61	28.129	21.176	15.314	24.728	25.894	24.26	17.964	14.441	7.655	20.395	31.901	18.617	19.182	20.792	25.727	29.622	32.724	7.165	14.618	11.148	11.528	19.757	8.73	12.529	15.153	6.599
"c81641_g1_i1"	0	0	0	0	0	0	0	0.183	0	0	0	0.179	0	0	0	0	0.174	0	0	0	0	0	0	0	0	0	0	0	0	0	0	0	0.385	0.168	0	0	0.18
"c108105_g2_i1"	0.558	0.738	0	0.399	1.112	0	0.44	0	0	0.682	0	0.878	0.808	0	0.397	0.462	0	0.282	0.277	2.496	0	0	0	0.237	0.99	0.47	0	0	0	0	0.9	0	0.237	0.424	0.246	0.2	0
"c133820_g2_i3"	0.385	0.289	0.305	0.24	0.658	0.53	0.134	0	0.424	0	1.062	0.906	0.321	0.843	0	0	0.13	0	0	0.692	0	1.016	1.354	0	0	0	0.752	0	0	0.632	0	0	0.415	0.512	0.29	0.469	0.264
"c93145_g1_i1"	0	2.012	0	0	0	2.071	0	0	0	0	0	0	0	0	0	0	0	0	0	0	0	0	0	0	0	4.952	1.715	0	0	0	0	0	0	0	0	3.199	0
"c167612_g1_i1"	0	0	0	0	0	0	0	0	0	0	0	0	0	0	0	0	0	0	0	0	0	0	0	0	0	0	0	0	0	0	0	0	0	0	0	0	0
"c144518_g1_i4"	0.771	0.268	0.757	0.745	0.368	0.459	1.022	0.774	1.049	0.823	1.289	0.613	0.343	0.574	0.615	0.33	0.591	0.553	0.254	0.867	0.669	0.42	0.23	0.647	0.495	0.72	0.431	0.544	0.811	0.593	0.678	0.381	0.346	0.571	0.916	0.435	0.792
"c7244_g1_i1"	0.172	0	0	0.364	0.416	0.428	0	0	0	0	0.408	0	1.019	0	0.372	0	0	0	0	0	0	0.701	0	0	0.455	0	0	0.473	0	0	1.207	0.901	0	0	0	0.365	0
"c3393_g1_i1"	0	0	0	0	0	0	0	0	0	0	0	0	0	0	0	0	0	0	0	0	0	0	0	0	0	0	0	0	0	0	0	0	0	0	0	0	0
"c167745_g1_i1"	0.492	0	0	0	0	0	0	0	0	0	0	0	0	0	0	0	0	0	0	0	0	0.999	0	0	0	0	0	0	0	0	0	0	0	0	0	0	0
"c143143_g1_i2"	0.09	0.075	0	0	0.135	0.143	0	0.075	0	0	0	0.349	0.498	0.094	0.121	0.283	0.13	0	0.254	0.123	0.069	0.123	0	0.075	0.313	0.134	0.243	0.312	0.14	0.138	0.074	0.404	0	0.207	0.078	0	0.211
"c70729_g1_i1"	0	0	0	0	0	0	0	0	0	0	0	0	0	0	0	0	0	0	0	0	0	0	0	0	0	0	0	0	0	0	0	0	0	0	0	0	0
"c141902_g1_i5"	0.09	0.075	0.079	0.124	0.068	0.071	0.067	0.151	0.297	0.14	0.36	0.142	0.089	0.094	0	0.075	0	0.169	0.092	0	0.069	0.123	0	0.075	0.081	0	0.077	0.081	0.151	0.138	0	0.162	0	0.069	0.234	0.061	0.285
"c68260_g1_i1"	0	0	0	0	0	0	0	0	0	0	0	0	0	0	0	0	0	0	0	0	0	0	0	0	0	0	0	0	0	0	0	0	0	0	0	0	0
"c137581_g2_i2"	2.894	1.434	2.632	1.925	2.264	1.642	2.436	2.388	2.246	2.679	1.924	1.802	2.005	2.096	4.08	3.177	3.6	3.045	3.708	6.692	2.488	2.838	3.04	2.446	2.607	2.61	2.765	3.051	1.848	3.23	2.17	1.375	4.374	2.325	2.088	2.46	2.566
"c155922_g1_i1"	0.115	0	0	0	0	0	0	0	0	0.281	0	0	0	0	0.494	0	0.27	0.35	0	0	0	0	0	0	0	0	0	0	0	0	0	0	0	0	0	0	0
"c65278_g1_i1"	1.082	0	1.028	0	0	0.449	0.43	0	0.9	0	0.436	1.689	0	1.112	0	1.395	0	0	2.137	1.463	0	0	2.975	0	0	0	0	0	0	1.235	0	0.947	0	0.798	0	1.165	0.422
"c139220_g1_i1"	0.057	0.107	0.497	0.133	0.145	0.051	0.239	0.097	0.307	0.14	0.095	0	0.111	0.117	0.04	0.141	0.043	0.35	0.3	0.21	0	0.079	0.092	0.269	0.424	0.326	0.387	0.101	0.195	0.049	0.148	0.058	0.197	0.099	0.536	0.296	0.19
"c137528_g3_i2"	15.955	4.58	0.384	1.189	10.457	0.112	21.422	0	12.692	0.221	30.567	12.569	6.058	7.715	0.291	0.886	13.869	0.271	0.682	0.482	12.381	0.184	11.92	12.037	10.679	0.768	0.122	0	0.119	9.709	11.476	0	0.464	0.108	5.025	14.979	0.443
"c124574_g1_i1"	0.599	0.364	0.644	0.302	0.222	0.449	0.334	0.344	0.477	0.562	1.005	0.434	0.399	0.281	0.397	0.339	0.539	0.271	0.555	0.674	0.216	0.377	0.516	0.248	0.364	0.336	0.133	0.121	0.227	0.425	0.339	0.254	0.464	0.108	0.748	0.496	0.443
"c9914_g1_i2"	0	0	0	0	0	0	0	0	0	0	0.161	0	0	0	0	0	0	0	0	0.14	0	0.14	0	0	0	0	0	0	0	0	0	0.185	0	0	0.357	0	0
"c94314_g1_i1"	0	0	0	0	0	0	0	0	0	0	0	0	0	0	0	0	0	0	0	0	0	0	0	0	0	0	0	0	0	0	0	0	0	0	0	0	0
"c33159_g1_i1"	0.312	0.845	0.915	0	0	0.816	0.726	0	0	0	0	0	0	0	0	0	0	0	0	0	0	0.639	0	0	0.849	0	0	0	0	0	0.699	0	0	0	0	0	0
"c161479_g1_i1"	0	0	0	0	0	0	0	0	0	0	0	1.472	0	0	0	0	0	2.368	0	0	0	4.038	0	0	0	0	0	0	0	0	0	0	0	0	0	0	0
"c104977_g2_i1"	0	0	0	0	0	0	0	0	0	0	0	0	0	0	2.558	0	0	0	2.9	0	0	0	0	0	0	0	2.312	0	0	0	0	0	0	1.714	0	0	1.879
"c55077_g1_i1"	0	0	0	0	0	0	0	0	0	0	0	0	0	0	0.559	0	0	0	0	0	0	0	0	0	0	0	0.664	0	0	0	0	0	0	0	0	0	0
"c89378_g1_i1"	4.69	0	1.401	3.735	7.197	5.059	6.43	0	1.123	1.224	0	0	1.539	0	0	0	0	4.725	4.101	0	5.173	0	1.244	0	1.283	4.049	0	0	0	1.017	0	0	0	0	0	0	0
"c146764_g2_i1"	1.025	0.535	1.005	0.701	0.793	0.724	0.889	0.807	0.742	0.462	0.957	1.113	1.063	1.253	0.761	1.348	0.713	1.376	1.213	0.482	1.19	1.183	0.847	1.358	1.081	0.787	1.405	1.007	0.54	0.583	0.18	0.705	0.958	0.453	0.67	1.148	0.644
"c145568_g1_i4"	0.131	0.214	0.023	0.035	0.058	0.102	0.201	0.086	0.042	0.08	0.142	0.142	0.044	0.129	0.057	0.104	0.061	0.192	0.104	0.035	0.118	0.219	0.074	0.108	0.111	0.096	0.21	0.131	0.086	0.099	0.106	0.023	0.059	0.079	0.089	0.052	0.042
"c141345_g1_i2"	3.493	4.516	3.107	3.966	3.202	3.733	3.631	4.302	4.333	3.471	3.147	2.991	3.721	3.723	4.063	4.76	4.043	4.037	3.882	3.889	3.609	4.669	3.243	3.858	2.586	3.8	3.816	3.675	3.415	4.82	4.288	3.8	4.354	3.527	2.993	3.408	3.611
"c147153_g2_i1"	0.615	0.706	0.666	0.798	0.638	0.653	0.516	0.656	0.731	0.361	0.768	0.547	0.454	0.269	0.818	0.895	0.983	0.767	0.97	0.858	0.747	0.78	0.894	0.841	0.778	0.739	0.642	0.795	0.378	0.514	0.551	0.508	0.474	0.66	0.447	0.678	0.781
"c139341_g4_i3"	1.049	0.92	0.079	0	0.445	0	0.258	0.065	0.625	0.191	0.199	0.321	0.543	0.913	0.461	0.264	0.061	0	0	0	0.502	0.999	0.774	0	0.212	0.125	0.52	0.997	0.205	0.059	0	0.82	0.948	0.571	0.212	1.148	0.063
"c135516_g1_i2"	0.451	0.3	0.102	0.08	0	0.184	0.182	0.473	0.381	0.09	0	0.264	0.321	0.234	0.081	0.273	0.174	0.338	0.335	0.552	0.433	0.543	0.166	0.506	0.202	0.086	0.31	0.201	0.378	0.178	0.095	0.728	0.099	0.532	0.301	0.243	0.095
"c12167_g1_i1"	0	0	0.294	0.115	0.126	0	0.248	0.269	0	0.642	0	0.255	0	0.328	0	0	0	0.158	0.162	0.333	0.364	0.219	0	0.14	0.839	0.902	0.874	0.141	0.13	0.247	0.646	0.15	0	0.374	0.279	0	0.507
"c101381_g1_i1"	1.705	0	0	0	0.522	1.081	0	0.549	0.53	1.063	0	0	1.296	1.311	0	0.556	0.522	0	0	0.858	0.482	0	0.507	0.528	0	0	0.564	0.594	0	0.484	0.995	0.554	0	0	1.161	2.756	0
"c176452_g1_i1"	0	0	0	0	0	1.571	0	0	0	0	0	0	0	0	0	0	0	0	0	1.051	0	0	0	0	0	0	0	0	0	0	0	1.305	0	0	0	0	0
"c17647_g1_i1"	0	0	0	0	0	0	0	0	0	0	0	0	0	0	0	0	0	0	0	0	0	0	0	0	0	0	0	0	0	1.373	0	1.444	0	0	0	0	1.299
"c136758_g1_i1"	0.344	0	1.005	0.692	0	0	2.37	0	0	0	0.806	0	0	1.042	0	0	0	0	1.005	0.666	0	0.692	0	0.808	0	0	0.885	0.987	0.821	0	1.514	0.843	0	0.709	1.865	0	1.51
"c145565_g4_i3"	0.754	0.524	0.542	1.074	0.629	0.602	0.573	0.817	0.434	0.712	0.881	0.802	0.676	0.48	0.809	0.537	0.757	0.598	0.578	0.85	0.747	0.674	0.82	0.647	0.556	0.662	0.697	0.514	0.756	0.731	0.508	0.566	0.918	0.631	0.636	0.669	0.581
"c113162_g2_i1"	0	0	0	3.496	0	0	0	0	0	1.134	1.024	0	1.418	0	0	0	0	0	0	1.673	1.927	0.885	0	0	0	3.56	0	0	0	0.958	0.942	1.04	0	0	2.401	0	0
"c170171_g1_i1"	0	0	0	0	0	0	0	0	0	0	0	0	0	0	0	0	0	0	0	0	0	0	0	0	0	0	0	0	0	0	0	0	0	0	0	0	0
"c128416_g1_i2"	0.828	0.61	0.384	0.497	0.329	0.673	1.099	0	1.292	0.331	0.777	0.33	0.797	0.14	0.389	1.009	0.643	1.094	0.404	0.385	0.846	0.666	0.415	0.366	0.121	0.557	0.763	0.242	0.573	0.316	0.222	0.508	0.701	0.325	0.246	0.391	0.781
"c121530_g2_i1"	0.049	0.139	0.226	0.284	0.252	0.061	0.191	0.269	0.604	0.191	0.19	0.123	0.078	0	0.227	0.189	0.67	0.316	0.231	0.499	0.423	0.324	0.055	0.356	0.141	0.557	0.077	0.141	0.195	0	0.064	0.219	0.197	0.246	0.212	0.165	0.317
"c117672_g1_i1"	0.279	0	0.192	0.151	0.339	0.683	0	0.172	0.71	0	0	0.17	0.41	0.211	0	0	0.165	0	0.208	0.149	0	0	0.47	0.183	0	0.691	0	0.745	0.173	0.81	0.508	0.196	0.355	0	0.38	0.148	0.338
"c179225_g1_i1"	0.09	0	0	0	0	0	0	0	0	0	0	0	0	0	0	0	0	0	0	0	0	0	0	0	0.465	0	0.232	0	0	0	0	0.231	0	0	0	0	0
"c129977_g1_i1"	2.058	2.397	1.977	1.349	1.79	2.091	0.315	1.721	1.25	1.445	0.919	1.585	1.395	1.698	0.518	0.961	1.426	1.049	1.121	1.077	2.655	2.234	1.078	1.433	1.354	1.411	1.903	1.52	1.329	0.77	1.048	2.033	1.501	1.517	1.485	2.73	1.024
"c144341_g1_i3"	0.517	0.107	0.169	0	0	0.5	1.5	0.57	0	0.803	0.047	0.302	0.532	0.059	0.308	0.198	0.478	0.18	0.243	0.613	0.285	0.044	0.829	0.226	0.111	0.048	0	0	0.054	0.632	0	0.058	0.109	0.64	0	0.217	0.053
"c33730_g1_i1"	0	0.631	0	0	0	0	0	0	0	0	0	1.123	0	0	0	0	0.852	0	0	0	0	0	0	0	0	0.307	0	0	0	0	0	0	0	0	0	0.252	0
"c162806_g1_i1"	0.057	0	0	0	0	0	0	0	0	0	0.275	0	0	0	0	0.273	0	0	0	0	0	0	0	0.151	0	0.278	0	0	0	0.128	0	0	0	0.128	0	0	0
"c150846_g1_i1"	0	0	0	0	0	0	0	0	0	0	0	0	0	0.585	0	0	0	0	0	0	0	0	0	0	0	0	0	0	0	0	0	0	0	0	0	0	0
"c152188_g1_i1"	0	0	2.338	0	0	0	1.663	0	0	0	0	0	0	0	0	0	0	0	0	0	0	1.498	0	0	0	0	1.77	0	0	3.141	0	0	0	0	0	0	0
"c167666_g1_i1"	0	0	0	0	0	0	0	0	0	0	0	0.264	0.653	0	0.243	0	0	0.338	0.659	0	0	0	0	0	0	0	0	0	0	0.257	0	0.3	0	0	0	0	0
"c161383_g1_i1"	0	0	0	0	0	0	0	0	0	0	0	0	0	0	0	0	0	0	0	0	2.832	0	0	0	0	0	0	0	0	0	0	0	0	0	0	0	0
"c146053_g3_i1"	0.115	0.128	0.09	0.071	0.077	0.163	0	0.258	0.17	0.12	0.038	0.16	0.1	0.047	0.283	0.245	0	0.045	0.046	0.28	0.118	0.035	0.368	0.086	0.182	0.202	0	0.131	0.13	0.04	0.085	0	0.089	0	0.089	0.287	0.127
"c116078_g1_i2"	0	0.182	0	0.142	0	0	0	0	0	0	0.493	0	0	0	0.146	0	0.157	0	0	0	0.157	0	0	0	0	0	0.188	0	0	0	0	0	0	0	0	0	0
"c155196_g1_i1"	0	0	0	0.63	2.302	0.796	0.717	0	0	0.783	0	0.708	0	0	0	0	0	0	0.901	1.209	0	1.253	0.765	0	0	0	0	0	0	0	0	0	0	0	0	0	0
"c141485_g1_i5"	0.353	0.257	0.474	0.541	0.3	0.275	0.363	0.247	0.498	0.411	0.18	0.5	0.388	0.503	0.429	0.575	0.426	0.259	0.335	0.473	0.531	0.797	0.35	0.485	0.333	0.451	0.476	0.312	0.432	0.435	0.434	0.508	0.425	0.374	0.48	0.348	0.496
"c71735_g1_i1"	0.328	0	0.621	0	0	0	0	0	0.275	0	0	0	0	0	0.478	0	0.261	0	0	0.228	0.256	0	0.249	0	0	0	0.299	0.594	0	0	0	0	0.286	0	0	0	0
"c133595_g6_i2"	0.049	0	0	0.195	0.106	0	0	0.118	0.233	0	0	0	0	0.281	0.389	0.226	0.104	0.135	0	0	0.207	0	0.203	0	0	0	0.254	0	0	0	0.339	0.127	0	0	0	0	0
"c163818_g1_i1"	0	0	0	0	0	0	0	0	0	0	0	0	0	0	0	0	0	0	0	0	1.239	0	0	0	0	11.822	0	0	0	0	0	0	0	0	0	0	0
"c147007_g2_i5"	1.164	1.209	1.694	2.395	1.886	1.612	1.815	2.345	2.087	2.207	1.867	1.293	2.138	1.674	1.538	2.168	1.748	1.601	1.744	1.419	2.203	1.874	2.027	2.285	1.536	1.948	1.637	1.601	1.178	1.827	2.043	1.629	1.748	2.089	2.635	1.547	2.059
"c118099_g1_i1"	0	0	0	0.195	0.106	0	0.105	0	0	0.221	0	0	0.133	0	0	0	0	0.135	0	0.096	0.108	0.096	0.101	0.119	0.121	0	0.254	0.121	0.108	0	0.116	0	0	0.108	0	0	0
"c121235_g3_i4"	0.287	0.171	0.226	0.142	0.193	0.112	0.43	0.323	0.286	0.231	0.038	0.113	0.089	0.246	0.17	0.198	0.183	0.147	0	0.412	0.108	0.096	0.111	0.129	0.081	0.154	0.221	0.342	0.119	0.188	0.201	0.312	0.286	0.158	0.257	0.104	0
"c144265_g1_i6"	0.861	0.61	0.757	0.976	0.851	0.796	0.516	0.796	0.519	1.003	0.597	0.689	0.62	0.972	1.004	0.556	0.991	0.474	0.427	0.946	0.531	1.305	0.728	0.625	0.687	0.643	0.365	0.604	0.4	0.701	1.037	0.485	0.829	0.552	0.536	0.643	0.602
"c143712_g1_i2"	2.107	1.263	1.209	2.245	1.625	1.703	1.72	1.226	0.826	1.515	2.095	1.944	1.218	1.206	3.019	1.339	2.174	1.274	1.687	2.943	1.544	2.155	1.575	1.218	1.576	1.382	1.305	1.319	0.929	1.531	1.662	1.224	2.123	1.123	1.072	1.904	0.834
"c153611_g1_i1"	0	0	0	0	0	0	0.898	0	0	0	0	0	0	0	0	0	0	0	1.144	0	0	0	0	0	0	0	0	0	0	0	0	0	0	0.798	0	0	0
"c117701_g1_i1"	0.164	0	0.237	0.355	0.996	0	0.592	0.419	0	0	0.398	0.387	0	0.258	0.712	0	0.783	0	0.497	0.175	0.57	0	0	0.431	0	0	0	0	0	0.188	0.805	0.219	0	0.187	0.223	0.174	0.401
"c147552_g1_i2"	0.107	0.15	0.045	0.106	0.126	0.112	0.172	0.054	0.074	0.231	0.095	0.075	0.078	0.07	0.081	0.038	0.07	0.09	0.035	0.061	0.069	0.096	0.101	0.205	0.051	0.067	0.033	0.07	0.13	0.079	0.085	0.035	0.02	0.069	0.056	0.096	0.063
"c140454_g1_i1"	5.6	5.597	6.755	5.048	6.336	7.304	6.22	8.573	8.581	5.538	5.042	4.888	8.14	9.448	5.164	5.929	3.426	8.13	7.232	5.623	6.402	4.783	3.989	7.651	5.638	6.813	8.407	6.152	9.013	6.628	5.886	8.917	5.667	7.735	10.351	3.33	6.272
"c117048_g1_i1"	0.221	0.096	0	0.16	0.271	0	0	0.28	0.095	0.09	0.095	0.085	0.111	0.351	0.162	0.179	0.087	0	0	0.158	0.177	0	0.083	0.097	0.202	0.182	0.1	0.302	0.281	0.089	0.191	0.416	0.099	0	0.703	0.156	0
"c114690_g1_i1"	0	0	0	0	0	0	0	0	0	0.331	0	0.632	0	0	0	0.688	0.322	0	0.404	0	0.62	0	0	0	0.364	0	0.365	0	0	0.306	0	0.358	0	0	0	0.287	0
"c109849_g1_i1"	0.279	0.128	0	0.204	0	0.112	0	0.355	0.244	0.11	0.114	0.226	0	0.866	0.494	0.113	0.217	0	0.277	0	0.216	0.096	0.212	0.377	0.121	0	0.52	0	0.119	0.326	0.116	0.127	0.118	0.217	0.123	0	0.222
"c183595_g1_i1"	0	0	0	0	0	0	0	0	0	0	0	0	0	0	0	0	0	0	0	0	0	0	0	0	0	0	0	0	0	0	0	0	0	0	0	0	0
"c112476_g1_i1"	0.107	0	0	0	0.126	0.122	0.248	0	0	0	0	0.123	0	0	0.113	0.377	0	0	0.612	0	0	0	0	0	0	0.249	0	0	0.13	0.119	0	0	0	0	0	0.113	0.127
"c125402_g1_i1"	0.459	0.139	0	0.106	0.126	0	0.124	0.129	0	0.251	0.246	0.368	0.299	0	0.324	0	0.235	0.158	0	0.21	0.236	0.526	0.341	0.14	0	0.873	0.144	0.141	0	0.237	0.254	0.566	0.257	0.236	0	0.217	0.37
"c97856_g1_i1"	3.911	17.304	13.488	0	5.456	7.079	24.326	0	11.675	6.541	0	11.295	15.04	5.643	5.188	0	21.878	29.567	5.176	2.925	7.916	3.74	0	6.067	0	0	3.949	22.091	8.192	7.25	5.992	0	17.93	0	5.762	4.286	9.049
"c56565_g1_i1"	0.213	0.278	0.452	0.115	0.252	0.133	0	0.269	0	0.13	0.256	0	0	0	0	0.132	0.122	0.158	0	0.114	0	0.219	0.12	0.14	0	0	0.442	0	0	0	0	0	0.267	0	0.145	0	0.517
"c145297_g1_i2"	0.139	0.064	0.124	0.098	0.058	0.051	0.057	0	0.117	0.171	0.227	0.33	0.199	0.07	0.194	0.113	0.104	0.203	0.069	0.149	0.049	0.044	0.203	0.129	0.182	0.106	0	0	0.119	0.109	0.053	0.069	0.118	0.434	0.067	0.2	0
"c119638_g3_i1"	0.041	0.096	0.215	0.16	0.087	0.184	0.363	0.194	0.095	0.451	0.635	0.179	0.222	0.574	0.081	0.273	0.261	0.226	0	0.158	0.177	0.385	0	0	0.404	0.365	0.1	0.101	0.097	0.612	0.095	0.312	0.099	0.621	0.201	0.156	0.275
"c13871_g1_i1"	0	0	0	0	0	0	0	0	0	0	0	0	0	0	0	0	0	1.252	0	0	0	0	0	0	1.041	0	0	0	0	0	0	0	0	0	0	0	0
"c59919_g1_i1"	21.423	10.252	8.314	24.788	15.169	13.271	34.101	13.951	8.994	11.417	40.273	11.503	8.639	16.227	23.563	18.485	24.747	21.516	26.202	21.853	13.708	16.686	13.67	10.561	15.468	12.513	5.265	17.017	7.543	21.917	6.871	21.392	14.81	18.169	14.528	21.734	17.422
"c120905_g2_i1"	0.32	0.118	0.124	0	0.213	0.439	0	0	0.117	0.11	0	0.217	0.133	0.14	0.097	0	0	0	0.139	0.569	0	0.096	0	0.119	0.364	0.106	0.874	0.242	0	0.316	0	0.127	0.346	0.217	0.123	0.191	0.327
"c113501_g1_i4"	0.041	0.118	0	0	0	0.112	0	0	0	0	0	0	0	0	0	0	0	0.135	0.127	0	0	0	0	0	0.121	0	0	0	0	0	0	0.127	0	0	0	0	0.106
"c99461_g1_i1"	0	1.188	5.196	0	4.44	0	0	4.679	0	0	0	0.991	1.418	2.658	0	1.263	0	1.455	2.542	0	0	0	1.133	0.991	0	1.775	3.307	1.299	0	0	0.942	1.04	2.686	0.877	1.206	0.956	0.94
"c107661_g1_i1"	1.853	1.744	3.694	0.648	1.577	5.549	3.296	1.054	5.636	4.354	4.644	0.991	1.384	1.651	1.149	2.347	2.652	1.613	1.063	3.626	0	1.971	2.69	1.11	1.111	1.027	1.648	0.644	0.151	2.351	2.795	2.137	1.224	3.488	2.903	1.278	2.165
"c42698_g1_i1"	0	0	0	0	0	0	0	0	0	0	0	0	0	0	0	0	0	0	0	0.307	0	0	0	0.377	0	0	0	0	0	0	0	0	0	0	0	0	0
"c175425_g1_i1"	0	0	0	0	0	0	0	0	0	0	0	0	0	0	0	0	0	0	0	0	0	0	0	0	0	0	0	0	0	0	0	0	0	0	3.718	0	0
"c126411_g1_i1"	0.189	0.514	0.271	0	0.697	0	0.459	0	0.487	0.231	0.227	0	0.842	0.293	0	0	0.678	0.293	0	0	0.216	0	0	0	0.253	0	0.265	0	0	0.217	0	0	0.247	0.217	0	0	0.454
"c158911_g1_i1"	0	0	0	0	0	0	0	0	0	0	0	0	0	0	0	0	0	0	0	0	0	0	0	0	0	0	0	0	0	0	0	0	0	0	0	0	0
"c147150_g3_i1"	0.984	0.171	0.802	0.346	0.377	0.765	0	0.237	0.244	0.843	0.616	0.604	0.177	0.094	0.34	0.613	0.217	0.372	0.381	0.131	0.511	0.455	0.074	0.345	0.424	0.307	0.265	0.252	0.313	0.593	0.783	0.612	0.879	0.148	0.167	0.469	0.465
"c146983_g4_i1"	1.287	1.252	1.661	4.259	6.81	1.448	1.395	2.99	1.187	8.638	7.658	6.077	1.041	9.741	4.047	5.891	1.4	2.853	6.608	7.016	4.563	5.781	1.612	8.794	1.889	7.37	6.382	1.279	8.699	7.536	11.561	7.566	0.928	1.34	2.535	1.008	5.29
"c156937_g1_i1"	0	0	0	0	0	0	0	0	0	0	0	0	0	0	0	0	0	0	1.386	0	0	0	0	0	0	0	0	0	0	0	0	0	0	0	0	0	0
"c153268_g1_i1"	0	0	0	0	0.416	0	0	0	0	0.211	0	0	0.255	0	0.186	0	0	0	0.254	0.359	0	0	0	0	0	0	0	0	0	0.198	0	0	0	0	0	0.365	0
"c146813_g1_i1"	6.756	5.961	5.072	6.618	5.92	6.396	6.459	5.163	4.947	6.873	6.597	6.605	4.641	5.081	5.804	6.636	7.2	4.533	6.227	6.657	6.598	7.489	6.752	5.776	5.607	5.834	5.542	5.941	4.712	6.973	7.104	6.341	6.388	5.587	4.21	5.216	4.667
"c165135_g1_i1"	0	0	0	0	0	0	4.452	0	0	0	0	0	0	0	0	0	0	0	2.9	0	0	0	0	0	0	0	0	0	0	0	0	0	0	0	0	0	0
"c70167_g2_i1"	0.123	0.321	0.339	0	0	0.296	0	0	0.307	0	0.294	0	0	0	0	0	0	0	0	0	0	0	0.276	0	0	0	0	0	1.189	0.553	0.582	0.323	0	0	0	0	0
"c658_g1_i1"	0	0	0	0.417	0	0	0.229	0	0	0	0	0	0	0	0	0	0	0	0	0.403	0.226	0	0	0	0	0	0	0	0	0	0.233	0	0	0	0	0	0
"c134223_g1_i2"	0.057	1.284	0.147	0	0.387	0	0.65	0	0.551	0.13	0.787	1.029	0.465	0	0.923	0.396	0.887	0.643	0	1.016	1.121	0.78	0.24	0.291	0.293	0.393	0.597	0	0.4	0	0.138	0	0	0	0.435	0.695	0.792
"c144086_g5_i1"	0.205	0	0	0.106	0.609	0	0.124	0.258	0.127	0.251	0.123	0.481	0.731	0.152	0	0.123	0.235	0.147	0.15	0.21	0	0	0.111	0.269	0.404	0.125	0.277	0.272	0	0.237	0.254	0	0	0.118	0.268	0.322	0
"c145329_g1_i2"	0.295	0.214	1.559	0.523	0.948	0.775	0.898	0.602	0.89	1.284	0.256	0.066	0.454	0.082	0.737	0.066	0.243	0.71	0.474	0.333	0.61	0.272	0.35	0.927	0.354	0.192	0.664	0.916	0.659	0.682	0.73	0.52	0.069	0.128	0.648	0.739	0.454
"c142638_g2_i3"	0.943	0.931	0.655	1.011	0.561	0.428	1.261	0.151	0.445	0.14	0.284	0.972	0.853	0.901	1.125	0.575	0.409	0.35	1.398	0.613	0.266	0.964	0.921	0.463	0.465	0.576	0.321	0.312	0.584	0.543	1.154	1.294	0.454	0.276	0.469	0.626	0.707
"c137619_g3_i2"	3.001	0.792	1.118	0.293	1.112	1.132	0	1.172	0.509	0.321	1.299	0.396	0.1	0.714	1.206	1.131	1.235	0.891	0.89	1.331	1.003	2.68	2.745	1.519	0.535	2.149	1.383	2.125	0.67	1.086	0.995	0.739	1.856	0.946	0.715	1.991	0.412
"c18948_g1_i1"	0	0	0	0	5.059	0	0	0	0	0	0	0	0	0	0	0	0	6.856	0	0	0	0	0	0	0	0	0	0	0	0	0	0	16.37	0	0	0	0
"c143708_g4_i1"	1.386	0.696	0.271	0.355	1.025	0.316	0	0	2.701	0	0	0	0.476	0.913	0.494	0	0.687	0.395	0.786	0.14	5.92	0.272	0.147	0	0.091	1.814	4.203	0.352	0.908	2.212	0	0.462	0.336	1.241	0	0.07	0
"c56857_g1_i1"	0	0	0	0	0	0	0	0	0.328	0	0	0	0	0	0.283	0	0	0	0	0	0.305	0.815	0.304	0	0	0	0	0	0	0	0	0	1.047	0	0	0	0.317
"c32518_g1_i1"	0	0	0	0	4.701	5.855	7.042	0	0	0	0	0	0	0	0	0	0	0	0	0	0	0	0	0	0	0	0	0	0	0	0	0	0	0	0	0	0
"c105249_g1_i1"	0.254	0	0.746	0.532	0	1.316	0	0	0	0	0	0.594	0	0	0	0	0	0	0	0.517	0.58	0	0	0	0	0	0	0.725	0	0	0	0	0	0	0	0	0
"c90823_g1_i1"	0	0	0.712	0	0	0	0	0	0.318	0.311	0	0	0	0	0	0	0	0.383	0	0	0	0	0	0.647	0	0	0	0	0	0	0.603	0	0	0	0	0.269	0
"c128328_g1_i1"	8.314	6.806	5.919	6.033	8.261	4.906	4.863	5.034	3.708	6.802	4.815	7.011	5.394	6.908	12.231	6.872	9.565	7.217	7.394	8.855	7.729	7.805	7.056	6.886	5.83	6.391	6.969	8.106	5.598	5.492	4.383	5.105	8.847	5.084	5.114	8.268	3.305
"c118387_g1_i1"	0	0	0	0	0	0	0.449	0	0	0	0	0.443	0	0	0	0.49	0	0.586	0	0	0	0	0.451	0	0	0	0	0	0	0	0.889	0	0	0	0	0	0.443
"c89569_g1_i1"	0	0	0	0	0	0	0	0	0	0	0.351	0	0	0	0	0	0	0	0	0	0	0.298	0	0	0.192	0	0	0	0	0	0	0	0	0.168	0	0.156	0
"c75106_g2_i1"	0	0	0	0	0	0	0	0	0	0	0	0	0	0	0	0	0	0	0	0	0	0	0	0.377	0	0	0	0	0	0	0	0	0	0	0	0	0
"c163350_g1_i1"	0	0	0	0	0	0	0	0	0	0	0	0	0	0	0	0	0	4.871	7.14	0	0	0	0	0	0	0	0	0	0	0	0	0	0	0	0	0	0
"c176973_g1_i1"	0	0	5.716	0	0	0	0	0	0	0	0	0	0	0	0	0	0	0	0	0	0	0	0	0	0	0	0	0	0	0	0	0	0	0	4.924	0	0
"c91997_g2_i2"	0.082	0	0	0	0	0.204	0.592	0.635	0	0.201	0.597	0.585	0.487	0	0.356	0	0	0	0.497	0.692	0	0.683	0.184	0.431	0.222	0.211	0	1.118	0.205	0	0.402	0.45	0	0.384	0.223	0	0.201
"c83844_g1_i1"	0.844	0.449	1.57	0.488	0.135	1.51	0.535	0.71	0.996	0.813	1.365	0.528	0.321	0.691	0.478	0.141	0.261	0.169	1.005	0.473	0.384	0.806	0	0.593	0.445	0.547	0.774	0.302	1.675	0	0	0.612	0.286	0.394	1.362	0.722	0.676
"c156634_g1_i1"	0	0	0	0	0.329	0	0	0	0	0	0	0	0	0	0.291	0	0	0	0.404	0.28	0	0	0.313	0	0	0	0	0	0	0	0	0	0	0	0	0	0
"c139833_g1_i1"	0.057	0	0.034	0.062	0.068	0.102	0	0.075	0	0.03	0.066	0	0	0.047	0.032	0.104	0	0	0.046	0.026	0.098	0	0	0.043	0.071	0.029	0.044	0.151	0.032	0.03	0.074	0.035	0.178	0.099	0.078	0.061	0.032
"c141879_g1_i6"	0.91	1.327	0.61	0.949	0.522	0.459	0.678	1.258	1.282	0.381	1.45	0.896	1.085	0.96	0.866	0.829	0.87	1.026	1.121	0.92	0.865	0.902	0.903	1.013	1.081	0.969	1.305	0.916	0.627	0.731	0.858	1.559	0.79	0.966	0.424	1.6	1.225
"c109503_g1_i1"	0	0.567	0	0.311	0.687	0.173	0	0	0	0	0.171	0.34	0.21	0.222	0	0	0.339	0	0.208	0	0	0	0.166	0	0	0	0	0.191	0.173	0.326	0	0	0	0.168	0.19	0.156	0.348
"c104560_g1_i1"	0.336	0.449	0	0	0	0	0	0	0.424	0	0.408	0	0	0	0.364	0	0.409	0.519	0.994	0	0.767	0	0	0	0	0	0	0	0	0	0	0	0	0	0	0	0.391
"c49411_g1_i1"	0	0	0.633	0.461	0.542	2.244	0	0	0	0.552	0	0	0	0	0	0	0	0	0	0.885	1.003	0	0	0	0	0	0	0	0.54	0	0.508	0	0	0	1.206	0	0
"c144770_g1_i2"	1.943	4.034	5.614	3.549	3.695	3.723	4.519	6.099	6.028	3.993	2.806	2.331	4.031	4.191	2.38	3.638	2.843	3.992	4.147	2.067	4.17	2.102	2.386	4.699	4.011	4.251	5.719	3.504	5.76	3.259	5.505	4.84	3.327	4.355	6.008	3.469	4.857
"c135696_g1_i1"	0.656	0.342	0.802	1.02	0.619	0.694	0.631	0.194	0.201	0.502	0.379	0.557	0.753	0.316	0.664	0.255	0.417	0.462	0.393	0.718	0.118	0.596	0.811	0.841	0.273	0.557	0.509	0.483	0.778	0.79	0.392	0.728	0.326	0.493	0.212	0.278	0.834
"c23831_g1_i1"	13.864	15.688	12.539	15.286	9.451	11.037	11.255	9.196	11.42	11.096	10.075	14.522	9.635	12.422	13.372	11.604	13.704	18.302	14.649	19.523	8.388	11.212	11.45	11.617	13.518	12.628	14.778	13.895	12.493	15.092	13.456	11.008	11.503	12.513	8.632	8.32	11.066
"c132574_g2_i2"	7.141	11.847	7.094	6.814	8.852	6.467	4.988	7.174	6.314	5.919	5.706	7.577	9.857	13.358	8.548	11.538	8.382	12.382	11.368	7.016	10.965	8.891	8.963	9.634	12.518	10.594	11.305	9.364	7.716	6.944	6.077	9.529	9.222	7.863	8.487	8.398	7.93
"c143709_g8_i2"	0.205	0.086	0.565	0.222	0.88	0.326	0.564	0.506	0.35	0.572	0.332	0.16	0.388	0.515	0.72	0.33	0.235	0.101	0.705	0.569	0.698	0.42	0.074	0.453	0.182	0	0.277	1.077	0.584	0.079	0.498	0.462	1.017	0.64	0.089	0.07	0.243
"c86365_g1_i1"	0	0	0	0	0	0	0	1.463	0	0	0	0	0	0	0	0	0	0	0	0	1.17	1.086	0	0	0	0	0	0	0	0	0	0	0	0	0	0	0
"c143886_g1_i1"	0.418	0.706	0.847	0.905	0.542	0	0.363	0.473	0.869	1.013	0.739	0.812	0.764	0.585	0.162	0.462	0.443	0.338	0.231	0.876	0.433	0.079	0.166	0.205	0.303	0.729	0.841	0.403	0	0.178	0.466	0.843	0.188	0.089	0.301	0.243	0.19
"c131051_g1_i1"	11.921	19.188	13.714	11.072	13.863	10.098	7.5	12.316	12.617	10.013	10.966	14.579	15.937	17.749	15.735	16.392	16.947	19.711	15.943	11.605	18.212	13.796	16.839	15.82	19.661	16.898	19.999	14.872	14.816	13.206	9.941	13.133	14.83	12.011	17.375	14.744	13.262
"c1052_g1_i1"	0	0.3	0	0	0.281	0.286	0	0	0	0	0.55	0.274	0	0	0	0	0.27	0	0	0	0.266	0	0	0	0	0.297	0	0	0	0.267	0	0	0.898	0	0	0	0.275
"c104541_g1_i1"	0	1.017	1.107	0	0.948	1.979	0	0	0	0	0	0	0	0	0	0	0	0	0	0	0.836	0	0	0	0	0	0	0	0.897	0	0	0.913	0	0	0	0	0
"c110718_g1_i1"	0	0.054	0.056	0.044	0.048	0	0.306	0	0	0.15	0.209	0	0.188	0.07	0.049	0	0.148	0.124	0.127	0.131	0.246	0.044	0.092	0.172	0.061	0	0	0	0	0.099	0.053	0.116	0	0.049	0	0.139	0.158
"c181424_g1_i1"	0	0	0	0	0	0	0	0	0	0	4.644	0	0	0	0	0	0	0	0	0	0	0	0	0	0	0	0	0	0	0	0	1.478	0	0	0	0	0
"c146202_g5_i1"	1.902	0.835	0.633	1.668	0.435	0.989	2.389	1.14	2.087	0.773	2.862	1.727	1.052	1.112	2.315	0.443	1.052	1.083	1.213	0.569	1.151	1.305	1.621	1.088	1.091	0.547	0.498	0.846	1.47	2.519	0.9	0.624	0.81	0.956	1.217	0.487	0.327
"c137842_g2_i1"	2.099	4.109	2.79	4.463	4.082	3.142	3.984	3.947	1.759	2.067	8.113	3.623	2.913	4.73	1.214	1.772	0	1.286	4.147	4.309	1.278	2.873	0.645	2.867	1.879	2.629	3.783	1.53	3.804	5.442	3.007	2.61	0.741	3.478	3.417	1.808	5.279
"c158108_g1_i1"	0	0	0	0.311	0	0	0	0	0.36	0	0.692	0.34	0	0.445	0	0	0	0	0.427	0	0	0	0.332	0	0	0.393	0.387	0	0	0	0.339	0	0	0	0	0	0
"c11520_g1_i1"	0	0	0	0	0	0	0	0	0	0	0	0	0	0	0	0	0	0	0	0	0	0	0	0	0	0	0	0	0	0	0	0	0	0	0	0	0
"c144579_g7_i2"	1	0.813	1.299	0.994	0.551	0.571	0.736	1.366	0.975	1.495	0.749	0.915	0.676	1.897	0.656	1.141	1.443	2.548	0.462	1.445	1.062	0.631	0.525	1.218	0.616	0.96	0.841	0.624	1.524	0.889	1.313	0.843	1.985	1.251	0.826	0.826	0.929
"c110354_g1_i1"	0.123	0.086	0.429	0.133	0.213	0.439	0.44	0.075	0.074	0.221	0.445	0.217	0.089	0.094	0	0	0.278	0.09	0	0.324	0.069	0.184	0.138	0.162	0	0.365	0	0	0	0.207	0.074	0.427	0.158	0.365	0.078	0	0.222
"c161091_g1_i1"	0	0	0	0	0	4.192	0	0	0	0	0	0	0	0	0	0	0	0	0	0	0	0	0	0	0	0	5.575	0	0	0	0	0	0	0	0	0	0
"c132866_g1_i1"	0.156	0.086	0	0.399	0.435	0.224	0.44	0.075	0.466	0.15	0.227	0.368	0.443	0	0.13	0.075	0.07	0	0.277	0.517	0.069	0.123	0.203	0.086	0.323	0.509	0.166	0.081	0.227	0.217	0.148	0.081	0.158	0.148	0.246	0.061	0.074
"c139963_g3_i2"	2.271	2.408	1.276	2.085	3.366	1.459	1.242	1.818	2.426	1.916	1.687	2.321	1.816	2.224	2.687	2.517	2.843	2.402	2.103	2.838	2.547	2.584	2.635	2.425	2.506	2.831	2.301	3.071	2.021	2.124	1.323	2.426	3.021	2.178	1.854	1.913	2.133
"c164636_g1_i1"	0	0	0.746	0	0	0	0	0	0.636	0	0	0	0	0	0	0	0	0	0.762	0	0	0	0	0	0.697	0	0	0	0	0	0	0.658	0.721	0.552	0	0.556	0
"c111242_g1_i1"	0.426	0.621	0.136	0.612	0.222	0.571	0.783	0.237	0.837	0.572	0.682	1	0.266	0.433	0.502	0.801	0	0.699	0.416	0.981	0.541	0.385	0.626	0.129	0.374	0.912	0	0.997	0.465	0.543	0.815	0.127	0.592	0.335	0.502	0.4	0.908
"c138721_g6_i1"	0.164	0.054	0.147	0.071	0.048	0.306	0.306	0.075	0.159	0.381	0.692	0.198	0.177	0.094	0.308	0.198	0.383	0.586	0.092	0.219	0.049	0.307	0.046	0.194	0.061	0.317	0.033	0.05	0.184	0.049	0.021	0.092	0.03	0.03	0.112	0.443	0.232
"c128769_g1_i1"	1.697	9.503	3.4	1.26	9.161	3.305	3.373	4.776	3.846	2.588	3.659	9.681	14.863	12.539	3.1	7.456	3.609	8.401	9.381	2.847	2.232	1.603	1.842	3.362	8.79	1.881	4.425	10.089	3.264	3.487	3.949	3.615	16.282	4.897	3.395	4.973	4.245
"c145996_g2_i1"	0.098	0.407	0	0.106	0.126	0	0	0	0.127	0.251	0	0.849	0.144	0.152	0	0.123	0	0.158	0.15	0.21	0	0	0	0.14	0.131	0.249	0.277	0.141	0	0	0.381	0	0	0.118	0.279	0.435	0
"c180480_g1_i1"	1.336	0	4.134	2.564	3.531	1.897	0	0	0	1.816	9.298	2.944	0	2.025	1.578	0	0	2.368	1.929	4.861	0	2.689	1.935	1.401	0	0	1.604	4.259	1.556	0	0	2.969	0	1.241	7.47	0	4.023
"c141001_g2_i1"	0	0	0	0	0.377	0	0	0	0	0	0	0	0.919	0	0	0	0	0	0	0	0	0	0	0	0	0	0	0	0	0	0	0	0	0	0	0	0
"c138721_g3_i2"	0	0	0.474	0.728	0.406	0	0.201	0	0	0	0	0.198	0	0	0.55	0	0	0	0	0	0	0.175	0	0.442	0	0	0	0	0	0.395	0	0	0	0	0.234	0	0.201
"c86873_g1_i1"	0	1.017	0	0	0	0	0	0	0	0	0	0	0	0	0	0	0	0	0	0	0	0	0	0	0	0.537	0.509	1.047	0	0	0	0	0.513	0	0	0	0
"c170355_g1_i1"	0.672	0	0	0	0	0	0	0	1.547	0	0	0	0	0	0	0	0	0	0	0	0	0	0	0	0	0	0	0	0	0	0	0	0	0	1.865	0	0
"c164830_g1_i1"	0	0	0	0	0	0	0	0	0	0	0	0	0	0	0.283	0.33	0	0	0	0	0	0	0	0	0.354	0	0	0.352	0	0	0.625	0.347	0.346	0	0	0	0
"c107740_g1_i1"	0.139	0	0.124	0.098	0	0	0	0	0.117	0	0	0.113	0	0.14	0.097	0	0	0.271	0	0.096	0.207	0	0.101	0.119	0	0.221	0	0.121	0.119	0	0.222	0	0	0	0.123	0	0
"c30142_g1_i2"	0	0	0	0	0	0	0	0	0	0	0	0	0	0	0	0	0	0	0	0	0	0	0	0	0	0	1.361	0	0	0	0	0	0	0	0	0	0
"c29351_g1_i1"	0	0	0	0	0	0	0	0	0	0	0.246	0	0	0	0	0	0	0	0	0	0	0	0	0	0	0	0	0	0.756	0	0	0.277	0	0	0	0	0
"c64255_g1_i1"	0.107	0	0.305	0.231	0	0.275	0	0	0	0.271	0	0	0	0	0	0	0	0	0.323	0	0	0	0	0	0	0	0	0.302	0	0	0	0	0	0	0	0	0
"c1205_g1_i1"	0	0	0	0	0.261	0	0	0	0	0	0	0	0	0	0.461	0	0	0.327	0	0.219	0	0.885	0	0	0	0	0	0	0.27	0	0	0	0	0	0	0	0
"c122372_g1_i1"	0.525	0	0.147	0.346	0.755	0.255	0.124	0	0.138	0.13	0.133	1.5	0	0	0.113	0.132	1.226	0.631	0	0.114	0	0.438	0.359	0.14	0	0.643	0.144	0.705	0	0.484	0	0.289	0.81	0.493	0	0.452	0
"c145990_g1_i1"	0.803	1.092	1.74	0.798	1.18	1.204	1.127	1.258	1.557	1.114	0.483	1.264	1.661	1.44	0.947	1.734	1.304	1.455	1.19	0.998	1.809	0.674	0.884	1.724	1.384	1.9	3.606	1.228	2.053	1.086	0.974	1.224	0.968	1.173	2.032	1.443	1.088
"c150515_g1_i1"	0	0	0	0	0	0	0	0	0	0	0	0	0	0	0	0	0	0	0	0.911	0	0	0	0	0	0	0	0	0	0	0	2.264	0	0	0	0	0
"c144775_g3_i1"	0.221	0.867	0.531	1.659	0.068	0.989	0.717	0.893	0.837	0.592	1.128	1.887	1.019	0.761	0.348	0.66	0.374	0	0.647	0.114	0.57	1.235	0.424	0.582	1.091	0.192	0.232	0.654	1.502	0.573	0.339	0.231	0.622	0.581	0.949	0.409	0.866
"c133931_g12_i1"	1.271	0.856	0.926	0	0	0	0	0	0.773	0.813	3.024	0.727	1.994	1.943	0	0	1.626	0	0	0	0	0.648	0	0.754	0	0	0	2.739	0	0	0.709	0.797	0	1.34	0.871	0	0
"c170715_g1_i1"	4.026	0	0	0	0	0	4.386	1.398	0	3.381	0	5.577	0	4.929	0	0	0	0	0	0	0	0	0	0	6.527	2.533	0	0	4.56	2.41	0.614	2.726	0	2.877	0	1.156	0
"c149214_g1_i1"	0	0	0	0	0	0	0	0	0	0	1.081	0	0	0	0	0	0	0	0	0	0	0	0	0	0	0	0	0	0.551	0.257	0	0.901	0	0	0	0	0
"c136806_g4_i2"	0.599	0.803	0	0	0	0	0.697	0.785	0	0	0	0.689	0	0	0.664	0	0	0	0	0	0	1.218	0.737	0	0	2.936	0	0	0.724	0.662	1.345	0	0	0	0.815	0.643	0
"c31031_g1_i1"	0	0	0	0	0	0.388	0	0.204	0	0	0.19	0.368	0.687	0.48	0.17	0	0.557	0	0	0.324	0.541	0	0	0.205	0	0	0.431	0	0.389	0.178	0	0	0.207	0.177	0	0	0.57
"c115867_g1_i1"	0.172	0.225	0.237	0	0.203	0	0	0	0	0.622	0	0.198	0.255	0	0	0	0.2	0	0.254	0.359	0	0.35	0	0	0	0	0	0	0.421	0	0	0	0	0	0.692	0	0.201
"c23777_g1_i1"	0	0	0	0	1.016	0.52	0	0	0	0.512	0	0	0	0	0	0	0	0	0	0	0	0	0	0.517	0	0	0	0	0	0	0	0	0	0	0	0	0
"c170824_g1_i1"	0	0	0	0	0	0	0	0	0	0	0	0	0	0	0	0	0	0	0	0	0	0	0	0	0	0	0	0	0	0	0	0	0	0	0	0	0
"c3217_g1_i1"	0	0	0	0	0	0	0	0	0	0	0	0	0	0	0	0	0	0	0	0	0	0	0	0	0	0	0	0	0	0	0	0	0	0	0	0	0
"c133317_g1_i1"	53.063	65.675	77.109	42.993	51.465	51.614	34.406	40.045	57.366	47.656	44.387	48.832	59.485	66.23	62.108	67.595	68.981	75.09	64.661	55.697	73.714	59.441	61.434	79.66	70.804	77.698	84.465	55.692	83.266	53.435	47.449	59.047	54.275	51.038	72.381	49.823	67.059
"c108494_g2_i1"	0.828	0.824	0.87	0.665	0.745	0.765	0.984	1.054	0.784	0.251	1.498	0.727	0.609	0.632	0	1.291	0.487	3.124	1.225	0.639	0.708	0.639	0.24	0.269	0.556	0.269	1.405	1.4	0.767	0.474	0.254	1.398	0.81	0	1.117	0.887	1.478
"c118470_g1_i1"	0	0	0	0	0	0	0	0	0	0	0	0	0	0	0.227	0	0	0	0	0	0	0	0	0.269	0	0	0	0	0	0	0	0.277	0	0	0	0	0.243
"c2210_g1_i1"	0	0	0	0.452	0.532	0	0	0	1.081	0	0	0	0	0	0	0	0	0	0	0	0	0.447	0	0	0	0	0	0	1.07	0	0	0	0	0	0	0	0
"c147464_g2_i4"	0.73	0.3	0.249	0.461	0.319	0.133	0.363	0.516	0.318	0.341	0.758	0.783	0.609	0.492	0.243	0.66	0.53	0.293	0.508	0.473	0.413	0.622	0.387	0.55	0.374	0.326	0.343	0.302	0.335	0.326	0.222	0.578	0.267	0.483	0.614	0.643	0.18
"c139523_g2_i1"	0.5	0.813	1.175	0.745	0.551	0.928	0.64	0.774	0.784	1.023	0.37	0.821	1.551	1.3	1.384	0.839	1.07	1.601	1.594	0.963	1.151	0.71	1.28	1.229	0.818	0.739	1.703	0.916	0.573	0.533	0.762	1.594	1.066	0.719	1.239	1.148	0.845
"c133736_g1_i3"	0	0	0	0	0	0	0.382	0	0	0	0	0	0	0	0	0	0.783	0	0	0.657	0.364	0	0	0	0	0	0	0	0	0.365	0	0.427	0.434	0.729	0	0.348	0
"c116309_g1_i1"	0.435	0.824	0.169	0.408	1.412	2.571	3.669	1.807	0.636	1.053	2.654	2.529	1.351	0.386	0.996	0.377	1.078	0.834	0.462	1.445	0.148	0.385	0.626	0.086	0.253	1.19	0.177	0.745	0.929	0.504	3.176	1.04	0.474	1.182	1.675	0.53	1.066
"c53389_g1_i1"	0	0	0	0	0	0	0	0	0	0	0	1.812	0	0	0	0	0	0	0	0	0	0	0	0	0	0	0	0	0	0	0	0	0	0	0	0	0.866
"c67759_g1_i1"	0	0	0	0.355	0	0	0	0	0	0	0	0	0	0	0	0	0	0	0	0	0	0	0	0	0	0	0	0	0.832	0	0	0	0	0	0	0	0
"c94654_g1_i1"	0	0	0	0	0	0	0	1.603	0	0	0	0	0	0	0	0	0	0	0	0	0	0	0	0	0	0	0	0	0	1.254	1.196	0	0	0	0	0	0
"c121963_g1_i1"	0.492	0.257	0.136	0	0	0.235	0	0.247	0	0.833	0.237	0.349	0	0.457	0.21	0.123	0.226	0.147	0.439	0.105	0.344	0.307	0.553	0.388	0.263	0.72	0	0	0.367	0.227	0.243	0	0	0	0.268	0.417	0.475
"c115601_g1_i1"	0.033	0	0.102	0	0.087	0.428	0	0	0	0.08	0	0	0.1	0	0.073	0	0.078	0	0.104	0	0.157	0.07	0.074	0	0	0.249	0	0.091	0.086	0.405	0	0	0.444	0	0.089	0	0.084
"c139584_g1_i1"	4.37	5.522	4.496	4.658	4.411	3.723	3.927	5.12	4.492	4.585	4.199	4.737	4.031	5.479	4.727	4.704	5.704	5.83	4.979	4.265	5.035	5.729	5.149	5.087	4.829	4.999	4.834	5.417	4.474	5.502	4.499	5.406	5.756	5.577	3.73	4.825	4.868
"c125115_g1_i2"	0.213	1.712	0.61	0.923	0.774	0	0.764	0.817	0.54	0	1.299	0	0.31	0.995	0.923	0	0.513	0	1.594	0	0.246	0.666	0.737	0	1.718	0.835	0.874	1.158	0	1.235	0.254	0.289	0.563	0.493	0	0.226	0
"c146559_g7_i1"	4.87	4.077	4.112	8.295	3.425	4.845	3.191	1.764	6.282	2.96	7.583	3.416	3.334	2.693	4.322	5.354	3.565	2.921	2.923	4.274	2.989	4.257	4.68	4.041	3.445	2.428	4.469	4.652	4.895	3.98	1.906	2.818	7.701	3.557	3.763	5.825	5.216
"c182999_g1_i1"	0.549	0	0	0	0	0	0	0	0	0.692	0	0	0.853	0	0.607	0	0	0	0	0	0	0	0	0	0	0	0	0	0	0	0	0	0	0	0	0	0
"c182911_g1_i1"	0	0	0	0	0	0	0	0	0	0	0.474	0	0	0	0	0	0	0	0	0	0	0	0	0	0	0	0	0	0	0	0.455	0	0.533	0	0	0	0
"c145958_g4_i3"	0.32	0.225	0.237	0.293	0.319	0.408	0.239	0.172	0.085	0	0.445	0.321	0	0.105	0.316	0.283	0.191	0.045	0.404	0.464	0.039	0.105	0.037	0.14	0.182	0.077	0.088	0.091	0.086	0.277	0.127	0	0.583	0.039	0.045	0.217	0
"c129368_g3_i1"	1.771	1.584	1.502	2.804	1.142	1.163	1.08	0.678	1.303	1.515	1.024	0.642	0.598	1.101	4.201	1.527	1.73	1.421	1.155	2.523	1.239	3.022	1.935	1.606	1.677	1.142	0.498	1.591	0.519	1.738	1.493	1.328	1.817	1.202	0.804	2.869	1.32
"c146001_g1_i1"	4.313	3.296	4.101	3.052	3.705	3.662	4.749	3.463	3.295	3.833	3.753	4.114	4.065	3.208	3.772	3.035	3.661	3.056	4.263	3.889	3.402	3.837	3.206	3.319	2.93	3.445	3.993	3.564	3.577	3.753	4.362	3.835	3.505	3.882	4.076	3.869	3.537
"c142739_g1_i4"	2.246	1.916	3.536	2.466	2.138	2.509	3.249	2.807	1.812	3.853	1.687	2.67	1.85	1.627	2.121	1.659	2.461	1.838	2.334	2.461	2.399	3.329	1.759	1.907	1.718	1.746	3.053	2.004	2.907	1.659	1.302	2.876	2.824	2.227	1.731	2.356	1.953
"c95766_g1_i1"	0	0	0	0	0	0	0	0	0	0	0	0	0	0	0	0	0	0	0	0	0	0	0	0	0	0	0	0	0	0	0	0	0	0	0	0	0
"c84716_g1_i1"	0	0	0	0	0	0.306	0	0	0	0	0	0	0	0	0.267	0	0	0	0	0	0.285	0	0	0.636	0	0	0	0	0	0	0	0	0.326	0.562	0	0	0
"c144256_g2_i1"	0.074	0.235	0.418	0	0.252	0.184	0.105	0.452	0.191	0.07	0.114	0.217	0.343	0.328	0.283	0.179	0.035	0.44	0.358	0.096	0.315	0	0.267	0.647	0.364	0.844	0.752	0.121	0.486	0.346	0.074	0.046	0.148	0.148	0.726	0.156	0.253
"c178448_g1_i1"	0	0	0	0	0	0	0	0	3.644	0	0	0	0	0	0	14.497	0	0	0	0	0	0	0	0	0	0	0	0	0	0	0	0	0	0	0	0	0
"c133164_g2_i1"	2.402	2.344	2.508	3.655	3.212	0	1.538	1.699	2.172	4.906	3.659	4.058	6.623	4.016	3.829	2.291	2.687	4.093	3.223	4.835	1.485	3.127	0.525	5.949	2.94	2.581	1.161	6.706	3.199	1.975	4.044	6.203	4.206	3.823	1.184	0	2.502
"c117906_g1_i2"	0.213	0	0.395	0.151	0.339	0	0.506	0.183	0.18	0.171	0	0.17	0.21	0	0.154	0	0	0	0	0.149	0	0.149	0	0.377	0.192	0.173	0	0.383	0	0.326	0.349	0.196	0	0	0	0	0
"c147518_g1_i1"	1.377	3.992	0	2.369	0	0	0	4.227	0	0	0	0	0	0	0	0	4.73	0	0	4.406	0	0	0	0	0	0	0	0	2.993	2.677	0	0	0	2.109	0	3.06	4.656
"c118415_g1_i1"	0	0.235	0.249	0	0	0	0	0.226	0	0.431	0	0.83	0.509	0.539	0.753	0.217	0	0.259	0	0.184	0.197	0.184	0.599	0.226	0.232	0.441	0	0	0.648	0.405	0	0.716	0.681	0.207	0.234	0.374	0
"c173002_g1_i1"	0.107	0.289	0.305	0	0.261	0.265	0	0.549	0	0	0.265	0.764	0	0.328	0	0.273	0	0.654	0	0.228	0	0	0.497	0.28	0.293	0	0.299	0	0	0	0	0.289	0	0	0	0.235	0.253
"c105085_g1_i2"	0	0	0	0.825	0	0	0	0	0	0	0	0	0	0	0	0	0	0	0	0	0	0	1.05	0	0	0	0	1.198	0	0	0	0	0	0	0	0	0
"c130701_g1_i1"	0.164	0.268	0.373	0.364	0.716	0.163	0.554	0.172	0.254	0.241	0.569	0.396	0.1	0.304	0.283	0.405	0.304	0.891	0.196	1.051	0.157	0.14	0.221	0.356	0.263	0.24	0.277	0.705	0.497	0.928	0.243	1.016	0.336	0.552	0.536	0.139	0.57
"c18543_g1_i1"	0	0	0	0	0	0	0	0	0.403	0	0	0	0	0	0	0	0	0	0	0	0	0	0.746	0	0	0	0	0	0	0	0	0	0	0	0	0	0.75
"c137403_g3_i2"	0.328	0.161	0.034	0	0.174	0.296	0.373	0.355	0.117	0.341	0.427	0.264	0.188	0.035	0.194	0.264	0.13	0.135	0.092	0.061	0.02	0.175	0.064	0.162	0.131	0.01	0.088	0.161	0.076	0.138	0.286	0.046	0.188	0.069	0.29	0.148	0
"c142870_g2_i1"	0.254	0.899	0.554	0.745	0.871	0.857	0.612	0.387	0.911	0.682	0.209	0.84	0.487	0.48	0.267	0.575	0.583	0.169	0.462	0.631	0.521	0.499	0.875	0.463	0.98	1.324	0.951	0.564	0.854	0.79	0.561	0.797	0.642	0.503	0.871	0.539	0.908
"c64133_g1_i1"	0.615	0	0	0	0	0	0	0	1.928	0	0	0	0.919	0.468	0	0	0	0	0	0	0	0.946	0.719	0.388	0	0	0.83	0	0	0	0	1.224	0.82	0	0	4.625	0
"c137361_g1_i1"	96.484	6.999	8.145	7.035	9.016	17.994	9.851	12.133	5.848	5.638	12.957	27.695	19.836	21.484	15.023	21.671	20.756	22.824	22.389	8.4	20.73	22.538	22.836	26.413	45.748	57	64.145	48.261	3.415	1.156	8.723	14.843	15.857	3.242	4.455	6.616	3.252
"c147363_g4_i1"	0.082	0	0	0	0	0.388	0.191	0.398	0	0.191	0.569	0.557	0.233	0	0	0	0.183	0.237	0.231	0	0.177	0	0	0	0	0	0.863	0	0	0	0	0.208	0.197	0.177	0	0	0
"c110515_g1_i1"	0.172	0.449	0	0.364	0	0	0.411	0.215	0.434	0	0	0.406	0	0	0	0	0	0	0	0.175	0.197	0.175	0.58	0.453	0	0.432	0.465	0.685	0.216	0	0.212	0	0	0.197	0.234	0.183	0
"c136794_g2_i1"	0	0	0.147	0	0.377	0	0.248	0	0	0	0	0	0	0.328	0	0.255	0.243	0.316	0.312	0.114	0.118	0	0.12	0	0.283	0	0	0	0	0.119	0	0.15	0	0.128	0	0.113	0
"c66733_g1_i2"	0	0	0	0.958	0	0	0	0	0	0	0	0	0	0	0	0	0	0	0	0	0	0.464	0	0	0	0.681	0	0	0	0	0	0	0	0	0	0	0
"c139729_g1_i2"	2.435	2.558	1.74	1.721	1.78	2.438	1.261	1.807	1.78	1.866	2.294	1.878	2.215	1.744	1.732	1.235	1.878	1.556	2.103	3.013	2.301	1.454	1.741	1.272	1.394	1.814	0.929	2.014	1.934	2.025	1.249	1.236	1.906	1.419	1.708	1.739	1.531
"c122335_g2_i2"	0.18	0	0.52	0	0	0	0	0	0	0	0	0	0	0	0	0	0	0	0	0.744	0	0	0	0	0	0	0	0.503	0	0	0.423	0.959	0	0	0	0	0
"c127836_g1_i1"	6.78	7.684	7.625	6.991	6.046	6.742	6.879	5.873	5.223	6.521	7.232	5.681	5.117	8.804	6.556	6.41	7.4	7.037	7.255	5.702	7.238	6.832	5.684	8.406	6.901	6.947	7.201	6.897	6.906	5.571	5.325	5.96	7.366	5.695	7.906	8.198	6.378
"c163470_g1_i1"	0.082	0	0	0	0	0	0.201	0	0	0	0	0	0	0	0	0	0.191	0	0	0	0	0	0	0.216	0	0	0	0.222	0.205	0.188	0	0	0	0.384	0	0.174	0
"c136020_g1_i2"	2.345	2.076	2.067	2.608	2.776	2.02	2.045	1.226	1.335	1.294	2.152	2.255	2.215	1.452	2.606	2.922	2.609	2.052	2.299	2.032	2.291	2.435	2.754	1.487	1.97	2.696	1.803	3.041	1.459	1.719	2.043	2.068	2.133	2.099	1.485	1.843	2.439
"c65795_g1_i2"	0	0	0	0	0	0	0	0	0	0	0	0.33	0	0	0	0	0.339	0	0	0	0	0	0	0	0	0	0	0.383	0	0	0	0	0	0	0	0	0
"c36154_g1_i1"	0	0	0	0	0	0	0	0	0	0	0	0	0	0	0	0	0	0	0	0	0	0	0	0	0	0	0	0	0	0	0	0	0	0	0	0	0
"c177575_g1_i1"	0	0	0	0	0	0	0	0	0	0	0	0	0	0	0	0	0	0	0	5.01	0	0	0	0	0	0	0	0	0	0	0	0	0	0	0	0	0
"c107385_g1_i2"	0	0	0	0	0	0	0	0	0.54	0	0	0	0	0	0	0	0	0.677	0	0	0	0	0	0	0	0	0	0	0	0.484	0	0	0	0	0	0	0
"c36679_g1_i1"	0.049	0.257	0	0	0	0	0	0	0	0.12	0	0	0	0.293	0	0	0	0.147	0	0	0	0	0	0	0.131	0	0	0	0	0	0.116	0	0	0	0	0	0
"c140361_g2_i5"	0.328	0.867	0.407	0.506	0.871	0.592	0.382	0.463	0.466	0.582	0.682	0.642	0.62	0.632	0.72	0.471	0.417	0.722	0.866	0.464	0.669	0.324	0.378	0.884	0.677	1.075	0.675	0.735	0.27	0.257	0.551	0.647	0.701	0.69	0.458	0.565	0.443
"c134430_g1_i1"	4.116	13.302	12.2	2.981	7.952	3.621	1.596	3.388	6.399	3.833	4.72	2.51	10.632	5.69	2.234	3.026	2.678	3.225	5.996	10.379	6.687	3.311	6.006	5.13	2.455	3.253	5.287	4.44	6.873	5.452	7.464	12.579	5.648	5.222	10.016	2.008	7.93
"c180906_g1_i1"	0	0	0	0	0	0	0	0	0	0	0	0	0	0	0	0	0	0	0	0	0	0	0	0	0	0	0	0	0	0	0	0	0	0	0	0	0
"c113596_g1_i1"	0.23	3.071	0	0.479	1.122	1.744	0.535	0.592	0	0	3.289	1.066	0.698	4.215	0	0	1.13	0	0	0.455	0	0.464	0.553	0	0	0	0.608	0	0	1.551	0	0	1.264	0	0.625	1.973	0.528
"c171129_g1_i1"	0	0	0	0	0	0	0	0	0	0	0	0	0	0	0	0	0	0	0	0	0	0	0	0	0	0	7.909	0	0	0	0	0	0	0	0	0	3.02
"c143279_g5_i6"	1.156	0.321	0.09	0.266	0.406	0.112	0.449	0.506	0.392	0.15	0.19	0.481	0.133	0.328	0.194	0.292	0.783	0.135	0.185	0.228	0.57	0.254	1.188	0.711	0.414	0.326	0.177	0.242	0.346	0.435	0.381	0.127	0.197	0.069	0.078	0.756	0.19
"c116029_g1_i1"	0.115	0	0	0	0	0	0	0	0	0	0	0	0	0	0	0	0	0.688	0	0	0	0	0	0	0	0	0	0	0	0	0	0	0	0	0	0	0
"c162926_g1_i1"	0.426	0	0	0	0	0	0	0	0	0	1.005	0	0	0	0	0	1.13	0	0	0	0	0	0	0	0	0	0	0	0	0	0	0	0	0	0	0	0
"c149233_g1_i1"	0	0	0	0	0	0	0	0	0	0	0.654	0	0	0	0	0	0	0	0	0	0	0	0	0	0	0	0	0	0.659	0	0	0.693	0	0	0	0	0
"c156333_g1_i1"	0	0	0	0.976	0	0	0	0	0	0	0	0	0	0	0	0	0	0	1.433	0	0	0	0	0	0	0	0	0	1.167	0	0	1.155	0	0	0	0	0
"c143345_g1_i1"	4.436	3.36	2.824	1.473	3.724	3.009	3.803	2.969	2.913	2.92	4.938	3.406	3.777	3.782	4.913	3.214	4.556	3.135	3.755	3.083	3.117	4.494	3.869	2.823	4.405	3.387	2.433	4.34	2.723	4	3.716	2.229	4.887	2.552	4.087	4.286	2.714
"c29562_g1_i1"	0	0	0	0	0	0	0	0	0.265	0.512	0	0	0	0	0	0	0.496	0	0	0	0	0	0	0	0	0	0	0	0.519	0.237	0	0	0	0	0.279	0	0
"c84285_g1_i1"	0	0	0.587	0	0	0	0	0	0	0	0	0	0.62	0	0	0	0	0	0	0.823	0	0	0	0	0	0	0	0	0	0	0	0	0	0	0	0	0
"c69015_g1_i1"	0.107	0	0.305	0	0	0.133	0	0	0	0	0.133	0	0.155	0	0	0.405	0	0	0	0	0.128	0.114	0	0.291	0.152	0.403	0.155	0	0	0	0	0.15	0	0	0	0	0
"c173896_g1_i1"	0	0	0	0.222	0	0	0	0	0	0	0	0	0	0	0	0	0	0	0	0	0	0	0	0	0	0	0	0	0	0.237	0	0.277	0	0.236	0	0	0
"c78660_g1_i2"	0	0	0	0	0	0	0	0	0	0	0	0	0	0	0	0	0	0	0	0	0	0	0	0	0	0	0	0	0	0	0	0	0	0	0	0	0
"c172863_g1_i1"	0	0	0	0	1.142	0	0	0	0	0	0	0	0	0	0	0	0	0	0	0	0	0	0	0	0	0	0	0	0	0	0	0	0	0	0	0	0
"c144893_g2_i1"	2.23	2.247	2.576	2.599	1.848	2.091	1.319	1.893	2.331	2.047	1.583	2.302	1.794	1.955	2.428	1.734	3.191	2.943	3.235	4.003	3.009	3.101	2.496	2.576	2.496	2.677	3.23	1.903	1.848	1.324	2.075	2.518	2.222	1.537	2.043	1.843	2.766
"c121068_g1_i1"	0.082	0.225	0	0	0.097	0	0.105	0	0	0	0	0	0	0.258	0.267	0	0	0.248	0	0	0.197	0.088	0	0	0	0.106	0	0.222	0.108	0.099	0.106	0	0.109	0	0	0.087	0.106
"c174233_g1_i1"	0	0	0	0	0	0	0	0	0	0	0.682	0	0	0	0	0	0	0	0	0	0	0	0	0	0	0	0	0	0.692	0	0	0.716	0	0	0	0	0
"c64880_g1_i1"	0	0	0	0	0	0	0	0	0	0	0	0	0	1.393	0	0	0	0	0	0	0	0	0	0	0	0	0	0	0	0	0	0	0	0	0	0	0
"c117642_g1_i2"	0.123	0	0	0	0	0	0.067	0	0	0	0.076	0.075	0	0.094	0	0	0	0.18	0	0.061	0.069	0.123	0	0	0	0	0	0	0	0.069	0	0.081	0	0	0	0.061	0
"c128180_g1_i3"	6.69	0.76	5.885	5.385	7.313	13.036	9.048	5.798	0.614	4.866	0.692	4.199	7.321	3.969	6.621	2.564	5.887	7.273	3.408	13.83	9.126	0.692	8.549	7.641	4.839	2.668	5.674	0.634	0.713	6.973	4.711	3.823	3.89	3.36	0.648	4.59	7.191
"c126968_g1_i2"	0.041	0	0	0.169	0	0	0.096	0	0	0.281	0.095	0.094	0.222	0	0	0	0.087	0.226	0.116	0.324	0	0	0	0.108	0.202	0.278	0.321	0	0	0	0	0	0	0.177	0.201	0	0
"c165778_g1_i1"	0	0	0	0	0	0	0	0	0	0.201	0	0	0	0	0	0	0	0	0	0	0	0	0	0	0	0	0	0	0.205	0	0	0.439	0	0	0.223	0	0
"c3021_g1_i1"	0.164	0	0	0	0	0	0.096	0	0	0.1	0.303	0.293	0	0.258	0	0.104	0.096	0	0.243	0.175	0	0	0	0.108	0.222	0.096	0.111	0	0.097	0	0	0	0.415	0	0.112	0.087	0
"c181946_g1_i1"	0	0	0	0	0	0	0.43	0	0	0	0	0	0	0	0	0	0	0.564	0	0	0	0	0	0	0	0.518	0	1.007	0	0	0	0	0	0	0	0	0
"c26105_g1_i1"	0.344	0	0	0.248	0	0	0.277	0.29	0	0	0.834	0	0	0	0	0.575	0	0	0	0.473	0.531	0	1.059	0.302	1.233	0.297	0.94	0	0.281	0.267	0	0	0	0.266	0.313	0	0
"c143856_g1_i2"	7.961	8.7	9.738	10.008	9.026	8.925	9.469	10.003	11.06	7.464	9.99	8.426	8.982	7.879	11.98	9.228	10.156	9.935	10.34	14.102	9.303	10.511	10.373	8.88	9.628	8.588	10.608	9.314	8.505	10.361	9.168	8.79	7.879	8.395	8.676	8.876	9.376
"c168811_g1_i1"	0	0	0	0	0	0	0	0	0	0	0.313	0	0	0	0	0	0	0	0	0	0	0	0	0	0	0	0	0	0.324	0	0	1.051	0	0.296	0	0	0
"c146088_g4_i5"	0.262	0.171	0.215	0.24	0.29	0.296	0.162	0.344	0.201	0.171	0.227	0.302	0.199	0.234	0.308	0.226	0.174	0.271	0.277	0.263	0.275	0.201	0.295	0.259	0.242	0.345	0.31	0.121	0.205	0.277	0.233	0.219	0.267	0.138	0.179	0.139	0.116
"c119685_g1_i2"	0.795	1.124	0.441	0.461	1.016	0.388	0.382	0.269	0	0.261	0	0.632	0.764	1.627	0.34	0.386	0.374	2.21	1.571	0.666	0.728	0.219	0.59	1.692	0.424	0.643	1.018	1.833	0.4	0.731	0.392	0.878	0	0	0.424	0.904	0.771
"c135337_g4_i3"	3.55	1.723	1.322	3.726	2.041	1.51	1.424	0.376	1.822	2.147	1.299	2.397	0.598	0.82	3.019	2.507	2.122	2.718	2.287	4.677	1.505	1.34	3.224	3.179	2.829	1.478	1.803	1.098	1.772	2.469	0.519	1.64	2.538	0.906	0.871	1.826	0.433
"c101587_g1_i1"	0	0	0	0	0	0	0	0	0	0	0	0	0	0	0	0.236	0	0	0	0	0	0	0	0	0	0	0	0	0.227	0	0	0	0	0	0	0	0
"c107036_g1_i2"	0.205	0	0	0	0	0	0.478	2.087	0	0	0	0	0	0	0	0	0	0	0	0	0.462	0	0	0	0	0	0	0	0.497	0	0	0	0	0	0.547	0	0
"c5703_g1_i1"	0.697	0	0	0	0	0	0	0	1.6	0	0	0	0	0	0	0	2.026	0	0	0	0	0	0	0	0	0	0	0	0	0	0	0	0	0	0	0	0
"c27541_g1_i1"	0.623	0.589	0.497	0.195	0.745	0.541	0.745	0.785	0.456	0.431	0.218	0.736	0.388	0.41	0.186	0.32	0.826	0.259	1.051	0.841	0.718	0.911	0.792	0.474	0.828	0.537	0.365	0.352	0.335	0.415	0.773	0.37	0.563	0.108	0.48	0.191	0.106
"c117192_g1_i2"	0.148	0	0.102	0.08	0	0	0	0.183	0.095	0.261	0	0.264	0.421	0	0	0.349	0.165	0.113	0	0.149	0	0.079	0	0.291	0.101	0.173	0.1	0	0.184	0.168	0	0.196	0	0.69	0	0	0.264
"c33365_g1_i1"	0	0	0	0	0	0	0	0	0.297	0	0	0	0	0	0	0	0	0	0	0	0	0	0	0	0	0	0.31	0	0	0	0.275	0	0	0	0	0	0
"c140629_g1_i3"	0.64	0.674	0.599	0.648	1.016	0.816	0.612	0.667	0.551	0.592	0.768	0.991	0.587	0.761	1.311	0.895	1.026	0.778	0.809	0.666	0.59	0.578	0.672	0.625	0.808	0.691	0.387	0.634	0.454	0.909	0.582	0.624	1.274	0.729	0.447	0.826	0.549
"c52689_g1_i1"	0	0	0	0	0	0	0.067	0	0	0.07	0.209	0	0	0	0	0	0	0	0	0.061	0	0	0	0	0.081	0	0	0	0.659	0.069	0.074	0.162	0	0.069	0	0	0
"c82395_g2_i1"	0	0	0.441	0	0.377	0	0	0	0	0	0	0	1.384	0	0	0	0	0	0	0	0	0	0.359	0	0	0	0	0	0	0.711	0	0	0.829	0	0	0	0
"c118761_g1_i1"	15.668	52.79	78.646	33.465	42.845	49.105	56.373	63.246	60.926	60.308	27.762	30.979	62.022	56.396	15.849	42.55	22.904	49.053	54.09	25.628	55.482	18.193	29.008	66.545	35.846	50.254	61.424	32.392	80.11	37.276	66.622	64.268	41.528	42.722	63.526	40.208	80.796
"c169209_g1_i1"	0	0	0	0	0	0	0	0	0	0	0	0	0	0	0	0	0	1.748	0.682	0	0	0	0	0	0	0	0	0	0	0	0	0	0	0	0	0	0
"c76622_g1_i1"	0	0	0	0	0	0	0	0	0	0	0	0	0	0	0	0	0	0	0	0	1.16	0	0	0	0	3.195	0	0	0	0	0	0	0	0	0	0	0
"c138119_g2_i1"	0.271	0	0.26	0.586	0.213	0	0.43	0.226	0	0.221	0.436	0	0	0	0.194	0.452	0.635	0	0	0.377	0	0.561	0	0.237	0.242	0.23	0.243	0.242	0	0.415	0.222	0.485	0.701	0.414	0	0.191	0
"c137707_g1_i1"	0	0	0	0	0	0	0	0	0	0	0	0	0	0	0	0	0	0	1.329	0	0	0	0	0	0	0	0	0	0	0	0	0	0	0	0	0	0
"c145363_g1_i1"	14.561	16.17	21.859	12.004	17.809	18.595	17.762	21.749	25.065	18.782	12.606	12.352	21.73	21.249	10.434	15.412	10.33	15.178	21.915	14.224	23.247	10.345	12.593	19.753	14.943	18.779	22.101	13.573	22.284	16.021	16.621	24.083	16.775	19.312	27.146	13.918	22.152
"c100009_g2_i1"	0	0	0	0	0.222	0	0.22	0	0	0	0	0	0	0.562	0	0	0	0	0	0	0.207	0	0	0	0	0	0	0	0	0.207	0	0.243	0	0	0	0	0
"c140386_g1_i1"	3.689	6.485	6.281	4.321	3.715	5.682	3.937	4.41	9.354	7.153	6.019	2.51	3.821	5.514	1.287	1.753	1.313	2.007	1.918	5.325	1.878	1.104	2.506	2.198	1.808	1.564	2.223	0.785	11.099	6.499	8.776	7.543	4.236	8.868	7.236	6.755	15.838
"c71012_g1_i1"	0	0	0	0	0	0	0	0	0	0	0	0	0	0	0	0	0	0	0	0	0	0	0	0.927	0	0	0	0	0	0	0	0	0	0	0.502	0	0
"c107185_g1_i1"	0.213	0	0	0	0	0	0	0	0	0	1.024	0.255	0	0	0	0	0	0	0	0	0	0	0	0	0	0	0	0	0	0	0.254	0.578	0	0	0	0	0
"c145519_g1_i10"	0.656	0.642	0.791	0.781	0.687	0.724	0.85	0.753	0.805	0.532	0.55	0.51	0.565	0.574	0.737	0.764	0.93	0.834	0.659	0.604	0.708	0.473	0.636	0.593	0.647	0.748	0.984	0.654	0.627	0.543	0.498	0.531	0.75	0.68	0.837	0.687	0.813
"c144399_g1_i1"	4.042	6.367	4.993	6.033	6.501	5.172	5.465	5.26	4.312	4.736	5.175	6.096	4.441	5.491	6.694	7.937	7.391	8.254	6.885	5.728	6.412	6.517	5.131	5.237	5.617	5.7	4.734	7.32	4.485	6.282	5.611	6.029	5.934	5.577	4.165	5.633	5.966
"c126179_g4_i1"	0	0	0	0	0	1.183	0	0	0	0.582	1.109	0	0	0	0	0	0	0.722	0	0	0	0.473	0	0	0	0	0	0	0.562	0	0	0	0.642	0.503	0	0	0.528
"c85113_g1_i1"	0	0.407	0	0	0	0	0.363	0	0	0	0	0	0.919	0	0	0	0.374	0	0.451	0	0	0	0	0	0	0.422	0	0	0	0	0	0	0	0	0	0	0
"c173204_g1_i1"	0	0	0	0	0.145	0.153	0	0.161	0	0	0	0.293	0	0	0	0	0	0	0.185	0	0	0	0.138	0	0	0.154	0	0	0.313	0.435	0	0	0	0.286	0	0.261	0
"c141804_g1_i1"	0	0	1.999	0	0	0	0	0	1.144	0.582	0	0.538	0.709	0.714	0	0	0	1.455	0	0.464	0.521	0.473	0	0.571	0	0	0.608	0	1.135	0	0.529	1.19	0.642	0	1.887	0	0
"c132110_g1_i1"	1.476	2.365	0.779	1.082	1.509	1.734	1.844	1.054	1.377	1.104	1.09	1.897	0.964	0.855	0.777	1.386	1.122	0.44	1.063	1.393	0.826	1.086	1.078	1.272	0.849	1.017	0.697	1.158	0.897	1.116	0.921	1.259	1.688	1.379	1.686	1.886	1.415
"c141491_g4_i1"	0.066	0	0.09	0	0.077	0	0	0.086	0	0	0	0	0	0.105	0	0	0.078	0.203	0	0.07	0	0	0.074	0	0	0.077	0	0	0	0.079	0	0.092	0	0	0	0	0
"c182465_g1_i1"	0	0	0	0	0	0	0	0	0	0	0	0	0	0	0	0	2.756	0	0	0	0	0	0	0	0	0	0	0	0	0	0	0	0	0	0	0	0
"c88905_g1_i1"	0.328	0	0	0	0.822	0	0	0	0	0	0	0.755	0	0	0	0	0	0	0	0	0	0	0.82	0	0	0	0.852	0	0	0	0	0	0	0	0	0	0
"c143594_g1_i4"	0.107	0.139	0.147	0	0.126	0.061	0.124	0	0.127	0.12	0.123	0	0.144	0.164	0.219	0.189	0.122	0.304	0	0.219	0.177	0.21	0.055	0.205	0.414	0.125	0.354	0.07	0.13	0.474	0.254	0	0.326	0.118	0.067	0.052	0
"c164678_g1_i1"	0	0	0	0	0	0	0	0	0	0	0	0	0	0	0	0	0	0	0	0	0	0	0	0	0	0	0	0	0	0	0	0	0	0	0	0	0
"c87904_g1_i1"	0	0	0	0	0	0	0	0	0	0	0	0	0	0	0	0	0	0	0	0	0	0	0	0	0	0	0	0	0	0	0	0	0	0	0	4.799	0
"c40153_g1_i1"	0.139	0	0	0	0	0	0	0	0	0	0	0.661	0	0	0	0	0	0	0	0	0	0	0	0	0	0	0	0	0.346	0	0	0	0	0.315	0	0	0.327
"c118219_g1_i1"	0	0	0.316	0	0	0	0	0	0	0	0	0.264	0	0	0	0	0	0	0	0	0	0	0	0	0	0	0	0	0	0	0	0.3	0	0	0	0	0
"c169138_g1_i1"	0	0	0	0	0	0	0	0	0	0	0	0	0	0	0	0	0	0	0	0	0	0	0	0	0	0	0	0	0	0	0	0	0	0	0	0	0
"c15671_g1_i1"	0	0.342	0	0	0	0	0	0	0	0	0	0	0	0	0	0	0	0	0	0	0.295	0	0	0	0	0	0	0	0	0.296	0	0	0	0	0	0	0
"c135392_g1_i1"	9.314	8.379	3.818	4.897	5.311	10.425	4.959	8.497	6.897	4.113	25.023	3.303	8.816	11.965	7.455	14.611	13.539	12.652	16.22	15.547	8.585	6.937	17.162	8.082	9.214	13.214	12.09	11.167	14.578	20.13	6.204	5.383	15.334	12.415	11.122	12.562	9.915
"c139573_g1_i1"	5.624	5.768	4.869	5.013	10.128	6.773	10.52	6.045	9.778	6.16	10.635	9.53	10.555	7.704	4.921	7.729	8.2	9.021	6.689	5.141	5.34	8.313	7.489	6.412	10.558	8.56	6.128	6.454	5.328	7.882	9.581	6.434	6.734	6.818	9.369	4.286	6.494
"c93776_g1_i2"	0	0	0	0	0.203	0.204	0.201	0	0	0	0	0	0	0	0	0	0	0	0	0.175	0	0	0	0.216	0	0	0	0	0	0	0	0	0	0	0.447	0	0
"c88080_g1_i1"	0.254	0	0	2.165	0	0	0	0.323	0	0	0.616	0.594	0	0	0	0	0	0	1.132	0	0	1.305	0.295	0.981	0.344	0.672	0.343	0.342	0.313	0.583	0	0.335	0.671	0.286	0.346	0	0
"c146029_g2_i1"	0	0	0	0.39	0	0	0	0	0	0.15	0.152	0	0	0	0	0.151	0.139	0	0	0	0	0	0	0.162	0.162	0.451	0	0	0.151	0	0.296	0	0.158	0	0	0	0
"c147091_g1_i12"	0.328	0.471	0.441	0.177	0.397	0.428	0.315	0.387	0.53	0.391	0.493	0.396	0.443	0.55	0.227	0.377	0.296	0.372	0.416	0.333	0.502	0.403	0.359	0.539	0.253	0.249	0.509	0.322	0.519	0.523	0.445	0.393	0.434	0.473	0.703	0.443	0.496
"c120587_g1_i2"	0.139	0.182	0.068	0.754	0.609	0.724	0.726	0.409	1.07	0.06	0.502	0.443	0.066	0.644	1.028	0.113	0.27	0.068	0.347	2.05	0.482	0.237	0.719	0	0.242	0.058	0	0.181	0.638	1.827	0.169	0	0.642	0.769	0.313	0.887	0.739
"c112558_g1_i1"	1.902	2.558	2.056	0.994	1.171	1.816	1.118	2.474	3.528	2.378	3.981	2.208	0.731	2.189	2.088	0.632	3.539	0.744	0	3.81	2.144	0.972	1.142	1.746	1.283	1.439	3.141	3.997	0.584	2.143	1.641	3.049	1.323	2.069	2.591	1.026	2.714
"c144563_g6_i1"	35.116	38.269	39.91	39.17	43.164	37.813	31.511	36.754	41.973	38.376	38.946	42.217	41.909	39.619	40.941	39.137	38.051	40.37	35.27	33.371	37.604	39.32	38.782	35.541	37.837	31.427	32.775	31.325	38.829	38.471	30.924	37.286	39.208	37.559	37.262	42.251	38.413
"c127677_g1_i1"	0.115	0.075	0.079	0	0.068	0.071	0.411	0	0.148	0.07	0	0.274	0.078	0.094	0.121	0.141	0	0.169	0	0.061	0.069	0.175	0.064	0.075	0.152	0.134	0.077	0.151	0.14	0.198	0.138	0.081	0.148	0.069	0.078	0.122	0.137
"c146801_g2_i1"	0	0	0	0.825	0	0.989	0	0	0	0	0	0.453	0	0	0	1.018	0	0	0	0	1.328	1.2	0	0	0	0.557	0	1.631	0	2.212	0	0	1.066	0	0	0	0.908
"c96614_g1_i1"	0	0	0	0	0	0	0	0	0	0	0	0	0	0	0	0	0	0	0	0	0	0	0	0	0	0	0	0	0	0	0	0	0	0	0	0	0
"c137845_g1_i3"	0.131	0.278	0.226	0.169	0.252	0.704	0.248	0.527	0.477	0.512	0.256	0	0.078	0	0.445	0.066	0	0.079	0.231	0.385	0.187	0.491	0.23	0.216	0.283	0	0	0.141	0.324	0.247	0.328	0.15	0.395	0.128	0	0.113	0.391
"c76846_g1_i1"	0.172	0	0	0.124	0.271	0	0.545	0.14	0	0.271	1.099	0.264	0.332	0.176	0.364	0.141	0	0	0.173	0.236	0.128	0.114	0.129	0	0.152	0.413	0.155	0	0.421	0	0.138	0	0.148	0	0.156	0.365	0
"c159070_g1_i1"	0	0	0	0	0	0	0	0	0	0	0	0	0	0	0	0	0	0	0	0	0	0	0	0	0	0	0	0	0	0	0	0	0	0	0	0	0
"c96479_g1_i1"	0	0	0	0	0	0	0	0	0	0	0	0	0.166	0	0	0	0	0	0	0.123	0	0	0.258	0	0.152	0.144	0	0	0	0	0	0	0	0.138	0	0	0
"c128425_g2_i2"	0.123	0	0.271	0.204	0.058	0.112	0.057	0.065	0.307	0.171	0.114	0	0.277	0.222	0.202	0.17	0	0.429	0	0.096	0.167	0.096	0.055	0.259	0.637	0.115	0.199	0.191	0.357	0.494	0.064	0.335	0.178	0.227	0.324	0.156	0.348
"c130435_g1_i2"	0	0	0	0.39	0.145	0.143	0	0.301	0.148	0.14	0.578	0	0	0	0.259	0	0	0	0.173	0.123	0.138	0.123	0	0.474	0	0	0.498	0.161	0.151	0	0.148	0.162	0	0.138	0	0.513	0
"c139668_g1_i2"	0.279	0.439	0.779	0.355	0.551	0.796	0.755	1.076	0.593	0.953	0.72	0.236	0.288	0.503	0.21	0.273	0.148	0.53	0.243	0.622	0.266	0.105	0.396	0.442	0.222	0.23	0.321	0.131	0.659	0.267	0.455	0.693	0.573	0.552	0.569	0.348	1.13
"c109657_g1_i1"	20.645	17.283	22.141	20.627	18.09	21.186	25.549	20.727	23.519	21.671	24.852	19.967	17.621	16.918	16.917	19.173	20.582	17.704	17.537	23.184	15.901	20.243	20.92	19.861	19.055	19.336	19.424	17.711	20.587	18.954	20.136	20.687	20.063	19.726	21.886	18.943	21.044
"c151039_g1_i1"	0	0	0	0	0	0	0	0	0	0	0	0	0	0	0	0	0.557	0	0	0	0	0	0	0	0	0	0	0	0	0	0	0	0	0	0	0	0
"c145962_g1_i2"	11.7	0.524	1.446	0	16.62	0.479	19.472	3.313	18.423	0.291	1.64	0.755	0.919	17.269	13.291	13.734	15.774	1.071	17.167	14.802	10.807	1.472	15.264	0	1.273	0	10.575	0.322	0.195	0	0.201	13.214	20.853	1.222	1.396	0.252	1.352
"c128316_g1_i1"	0.467	0	0	0	0.571	0	0.545	0	0	0	0	0	0	0.714	0	0	0.574	0	0	0	0	0	0	0.571	0	0	0	0	0	0.523	0	0	0	0	0	0	0
"c103646_g1_i1"	4.083	7.084	3.762	15.313	2.196	0.52	3.363	2.85	3.581	0.512	1.365	2.17	5.117	5.842	18.649	2.423	1.322	2.323	3.131	5.719	7.424	1.445	6.504	1.67	2.253	1.219	4.06	2.447	2.972	3.576	1.895	3.846	2.35	1.143	2.468	3.008	7.117
"c182986_g1_i1"	0	0	0	0	0	0	0	0.549	0	0	0	0	0	0	0	0	0	0	0	0	0	0	0.507	0	0	0	0	0	0	0	0	0	0	0	0	0	0
"c148310_g1_i1"	0	0	0	0	0	0	0	0	0	0	0.682	0	0	0	0	0	0	0	0	0	0	0	0	0	0	0	0	0	0.53	0	0	0.196	0	0	0	0	0
"c66396_g1_i1"	0	0	0	0	0	0	0	0	0	0	0	0.245	0.31	0	0.445	0	0.243	0	0	0.867	0	0	0.479	0	0.283	0	0	0	0	0.484	0	0	0	0	0	0	0
"c146152_g1_i1"	2.607	3.799	5.897	2.44	3.705	4.733	5.035	3.334	2.596	3.18	1.583	2.718	3.91	1.698	3.667	4.223	2.756	5.661	6.643	5.746	2.753	2.023	2.183	2.36	3.284	3.052	2.068	5.518	3.718	4.761	3.049	4.216	1.945	3.35	1.921	3.451	3.02
"c181175_g1_i1"	0.205	0	0	1.269	0	0	0	0.527	0	0	0	0	0	0	0	0	0	0.631	1.19	0	0.462	0	0	0	0	0	1.073	0	0.983	0	0	0	0	0.443	0	0	0.465
"c20431_g1_i1"	0	0	0	0	0.967	0	0	0	0	0	0	0	0	0	0	0	0	1.252	1.121	0	0.856	0	0	0	0	0	0	0	0	0.849	0	0	0	0	1.05	0	0
"c150095_g1_i1"	0	0	0	0	0	0	0	0	2.066	0	4.237	0	0	0	0	0	0	0	0	0	0	0	0	1.789	5.203	0	0	0	0	0	0	0	0	0	0	0	3.474
"c170462_g1_i1"	0	0	0	0.523	0	0	0	0	1.854	0	0	0	0	0	0	0	0	0	0	0	0	0	0	0	0	0	0.664	0	0	0	0	0	0	0	0	0	0
"c48147_g1_i2"	0.098	0.257	0.136	0	0	0	0.344	0.237	0.244	0.11	0	0	0.133	0.14	0.105	0	0	0	0	0.499	0.216	0	0	0.259	0	0	1.184	0	0.357	0.444	0.349	0.393	0	0.335	0.123	0	0.697
"c22592_g1_i2"	0	0	0	0	0	0	0	0	0	0	0	0	0	0	0	0	0	0	0	0	0	0	0	1.692	0	0	0	0	0	0	0	0	0	0	0	0	0
"c143377_g5_i2"	1.525	0.738	0.757	1.65	1.219	0.5	1.405	0.882	0.551	1.144	2.085	1.161	0.875	0.726	0.898	0.971	1.591	0.688	1.236	1.086	1.082	0.745	1.327	0.56	0.738	0.816	0.608	0.876	0.497	1.531	1.133	0.705	0.81	0.946	0.603	1.226	0.581
"c143110_g1_i3"	3.435	1.059	1.875	1.97	3.84	1.642	5.026	2.033	4.661	4.555	4.787	3.416	3.522	2.025	2.857	5.015	2.53	3.225	5.88	2.987	1.809	2.444	1.225	2.716	7.092	7.389	2.511	3.967	2.28	2.42	2.848	1.767	2.794	4.798	1.072	1.982	1.246
"c71325_g1_i1"	0	3.671	0	0.896	0	0	1.022	0	0	0	0	0	0	1.358	1.02	0	0	0	0	0.85	0	0	0	0	0	0	0	0	0	0	0.953	0	1.382	0.897	0	0	0
"c147416_g2_i3"	10.134	2.376	7.162	11.108	8.822	8.395	13.912	10.724	7.998	14.487	7.592	11.286	6.302	8.383	9.551	10.746	9.408	6.439	5.903	7.813	4.878	10.196	11.156	9.106	4.435	6.65	8.23	7.36	7.262	9.156	13.678	11.481	9.252	9.833	7.683	9.754	15.395
"c123547_g2_i1"	0	0	0	0	0	0	0	0	0	0	0	0	2.149	0	0	0	0	0	0	0	0	0	0	0	0	0	0	0	0	0	0	0	0	0	0	0	0
"c87088_g1_i1"	0	0	0	0.231	0	0	0	0	0	0	0	0	0	0	0	0	0.252	0	0	0	0.246	0	0	0	0	0	0	0	0	0	0	0	0	0.246	0	0	0
"c22216_g1_i1"	0.213	0.139	0.452	0.231	0	0.133	0.506	0	0	0	0	0	0	0	0.227	0	0.122	0.158	0.786	0.447	0	0	0.24	0.42	0.141	0	0.586	0.282	0	1.106	0	0	0.405	0	0.715	0	0.771
"c155183_g1_i1"	0.148	0	0	0	0	0	0	0	0	0	0	0	0	0	0	0	0.696	0	0	0	0	0.893	0	0	0	0	0	0	0	0	0	0	0	0	0	0	0
"c159140_g1_i1"	0.344	0	0	0	0	0.428	0	0	0	0	0.417	0	0	0	0	0	0.417	0	0.508	0	0	0.35	0.405	0	0	0	0	0	0.421	0	0.402	0	0	0	0	0	0.802
"c135614_g1_i2"	0.098	0	0	0.071	0.077	0.082	0.086	0	0.085	0	0.085	0.16	0	0	0.073	0	0	0.101	0	0.219	0.079	0	0.304	0	0.091	0.086	0.376	0	0.594	0.158	0.169	0.289	0.257	0.079	0.279	0.148	0
"c56243_g1_i1"	0	0	0	0	0	0	1.099	1.301	0	0	0	0	0	0	1.101	0	0	0	0	0.911	0	0.972	0	0	0	0	0	0	0	0	0	1.132	0	0	0	0	0
"c134750_g1_i1"	4.911	4.067	3.219	0.328	2.167	2.958	2.551	3.636	4.651	2.779	2.133	3.954	3.478	4.203	0.842	4.6	1.583	5.244	1.744	1.559	2.773	4.45	3.758	4.429	6.203	4.011	4.557	3.887	2.626	3.398	3.356	5.983	5.253	1.31	2.948	6.311	0.971
"c78225_g1_i1"	0	0	0	0	0	0	0	0	0	0	0	0	0	0.749	0	0	0	0	0	0	0	0.499	0.59	0	0	0	0.642	0.685	0	0	0	0	0	0	0	0.53	0
"c58168_g1_i1"	0	0.963	0	0	0	0.928	0	0	0	0	0	0.812	0	0	0	0	0	0	0	0	0	0	0	0	0	0	0	1.027	0	0	0	0	0	0	0	0	0
"c88963_g1_i1"	0	0	0	0	0	0	0	0	0	0	0	0	0	0	0	0	0	0	0	2.768	0	0	0	0	0	0	0	0	0	0	0	0	0	0	0	0	0
"c92753_g1_i2"	0.049	0	0	0.106	0	0	0.363	0.258	0	0.12	0.493	0.84	0	0.316	0.753	0	0.122	0.756	0	1.165	0.236	0.105	0.341	0.129	0.131	0.249	0	0.131	0.249	0	0	0	0.513	0.118	0	0	0.243
"c118640_g1_i1"	0.295	1.049	0.282	0	1.654	0	0	0	0	0	0	0	0.576	0.901	0.421	0.245	0.235	0.598	0	0.412	0	0	0	0	0	0	0	0.534	0	0	0	0	0.257	0.453	0	0	0
"c35962_g2_i1"	0	0	0	0	0	0	0	0	0	0	0	0	0	0	0	0	0	0	0.809	0	0	0	0.672	0	0	0	0	0	0	0	0	0	0	0	0	0	0
"c75592_g1_i1"	0	0	0	1.242	1.703	0	0	1.786	0	1.746	0	0	2.237	1.967	0	2.074	1.861	0	3.732	2.356	1.406	0	0	0	0	0	0	0	0	0	2.594	1.444	2.231	1.212	0	2.86	0
"c139978_g1_i1"	0.672	0.193	0.418	0.16	0.89	0	0.354	0.57	0.381	0	1.441	0.708	0	0.234	0.316	0.547	0.174	0	0.439	0.158	0.511	0	0	0.194	0.596	0	0.608	0.403	0.184	0.859	0.551	0.208	0.573	0.69	0.603	1.278	0.359
"c144453_g2_i2"	4.28	5.597	5.422	4.605	4.808	4.57	5.274	4.873	5.636	4.796	5.061	5.36	6.413	5.901	5.334	5.345	5.487	6.112	5.441	5.176	4.494	5.387	5.675	5.474	5.698	5.278	6.438	4.35	6.689	4.998	5.24	6.249	4.838	5.596	7.057	4.764	5.586
"c141467_g1_i2"	3.099	2.707	2.587	2.963	3.047	3.152	5.074	3.076	2.839	2.95	3.99	4.142	2.259	2.365	3.141	4.374	2.904	2.921	3.177	1.962	4.327	3.25	4.109	3.783	3.465	2.418	3.672	2.87	3.696	3.576	3.737	4.401	3.564	3.183	2.546	4.373	3.622
"c121671_g2_i1"	0	0.781	0	0.923	0	2.54	0	2.614	0	0	4.91	0	1.296	3.126	0	1.112	1.052	0	0	0	1.986	1.489	2.699	0	0.778	0	0	2.386	0	0	1.037	0	3.1	1.645	0	0	3.421
"c69018_g1_i1"	0	0	0	0	0.464	0	0	0.484	0	0	0	0.443	0	0.585	0	0	0	0	0	0.771	0	0	0	0.948	0	0	0	0	0	0.435	0	0	0	0	0	0	0.443
"c142446_g8_i1"	0	0	0	0	0	0	0	0	0	0	0	0	0	0	0	0	0	0	0	0	0	0	0	0	0	0	0	0	0	0	0	0	0	0	0	0	0
"c134856_g1_i1"	3.894	6.721	6.032	5.385	10.912	6.396	8.628	7.271	10.34	7.264	4.929	5.945	6.645	8.605	5.067	7.626	4.774	7.262	9.127	4.537	7.247	4.537	4.615	5.959	6.466	9.596	6.792	5.135	9.532	9.571	7.824	6.723	6.201	9.025	7.202	6.329	7.444
"c139391_g4_i1"	1.287	0.824	0.768	2.458	2.331	1.326	1.127	2.162	2.193	0.472	1.801	2.689	2.138	1.557	0.413	1.518	0.635	0.586	1.86	1.971	1.436	1.612	1.216	0.938	1.354	2.533	0.752	1.349	2.334	1.452	2.71	0.762	0.79	1.843	1.787	1.165	1.14
"c154263_g1_i1"	0	0	0	0	0	0	0	0	0	0	0	0	0	0	1.87	0	0	0	0	0	0	0	0	0	0	11.784	0	0	0	0	0	0	0	0	0	0	0
"c116002_g1_i1"	136.412	305.078	314.933	324.323	205.452	268.394	299.482	319.284	362.187	279.867	223.298	306.709	310.185	311.061	176.263	253.591	221.308	300.148	353.374	179.019	234.968	303.746	221.897	390.391	350.825	287.447	336.276	321.12	318.637	295.365	438.976	495.654	277.18	260.965	292.997	269.795	388.512
"c114478_g1_i1"	0	0	0	0	0	0	0	0	0	0	0	0	1.218	0	1.724	0	0	0	0	0	0.856	0	0	0	0	0	0	0	0	0	0	0	0	0	0	0	0
"c1596_g1_i1"	0	0.407	0	0	0	0	0	0	0	0	0	0	0	0	0	0	0	0	0	0	0.688	0	0	0	0	0	0	0	0	0.691	0	0	0	0	0.413	0.652	0
"c115647_g1_i1"	0	0	0	0	0.464	0.479	0	0	0	0	0.237	0.226	0.288	0	0	0.481	0	0	0	0	0	0.394	0	0	0.263	0	0.265	0	0	0	0	0	0.504	0.443	0	0	0
"c146526_g2_i1"	0.246	0.364	1.31	0.302	0.397	0.204	1.061	0.419	0.498	0.602	0.265	0.991	0.244	0.176	0.291	0.198	0.13	0.248	0.497	0.876	0.128	0.342	0.433	0.894	0.445	0.202	0.31	0.362	0.346	0.198	0.487	0.774	0.563	0.463	1.117	0.235	0.539
"c158341_g1_i1"	0	1.049	0	0	0.474	0	0	1.517	0	0	0.938	0	2.946	0	0.429	0	0	0	0	0	0.885	1.603	0	0	0	0.557	0	0	0	0	0	0	0	0	0	0	0.454
"c152550_g1_i1"	0.426	1.166	0	0	1.083	1.132	0	0	1.028	0	0	0	0	0	0	1.235	0	0	0	0	0	0.867	0	0	1.162	1.708	1.084	0	0	0	0.921	0	0	0	0	0	0
"c79422_g1_i1"	0	0	0	0	0.551	0	0	0	0	0	0	0	0	0.691	0	0.594	0	0	0	0	0	0	0	0	0	0	0	0	0	0	0	0	0.622	0	0.614	0	0
"c152603_g1_i1"	0	0	0	0	0.281	0	0	0.29	0	0	0.55	0	0	0	0	0	0	0.35	0	0	0	0	0.267	0	0	0	0	0	0	0.267	0	0.312	0.296	0.266	0	0	0
"c127780_g1_i1"	1.427	5.736	0.282	4.658	2.244	3.713	2.073	0.215	2.67	3.863	4	0.359	5.05	2.318	1.74	4.44	1.983	2.526	0.37	0.517	4.828	0.587	3.326	0.41	2.708	2.572	5.066	2.537	4.247	6.183	4.044	4.459	0.375	0.424	2.066	0.391	1.753
"c145342_g2_i1"	0.107	0.043	0.124	0	0.252	0.071	0.105	0.043	0.191	0.07	0.152	0.293	0.177	0.047	0.065	0.179	0.035	0.045	0.046	0.035	0.039	0.096	0.101	0.043	0.283	0.249	0.21	0.161	0.076	0	0.116	0.3	0.227	0.069	0.167	0.035	0.042
"c139956_g1_i1"	0.574	0.514	1.096	1.207	2.341	0	2.255	0.495	0.477	1.906	1.384	1.783	0.576	1.171	0.834	0.99	1.4	0.598	1.132	0.385	1.741	1.174	2.266	2.877	1.546	2.188	0.509	3.182	0.465	0	1.345	1.005	1.037	1.271	2.077	0	0.887
"c135358_g1_i1"	10.093	11.643	11.929	10.016	9.142	10.149	12.039	10.681	8.952	10.846	10.047	9.87	9.226	9.343	10.069	9.605	9.93	12.235	11.495	10.213	9.391	9.478	9.866	10.141	10.558	9.049	10.94	8.891	9.175	11.398	10.555	11.146	11.641	11.035	11.3	10.832	11.277
"c104641_g1_i1"	0	0	0	0	0	0	0.086	0	0.18	0.08	0.171	0	0.1	0	0	0	0	0	0	0	0.079	0	0	0	0	0.163	0	0.091	0	0.079	0.085	0	0	0	0	0	0
"c93851_g1_i1"	0.254	0.225	0.237	0.177	0	0.204	0	0.43	0	0.211	0	0.396	0	0.515	0	0.415	0.4	0	0.497	0	0.384	0	0	0.226	0	0.211	0.232	0.232	0	0.385	0.614	0.231	0.652	0.591	0	0	0.401
"c162190_g1_i1"	0.107	0	0	0	0	0	0	0	0	0	0	0.255	0	0.34	0	0	0	0	0	0	0	0.228	0	0	0	0	0	0	0	0	0	0.589	0	0.246	0	0	0
"c143596_g2_i1"	0	0	0	0	0	0.479	0	0	0	0	0.455	0	0	0	0	0	0	0	0	0	0	0	0	0	0	0	0	0.524	0	0	0	0	0	0	0	0	0
"c159250_g1_i1"	0	0	0	0	0	0	0	0	0	0	0	0	0	0	0	0	0	0	0	0	0	0	0	0	0	0	0	0	0	0	0	0	0	0	0	0	0
"c133564_g2_i2"	4.509	4.719	2.169	1.038	1.857	6.396	7.625	3.259	6.176	1.254	5.981	3.482	2.304	2.295	4.962	3.997	2.496	2.368	5.164	7.497	2.822	0.508	1.207	0.614	7.446	0.768	3.96	7.048	0.605	1.126	0	2.553	3.505	7.577	1.362	3.79	0
"c179862_g1_i1"	0	0	0	0	0	0	0	0	0	0	0	0	0	0	0	0	0	0	0	0	0	0	0	1.789	0	0	0	3.152	0	1.906	0	0	0	0	0	0	0
"c14442_g1_i1"	0.508	0.385	0.203	0.94	1.393	1.958	2.255	0.366	1.102	1.585	2.284	1.717	1.473	1.335	1.392	0.895	1.696	0.214	0.22	1.515	1.003	1.191	0.82	0.765	1.162	0.537	0.996	0.977	1.264	0.672	0.529	0.393	0.375	0.838	0.581	1.087	1.045
"c142582_g1_i7"	0.139	0.161	0.215	0.035	0.184	0	0.153	0.075	0.085	0.04	0.038	0.075	0	0	0.162	0.038	0.217	0.045	0	0.193	0.069	0.035	0.064	0.043	0.04	0.144	0.044	0.04	0.238	0.04	0.042	0	0.039	0.108	0.123	0.07	0.19
"c105207_g3_i1"	0	0	0	0.612	0.697	0.357	0.344	0	0.731	0	0.351	0.679	0.432	0	0	0	0	0	0	0.596	0	0.298	1.336	0	0	0	0	0	0	0.662	0	0	0	0	0	0	0
"c131910_g1_i1"	215.678	443.577	421.232	217.265	250.928	300.628	283.526	303.053	379.963	302.652	220.72	219.435	340.332	335.987	122.8	252.13	126.267	263.307	286.634	266.317	214.553	180.914	174.861	270.826	185.364	164.244	227.2	220.612	394.036	285.132	355.204	410.155	246.958	372.155	395.929	233.404	472.972
"c133973_g2_i5"	0.803	1.006	0.621	0.488	1.122	0.439	0.487	1.183	2.066	1.084	0.322	0.745	0.709	2.131	0.664	1.508	0.461	1.331	1.329	0.753	0.875	0.788	0.94	1.627	1.192	1.161	0.686	0.826	1.34	0.83	1.281	1.247	0.563	1.222	0.96	1.191	1.204
"c107002_g1_i1"	0.164	0.182	0.384	0.355	0.058	0.112	0.115	0.29	0.18	0.221	0.559	0.5	0.199	0.14	0.291	0.226	0.53	0.406	0.069	0.053	0.216	0.237	0.101	0.183	0.182	0	0	0.242	0.227	0.217	0.116	0	0	0.059	0.19	0.296	0.222
"c141951_g6_i1"	1.107	0	0	0.665	0.387	1.183	1.118	0.409	0.392	0	0	1.113	0.465	0.48	0	0	0	0.485	0	0	0	0	0.737	0	0	0	0	0.866	0	0.721	0	0	0	0.709	1.708	0.339	0.37
"c142879_g1_i1"	3.747	4.409	5.027	3.407	5.292	4.407	4.309	5.346	6.77	4.625	3.118	3.491	5.56	6.018	4.071	5.561	3.861	5.582	4.979	4.511	4.494	4.213	3.786	5.539	5.314	4.587	6.305	4.471	5.544	3.487	3.959	5.048	4.996	4.552	7.66	3.025	4.73
"c138108_g2_i5"	0.484	0.214	0.678	0.177	0.193	0.653	0.325	0.538	0.689	0.522	0.398	0.321	0.078	0.246	0.227	0.386	0.374	0.316	0.485	0.228	0.502	0.333	0.24	0.366	0.071	0.576	0.155	0.433	0.27	0.247	0.466	0.219	0.543	0.256	0.212	0.513	0.264
"c139361_g1_i1"	0.131	0.064	0.068	0.16	0.145	0.235	0.172	0.118	0.307	0.09	0.028	0.028	0.133	0.152	0.178	0.113	0.165	0.101	0.069	0.307	0.138	0.149	0.157	0.065	0.061	0.221	0.1	0.282	0.151	0.079	0.116	0.139	0.059	0.148	0.156	0.104	0.211
"c162502_g1_i1"	0	0	0	0	0	0	0	0	0	0	0	0	0	0	0	0	0	0	0	0	0	0	0	0	0	0	0	0	0	0	0	0	0	0	0	0	0
"c147325_g1_i11"	0.394	0.471	0.113	0.603	0.213	0.5	0.354	0.269	0.307	0.502	0.436	0.443	0.166	0.937	0.186	0.236	0.296	0.237	0.208	0.981	0.246	0.307	0.976	0.216	0.738	0.413	0.166	0.916	0.227	0.662	0.349	0.439	0.444	0.404	0.212	0.626	0.486
"c80952_g1_i1"	0.262	1.059	1.13	0.284	0.958	0.653	0	0	0.328	0.652	0.635	0.311	0.388	0	1.141	0.669	0.313	0.406	0	0.815	0.6	0.543	0.912	1.024	0	1.056	0.719	0.362	0.324	0	0	1.063	0.701	0.296	0.357	1.417	0.317
"c180001_g1_i1"	0	0	0	0	0	0	0	0.57	0	0	0	0	0.665	0	0	0	0	0	0	0	0	0	0	0	0	0	0	0	0	0	0	0	0	0	0	0	0
"c144981_g1_i2"	0.41	0.161	0.474	0.381	0.242	0.245	0.554	0.344	0.35	0.291	0.265	0.255	0.21	0.164	0.389	0.358	0.33	0.203	0.3	0.403	0.364	0.35	0.433	0.366	0.344	0.249	0.288	0.524	0.259	0.188	0.36	0.497	0.543	0.374	0.313	0.243	0.338
"c153468_g1_i1"	1.468	0	0	0	0	4.917	0	0	0	0	0	0	0	0	0	0	5.13	0	0	0	0	0	0	0	0	0	0	0	0	0	0	2.657	0	0	4.254	0	0
"c122962_g1_i1"	0	0	0	0	0	0	0	0	0	0	0	0	0	0	0	0	0	0	0	0	0	0	0	0	0	0	0	0	0	0	0	0	0	0	0	0	0
"c100912_g1_i1"	0.517	0.278	0	0	0.996	0.765	0.497	0.269	1.049	0.512	0	0.491	0	0.316	1.336	0.255	0.243	0.316	0	0.219	0	0.21	0	0	0	0	0	0.846	0	0.711	0	0.277	0	0.473	0	0.669	0.243
"c108513_g2_i1"	99.845	53.122	67.191	95.489	82.392	97.731	138.706	64.472	59.422	95.633	89.285	56.956	58.057	49.945	39.395	53.031	77.511	55.774	51.121	53.516	70.429	51.837	58.929	65.942	42.05	42.721	49.378	50.083	58.951	61.515	101.198	75.449	78.278	86.41	54.57	73.452	66.521
"c139216_g3_i2"	1.222	0	0	0.825	0	0	3.755	1.086	0	0	0	0	1.307	0	0	0	0	1.342	0	1.568	0	1.656	1.05	0	0	0	0	0	0.973	0.899	0.889	0	0	0	0	1.782	1.763
"c6837_g1_i1"	0.385	0	0	0	0	0	0	0	0	0	0	0	0	0	0	0	0	0	0	0.744	0	0	0	0	1.041	0	0	0	0	0	0	0	0	0	0	0	0
"c98545_g1_i1"	0	0	0	1.003	0	0	0	0	0	0	0	1.113	0	0	0	0	0	0	0	0	0	0	0	0	0	0	2.544	0	0	0	0	0.612	0	0	0.659	0	0
"c26961_g1_i1"	0	0	0	0.39	0	0	0	0	0	0.462	0	0	0	0	0	0	0	0	0	0	0	0	0	0	0	0	0	0	0	0	0	0	0	0	0	0	0
"c131829_g1_i2"	19.767	22.109	17.193	17.327	15.13	21.972	16.405	13.789	17.364	9.28	20.729	17.013	26.802	28.672	20.284	10.218	11.643	22.17	22.817	22.466	29.472	18.797	12.482	21.672	18.913	17.618	26.392	18.104	17.485	20.12	17.352	26.798	12.737	12.553	14.304	25.176	17.781
"c118584_g1_i1"	0.09	0	0	0.098	0.106	0	0	0.581	0.233	0.11	0.332	0.217	0.665	0.14	0.097	0.226	0	0.271	0.139	0.193	0	0.289	0.313	0.119	0	0.115	0	0	0	0.109	0.116	0.127	0.118	0	0	0.2	0
"c105288_g1_i2"	0.131	0.086	0.09	0	0.077	0	0	0.086	0.085	0.08	0	0.151	0.188	0.105	0.138	0.075	0	0.293	0	0	0.079	0	0.074	0	0	0.077	0	0	0.086	0.079	0.085	0.092	0.247	0.158	0.089	0	0.084
"c174677_g1_i1"	0	0	0	0	0	0	0	0	0	0	0	0	0	0	0	0	0	2.278	0	0	0	0	0	0	0	0	1.56	0	0	0	0	0	0	0	0	0	0
"c137838_g1_i4"	0.361	0.396	0.169	1.1	0.571	0.51	0.497	0.527	0.148	0.291	1.014	0.783	0.166	0.644	1.077	0.867	0.548	0.62	0.358	0.631	0.482	0.797	1.584	0.722	0.242	0.211	0.077	1.027	0.227	1.106	0.519	0.081	0.454	0.138	0.078	0.695	0.359
"c63537_g1_i1"	0	0	0	0	0	0	0	0	0	0	0	0	0	0	0	0	0	0	0	0	0	0	0	0	0	0	0.531	0	0.486	0	0	0	0	0	0	0	0
"c130539_g1_i1"	15.283	10.712	9.828	14.186	30.569	7.385	25.568	23.093	6.452	9.331	33.743	25.175	14.741	23.193	24.914	22.085	21.982	19.125	28.316	31.899	2.675	2.82	2.625	10.68	23.409	5.777	12.997	28.838	16.859	15.665	22.475	26.255	14.771	19.933	10.161	8.937	12.058
"c2778_g2_i1"	4.542	6.025	5.965	7.994	7.449	11.69	10.31	7.873	9.429	7.003	12.483	6.275	4.851	10.244	5.998	4.854	9.417	7.51	9.67	6.946	3.648	8.567	3.933	4.181	12.124	5.489	5.199	6.505	6.765	11.181	5.547	7.023	10.328	6.503	8.364	5.668	8.373
"c100169_g1_i1"	0	0	0	2.679	1.142	0	0	0	1.07	0	0	0	0	0	2.032	1.301	0	0	0	0	0	0.902	0	0	1.222	0	0	0	0	0.978	0.953	0	0	0	0	0	0
"c114397_g1_i1"	0	0	0.124	0	0	0	0	0	0	0	0	0	0	0	0	0.217	0	0.271	0	0	0	0.096	0	0	0	0.326	0	0	0.227	0	0.106	0.127	0.109	0	0	0	0.106
"c133438_g1_i1"	0.369	0.417	0.441	0.408	0.252	0.326	0.258	0.204	0.138	0.13	0.19	0.321	0.31	0.164	0.113	0.32	0.426	0.631	0.243	0.228	0.246	0.272	0.295	0.291	0.566	0.374	0.52	0.282	0.465	0.059	0.466	0.3	0.069	0.443	0.212	0.287	0.127
"c44518_g1_i1"	0	0	0	0	0	0	0	0	0	0	0.768	0	0	0	0	0	0	0	0	0.639	0	0	0	0	0	0	0	0	0	0	0	0.809	0	0	0	0	0
"c117207_g1_i1"	0.221	0.118	0.124	0.142	0.048	0.265	0.057	0.333	0.286	0.161	0.057	0.425	0.321	0	0.372	0.217	0.252	0.462	0.196	0.464	0.049	0.088	0.249	0.237	0.172	0.317	0.243	0.232	0.162	0.158	0.106	0.058	0.276	0.108	0.056	0.235	0.106
"c144821_g1_i3"	1.869	2.889	6.744	1.863	3.415	3.774	3.182	6.507	7.532	3.281	1.374	2	5.593	5.866	2.914	2.413	2.009	4.161	4.332	8.776	5.468	1.91	3.215	5.41	1.829	2.37	4.093	1.49	5.166	2.548	4.171	3.315	4.542	6.04	3.864	2.226	7.338
"c89968_g1_i1"	0.484	0	0	0.497	0	0	0	0	0	0	0	0	0	0	0	0	0	0	0	0	0	0	0	0	0	0	0	0	0	0	0	0.612	0	0	0	0	0
"c126134_g4_i1"	0.336	0	0.486	0	0	0	0	0	0.424	0.833	0	0.793	0	0	0.364	1.301	0.409	0	1.005	0	0	0.35	0	0	0.909	0.47	0	0.463	0	0.385	0.402	0	0	0	0	0.365	0
"c61935_g1_i1"	0.295	0	0.554	0.63	0	0	0	0.247	0	0.482	0.948	0	0.288	0	0	0	0.235	0.598	0	0.815	0.452	0	1.124	0.259	0.263	0.249	0	0	0	0.682	0	0.266	0.257	0	0	0.209	0
"c20727_g1_i1"	0.271	0	0	1.109	0	0	0	0.699	0	0.672	1.28	0	0	0.82	0	0	0	0	0	0	0	0	0	0.647	0	0	0	0.755	0	2.41	1.831	0	0.76	0	1.463	0	0.602
"c130224_g1_i1"	12.675	15.089	7.422	10.07	13.611	8.13	7.93	12.122	7.649	9.792	14.947	13.692	10.776	17.362	18.536	13.065	13.408	15.934	11.853	14.233	11.122	11.422	10.935	11.111	12.013	10.642	11.625	13.754	7.694	11.211	7.929	12.001	12.905	10.543	6.879	9.459	7.792
"c12715_g2_i1"	0	0	0	0	0	0	0	0	0	0	0	0.557	0	0	0	0	0	0	0	0	0	0	0	1.767	0	0	0	0	0	0	0	0	0	0	0	0	0
"c111697_g1_i1"	0	0	0	0	1.432	0	0	1.506	0	0	2.578	0	0	0	0	0	0	0	0	0	0	0	0	0	0	2.783	0	0	0	1.185	0	0	0	0	1.53	0	2.281
"c85451_g1_i1"	0.025	0.075	0	0	0.068	0	0.134	0.075	0	0.07	0.209	0	0	0	0.243	0	0	0.09	0	0.184	0.266	0.061	0.064	0.226	0.081	0	0.243	0.383	0.14	0	0.074	0.081	0.148	0.138	0.078	0.304	0.074
"c145836_g2_i2"	0.435	0.471	0.305	0.648	0.493	0.265	0.822	0.183	0.604	0.803	0.701	0.434	0.62	0.199	0.348	0.283	0.122	0.293	0.139	0.42	0.334	0.333	0.276	0.345	0.333	0.441	0.332	0.312	0.584	0.563	0.519	0.485	0.385	0.621	0.458	0.304	0.401
"c144458_g3_i1"	0	0.396	0	0	0	0.367	0.354	0.559	0	0	0	0.349	0	0.679	0.478	0.368	0.696	0.891	0.22	0.307	0	0.149	0.332	0	0.394	0	0.409	0.403	0.184	0	0	0	1.53	0.168	0.201	0.156	0.359
"c101896_g1_i2"	0	0	0.147	0	0	0	0	0	0	0	0	0	0	0	0	0	0	0	0	0	0	0.105	0	0.129	0	0.125	0.144	0	0	0.119	0	0	0.128	0	0	0	0
"c126611_g1_i1"	0.623	0.075	0.305	0.115	0.319	0.194	0.191	0.344	0.625	0.652	0.398	0.255	0.543	0.34	0.291	0.264	0.122	0.327	0.162	0.455	0.128	0.674	0.304	0.948	0.293	0.969	0.299	0.644	0.27	0.188	0.201	0.45	0.484	0.384	0.581	0.235	0.665
"c141496_g2_i1"	0	1.883	0	0	0	0	3.736	1.065	0	0.572	3.981	1.821	0	0	0	0.952	1.765	1.015	0	6.788	2.498	2.715	0	2.414	0.909	1.746	0.73	0	0.53	0	2.424	2.865	0	2.246	1.485	0	2.26
"c114573_g1_i1"	0.115	0	0.316	0.488	0	0.184	0	0.097	0	0	0	0.085	0	0.234	0	0.094	0	0.451	0.22	0.236	0	0.158	0.415	0.797	0.303	0.269	0.1	0.101	0	0	0.275	0.312	0	0.089	0	0.322	0.18
"c84798_g1_i1"	0	0	0	0	1.383	0	0	0	0	0	2.502	2.397	0	0	0	0	0	0	0	0.998	0	1.086	0	0	0	0	0	0	0	0	2.234	1.236	0	2.089	0	0	0
"c137284_g5_i1"	1.041	0.706	3.016	0.541	1.935	1.336	1.223	0	3.21	0	0	1.208	2.403	1.592	1.724	2.093	1.956	0.823	2.299	1.042	1.17	1.069	1.262	0	0	0	0	1.47	0	0	0.593	0.658	0	0.562	1.418	0	1.774
"c145828_g2_i3"	69.518	138.456	140.053	104.796	119.742	131.004	108.761	136.086	104.51	152.53	96.27	111.496	158.332	145.924	61.606	129.892	100.589	135.341	144.767	81.508	97.02	94.005	112.57	109.641	114.914	105.085	107.24	126.285	117.729	132.373	144.021	143.264	120.477	137.409	139.123	92.247	112.642
"c119706_g1_i1"	0.041	0.225	0.113	0.364	0.3	1.234	0.812	0.527	0.434	0.201	0	0.406	0.609	0.129	0.178	0.104	0.2	0.124	0.497	1.682	0.974	0.35	0.663	0.226	0.445	0.106	0.697	1.128	0.53	0.099	0.413	0.347	0.425	0.197	0.904	0.183	0.412
"c182301_g1_i1"	0	0	0	0	0	0	0	0	0	0	0	0	0	0	0	0	0	0	0	0	0	0	0	0	0	0	0	0	0.411	0	0	0.439	0	0.374	0	0	0
"c141570_g1_i1"	43.79	49.355	110.569	38.416	35.59	45.82	56.755	33.226	64.687	55.091	37.136	41.604	57.481	42.159	35.696	57.754	34.973	60.814	32.186	47.227	55.118	50.199	33.384	74.779	59.811	64.13	100.636	34.486	92.97	33.622	51.176	55.883	35.071	36.87	70.471	57.264	68.168
"c144102_g2_i4"	0.459	0	1.367	0	0	0	0	0	0	1.194	0	1.029	0	0	0	0	0	0	0	0	0	0	0	1.035	0	0	1.15	0	0	0	0	1.086	0	0.916	1.262	0	0
"c86062_g1_i1"	0.074	0	0	0.16	0	0	0.354	0	0	0	0	0.179	0	0.234	0.162	0.179	0	0.226	0	0.158	0	0.158	0	0	0.202	0	0	0	0	0	0	0	0	0	0	0	0
"c818_g1_i1"	0.066	0.182	0	0	0	0	0	0	0	0.161	0	0.16	0	0	0	0	0.157	0	0	0	0	0.14	0	0.172	0.182	0	0.188	0.181	0	0	0	0	0	0	0.179	0	0
"c113070_g1_i1"	0.221	0.193	0.203	0.16	0	0	0.172	0.376	0	0.532	0.18	0.17	0	0.457	0.316	0.179	0.174	0.226	0.22	0.762	0.334	0	0.166	0	0.192	0	0	0.201	0	0.168	0	0	0.188	0	0	0.156	0.348
"c106726_g1_i1"	0.558	1.027	0.779	0.364	0.532	1.357	0.936	0.28	0.138	0.271	1.213	1.057	0.321	0.855	0.121	0.273	0.391	0.496	0.335	0.815	1.534	0.692	0.875	0.151	0.445	0.413	0.763	0.302	0.832	0.257	1.101	0.312	0.711	0.394	0.603	0.713	1.214
"c3097_g1_i1"	0.525	0	0	0	1.345	0	1.185	0	1.229	0	0	0	0	1.581	0	1.574	0	0	0	0	0	0	1.409	0	0	0	0	0	0	0	0	0	0	0	0	0	0
"c141477_g4_i3"	2.173	2.29	1.841	1.624	1.944	2.866	2.207	2.087	3.295	1.736	2.171	1.576	1.296	1.733	2.825	2.027	2.583	2.966	4.228	2.304	1.495	2.067	2.782	2.446	1.849	1.804	2.245	1.48	1.686	1.817	2.075	2.322	1.619	1.429	1.675	3.434	1.922
"c34287_g1_i1"	0.123	0	0.712	0	1.519	0	0.296	0	0.636	0	0	0	0.742	0	0.267	0.311	0	0	0	0.254	0.285	0	1.151	0	0	0	0.343	0	0.616	0.573	0.603	0.335	0	0	0	0	0.887
"c146886_g1_i2"	1.107	0.824	2.463	1.482	1.828	1.03	2.255	0.57	1.674	1.445	2.076	2.029	1.551	0.784	0.607	0.349	1.122	0.677	1.017	1.2	1.505	1.41	0.691	0.765	0.374	0.134	0.708	1.359	1.21	1.383	1.059	0.947	0.859	1.212	1.228	0.913	2.291
"c106068_g1_i1"	26.466	21.446	19.306	25.276	23.594	22.155	21.957	20.985	24.483	21.932	24.444	22.637	20.589	20.008	27.019	22.953	24.721	16.949	25.254	27.984	22.303	24.903	25.158	21.435	23.278	22.042	21.713	22.776	19.971	21.522	20.549	21.819	24.17	19.44	23.226	22.16	21.793
"c117549_g1_i2"	0.057	0	0	0	0	0	0	0	0	0	0.256	0	0	0	0	0.132	0	0.158	0	0.114	0	0.114	0	0	0	0	0	0	0	0	0	0.3	0	0	0	0	0.127
"c111740_g2_i2"	0	0	0	0	0	0.122	0	0.258	0	0	0	0	0	0.316	0.219	0	0	0.147	0	0	0.118	0	0	0	0.131	0.125	0	0	0	0	0	0	0	0	0	0	0
"c133572_g1_i1"	23.326	17.294	15.476	15.207	16.871	15.658	17.695	14.671	16.791	17.798	19.923	18.296	18.407	16.555	15.97	16.1	19.043	16.069	19.385	20.977	16.147	15.784	15.992	16.294	17.863	16.822	16.327	16.453	15.443	16.386	15.277	18.308	17.97	16.504	16.203	19.265	15.321
"c91473_g1_i1"	0	0	0	0	0	0	0	0	0	0.582	0.569	0.274	0	0	0	0	0	0.361	0.347	0	0	0	0	0	0	0.307	0.321	0.644	0	0.543	0	0	0.622	0	0.324	0	0
"c85929_g1_i1"	0	0.685	0	0	0	0	0	0	0	0	0	0	0	0	0	0	0	0	0	0	0	0	0	0	0.687	0	0	0	0	0	0	0	0	0	0	0	0
"c125389_g1_i1"	11.183	10.894	13.431	12.172	9.48	17.81	11.265	13.09	11.77	9.902	17.061	7.105	8.34	12.176	11.146	8.201	11.104	18.832	11.634	7.165	11.604	10.266	10.234	18.999	13.245	15.43	18.793	8.216	25.007	8.909	9.909	9.114	9.212	9.025	20.87	12.44	11.889
"c85122_g1_i2"	0.123	0.161	0.169	0	0.435	0	0.143	0.463	0.307	0	0.294	0.142	0	0	0.13	0	0.139	0	0	0	0	0.123	0.138	0	0	0	0	0	0.151	0	0	0.162	0	0	0	0	0
"c152611_g1_i1"	0	0	0	0	0	0	0	0	0	0	0	0	0	0	0	0.905	0	0	0	0	0	0	0	0	0	0	0	0	0	0	0	0	0	0	0.904	0	0.729
"c121624_g2_i1"	0	0	0	0	0	0	0	0	0	0	0	0	0	0	0	0	0	0	0	0	0	0	0	0	0	0	0	0	0	2.538	0	0	0	0	0	0	0
"c112153_g1_i1"	0	0	0	0	0	0	0	0	0	0	0	0	0	0	1.522	0	0	0	0	0	0	0	0	0	0	0	0	0	0	0	0	0	0	0	0	0	0
"c82984_g1_i3"	0	0	0	0	0.29	0	0	0	0.307	0	0	0.283	0	0	0	0	0.287	0	0	0	0	0	0	0	0	0	0	0	0	0	0	0	0	0	0	0	0
"c48311_g1_i2"	0	0	0	0	0	0	0	0	0	0	0	0	0	0	0	0	0	0	0	0	0	0	0	0	0	0	0	0	0	0	0	0	0	0	0	0	0
"c147881_g1_i1"	0	0	0.056	0	0.048	0	0	0.108	0	0	0	0.047	0	0.07	0.089	0.104	0	0	0	0	0	0	0	0.119	0.061	0	0.055	0	0	0.049	0	0.058	0.049	0	0	0	0
"c138528_g2_i4"	15.57	20.301	35.934	28.062	34.961	37.313	35.582	37.711	13.56	34.001	18.122	34.895	22.372	12.012	21.256	32.878	24.652	18.945	26.895	14.548	26.777	25.428	22.514	25.573	27.339	17.052	17.477	13.19	25.612	29.098	19.024	29.327	27.636	31.332	33.231	19.456	29.512
"c167536_g1_i1"	0	0	0	0	0	0	0	0	0	0	0	0	0	0	0	0	0	0	0	0	0	0	0	0	0	1.91	0	0.836	0	0	0	0	0	0	0	0.635	0
"c147315_g1_i1"	0.803	0.899	1.017	0.772	0.987	0.847	0.726	0.635	0.71	1.124	0.701	1.444	0.753	1.007	1.603	0.999	0.983	1.15	1.051	1.121	0.639	0.674	0.894	0.991	0.839	0.681	0.984	0.967	0.594	0.761	1.006	0.843	0.908	0.394	0.569	0.452	1.088
"c140222_g2_i2"	0.221	0.578	0.983	0.284	0.735	0.857	0.315	1.215	1.006	0.532	0.104	0.519	1.008	1.218	0.559	0.32	0.2	1.173	0.266	0.455	1.111	0.718	0.387	1.519	0.465	1.056	1.814	0.463	1.091	0.909	1.08	1.086	0.336	0.828	1.764	0.183	0.961
"c41054_g1_i1"	0	0	0	0	1.345	0	0	0	0	0	0	0	0	0	0	0	0	0	0	0	0	0	0	0	0	0	0	0	0	0	1.09	0	0	0	0	0	0
"c155455_g1_i1"	0	0	0.192	0	0	0	0.162	0	0	0	0	0	0	0	0	0	0	0	0	0	0	0	0	0	0	0	0	0	0.519	0	0	0.185	0	0.158	0	0	0
"c143717_g4_i1"	1.107	1.595	1.288	0.311	1.035	1.51	0.554	2.528	2.204	6.301	0.55	0.283	1.728	0.913	0.405	0.33	0.148	1.804	0.716	0.972	0.797	1.218	0.875	2.651	0.394	1.391	0.686	0.745	0.378	0.267	1.196	1.132	1.155	0.847	0.882	1.226	3.78
"c108939_g2_i1"	0	0	0	0	0	0	0	0	0	0	0	0	0	0	0	0	0	0	0	0	0	0	0	0	0	0	0	0	0	0	0	0	0	0	0	0	0
"c76569_g1_i1"	0.189	0.503	0	0	0	0	0	0	0.466	0	0	0	0.565	0.574	0	0	0.461	0	0	0	0	0	0	0	0	0	0	0	0	0	0	0	0	0.414	0	0	0
"c133537_g1_i1"	26.236	42.902	70.275	34.911	41.849	43.117	37.521	49.661	69.412	48.88	38.501	44.076	55.853	72.751	31.333	55.576	37.956	59.563	49.319	26.749	71.58	51.61	34.48	71.147	66.015	68.947	93.004	49.197	71.162	36.723	58.481	55.478	51.165	48.999	80.253	51.066	61.917
"c120520_g1_i2"	0.697	1.584	2.372	0.754	1.664	0.602	0.717	0.624	0.509	1.324	0.844	0.594	0.864	0.304	0.421	0.603	0.348	0	0.3	1.042	1.259	0.92	0.332	1.326	0.394	0.365	2.334	0.131	1.243	0.573	0.985	0.681	0.889	1.054	1.206	1.061	1.33
"c145921_g2_i6"	0.156	0.417	0	0	0	0	0	0	0.784	0	0	0	0.465	0.96	0	0	0	0	0	0	0	0	0.728	0	0	0.854	0.841	0	0.389	1.067	0	0	0	0.7	0	0.339	0
"c108218_g1_i1"	1	0	0	0.266	0.3	0.622	1.194	0.323	0	0.311	0	0.585	0	0.386	0.267	0	0.6	0.383	0.37	1.804	0.285	0	1.151	0.323	0	0.988	0.343	0.342	0	0	0	1.34	0.987	0.571	0.335	0.269	0
"c80285_g1_i1"	0	0	0	0	0	0	0	0	0.191	0	0	0.179	0.222	0	0	0	0	0	0	0.158	0.344	0	0	0	0.202	0	0	0	0	0	0	0.208	0	0	0	0	0
"c113830_g1_i1"	0	0	0	0	0	0	0	0	0	0	0	0	0	0	0	0	0	0	0	0	0	0	0	0	0	0	0	0	0	0	0	0	0	0	0	0	0
"c98936_g1_i1"	0	0	0.418	0	0.358	0	0	0	0	0	0	0	0	0	0.316	0	0	0	0	0	0.334	0	1.013	1.11	0	0.393	0	0	0	0	0	0	0	0	0	0.313	0
"c95386_g1_i1"	0	0	0	0	0	0	0	0	0	0	0	0	0	0	0	0	0	0	0	0.867	0	0	0	0	0	0	0	0	0	0.998	0	0	0	0	0	0	0
"c150639_g1_i1"	0	0	0	0	0	0	0	0	0.519	0	0	0	0	0	0.453	0	0	0	0	0	0.472	0	0	0	0.566	0	0	2.326	0	0	0.487	0	0	0	0	0	0
"c41488_g1_i1"	0	0	0	0	0	0	0	0	0	0	0	0	0	0	0	0	0.513	0	0	0.841	0	0	0	0	0	0	0.553	0	0	0.474	0.487	0	0	0	0	0	0
"c173232_g1_i1"	0	0	0	0	0	0	0	0	0	0	3.715	0	0	0	0	0	0	0	0	0	0	0	0	0	0	0	0	0	0	0	0	0	0	0	0	0	0
"c107451_g1_i1"	0	0	0	0	0	0	0	0	0.106	0.201	0.104	0	0	0	0	0	0	0	0	0.088	0	0	0	0	0	0	0	0	0.508	0.099	0.307	0.797	0	0.581	0.112	0	0.201
"c140326_g1_i1"	0.107	0.118	0.056	0.186	0.048	0.163	0.105	0.161	0.117	0.211	0.322	0.16	0.188	0	0.049	0.32	0.304	0.068	0	0.28	0.207	0.315	0.046	0	0.121	0.259	0.31	0.232	0.216	0.306	0.053	0.185	0.059	0.049	0.056	0.278	0.053
"c131826_g1_i1"	0.574	1.006	0.666	0.417	0.909	0.347	0.229	0.237	0.371	0.692	0.692	0.34	0.41	0.878	0.405	0.584	0.67	0.282	0.566	1.104	0.551	1.375	0.424	0.377	0.384	0.23	0.531	0.765	0.357	0.553	0.233	0.924	0.365	0.788	0.77	0.513	0.581
"c50833_g1_i1"	0	0	0	0	0	0	0	0	0	0	0.72	0	0	0	0	0	0	0	0	0	0	0	0	0	0	0	0	0	0.367	0	0	0	0	0.67	0.402	0	0
"c165323_g1_i1"	0.394	0	0	0.79	0.987	1.03	0	0	0.943	0	1.848	0.887	0	0	0	0	0	0	0	0	0	0	0	0	0	0	0	0	0.94	0	0	0	0	0	0	0	0
"c142504_g1_i3"	1.033	0.246	0.452	0.319	0.919	0.643	0.325	0.678	1.07	1.906	1.308	0.189	0.31	0.164	0.032	0.094	0.4	0.203	0.439	0.455	1.052	1.051	0.295	0	1.283	0.249	0.409	1.128	0.4	0.217	0.064	0.785	1.274	0.729	1.686	0.4	0
"c39561_g1_i1"	0	0	0	0	0	0	0	0	0	0	0	0	0	0	0.259	0	0	0	0	0	0	0	0	0.313	0	0	0.332	0	0	0	0	0	0	0	0.335	0	0
"c109034_g2_i1"	0.287	0.771	0	0	0	0	0	0	0	0	0	0	0	0	0	0	0	0.902	0	0.561	1.278	0	0	0	0	0	1.482	0	0	0	0	0	0	0	0	0	0
"c140536_g1_i3"	0.098	0.268	0.361	0.018	0.135	0.316	0.067	0.376	0.381	0.271	0.047	0.019	0.21	0.281	0.016	0.179	0	0.214	0.22	0.158	0.275	0.035	0.037	0.377	0.202	0.24	0.619	0.07	0.627	0.326	0.191	0.647	0.02	0.424	0.625	0	0.317
"c109780_g1_i1"	0.074	0	0.068	0.213	0	0.061	0.057	0	0	0	0.123	0.113	0.144	0.07	0	0	0.287	0.586	0	1.349	1.131	0	1.465	0	0	0	0	0.06	0	0.059	0	0.069	0.059	0.177	0	0	0
"c146061_g1_i3"	0.377	0.482	0.316	0.594	0.542	0.306	0.411	0.602	0.244	0.181	0.218	0.51	0.432	0.234	0.429	0.452	0.487	0.406	0.566	0.455	0.6	0.342	0.654	0.259	0.232	0.355	0.265	0.413	0.184	0.583	0.36	0.427	0.346	0.335	0.424	0.322	0.496
"c144027_g1_i3"	0.303	0.268	1.401	1.082	0.242	0.724	1.758	0.667	0.848	1.043	1.213	0.868	0.764	0.714	0.704	0.726	1.156	1.094	0.89	0.911	0.61	0.893	0.967	1.336	1.243	1.746	2.035	0.614	1.664	0.691	0.995	1.386	0.671	1.882	1.251	1.565	2.027
"c173272_g1_i1"	0.107	0.289	0	0	0	0	0.258	0	0	0	0	0.255	0	0.328	0	0	0	0	0	0.219	0	0.219	0.249	0.28	0	0	0.288	0.292	0.53	0.247	0	0	0	0	0	0	0
"c143771_g4_i10"	0.074	0	0	0	0	0	0.172	0	0	0	0	0	0	0	0	0	0	0	0	0	0	0	0	0	0	0	0	0	0	0	0	0	0	0	0	0.156	0
"c138253_g2_i4"	1.14	1.477	1.48	0.798	1.151	1.265	0.927	1.334	1.239	1.254	0.844	0.972	1.717	1.815	1.206	1.763	1.287	1.861	1.964	0.858	1.406	0.753	1.087	1.994	1.101	2.006	2.212	1.118	1.859	0.968	1.016	1.675	1.59	1.409	1.251	0.678	1.732
"c122892_g1_i4"	0.451	0.375	0.158	0.452	0.726	0.347	0.392	0.194	0.117	0.05	0.427	0.264	0.31	0.035	0.324	0.895	0.104	0.226	0.127	0.184	0.148	0.272	0.359	0.205	0.465	0.461	0.122	0.433	0.162	0.099	0.106	0.127	0.662	0.079	0.268	0.278	0.084
"c162768_g1_i1"	0	0	0	0	0	0	0	0	0	0	4.095	0	0	0	0	0	0	0	0	0	0	0	0	0	0	0	0	0	0	0	0	0	0	1.123	0	0	0
"c122593_g1_i1"	4.813	8.518	4.53	1.624	15.449	0.694	2.245	10.078	3.104	5.528	1.829	7.804	13.545	15.079	16.205	16.194	14.034	17.964	3.639	13.506	0.649	0.78	1.29	4.677	4.031	4.328	3.097	23.179	0.238	3.477	2.287	7.416	10.535	6.946	1.273	1.817	2.935
"c113818_g2_i1"	0	0.096	0	0.55	0	0.265	0.354	0.28	0.466	0.09	1.592	0.349	0	0.117	0	0.358	5.322	0.113	0	0.079	0.089	1.2	0.654	0	0	0	0	0	0.086	0.089	0.095	0.508	0.188	0.168	0.592	0.078	0
"c174275_g1_i1"	0.467	0	0	0	0	0.602	0	0	0	0.592	0	0	0	0	1.546	0	0	0	0	0	0	0	0	0	0	0	0	0	0	0	0	0.601	0.652	0	0.636	0.504	0.539
"c110233_g1_i1"	0.016	0	0.079	0.035	0	0.071	0.143	0.183	0.148	0.1	0.427	0.038	0.044	0	0	0.038	0.104	0.045	0.081	0.219	0.03	0.026	0.028	0.043	0	0	0	0.04	0.076	0.069	0.106	0.081	0.039	0.069	0.033	0.035	0.032
"c59685_g1_i1"	0	0	0	0	0	0	0	0	0.17	0	0	0	0	0	0	0	0	0	0.196	0.14	0	0	0.147	0.172	0.182	0	0.188	0	0	0	0	0	0	0	0	0	0.158
"c142001_g1_i2"	0.5	0.492	0.26	0.133	0.222	0.306	0.822	0.075	0.795	0.221	0.758	0.519	0.177	0.187	0.397	0.075	0.357	0.09	0.277	0.324	0.069	0	0.276	0	0.253	0.144	0.177	0	0	0.583	0.392	0.693	0.158	0.296	0.246	0.269	0.074
"c137971_g1_i1"	1.755	0.995	1.886	1.411	1.219	1.306	0.841	1.151	0.625	1.304	2.426	1.481	1.008	0.503	1.433	0.848	1.183	0.485	0.959	1.533	1.436	1.726	0.479	1.164	1.364	1.986	0.454	0.926	1.016	0.879	0.942	1.051	0.82	0.7	1.083	1.495	1.447
"c2645_g2_i1"	1.246	1.734	3.829	2.413	3.279	1.754	0	1.721	1.451	1.686	0	1.378	0	0	2.93	0	0	0	3.604	1.147	0	5.037	1.769	2.651	3.465	0	1.515	0	0	2.667	3.79	0	0	0	3.473	1.382	1.267
"c156177_g1_i1"	0.672	0	0	1.278	0	0	0	0	0	0	0	0	0	0	1.578	2.168	0	0	0	0	0	0	0	0	0	0	0	0	0	0	0	0	0	0	0	0	0
"c69899_g1_i1"	0	0	0	0	0	0	0	0	0	0	0	0	0.897	0	0	0	0	0	0	0	0	0.587	0	0	0	0	0	0	0	0	0	0	0.82	0	0	0	0
"c143606_g1_i1"	0.107	0.428	0.305	0.115	0.387	0	0.134	0	0.551	0.13	0	0.255	0	0	0.235	0.264	0	0.327	0	0	0	0	0.12	0	0.141	0.269	0.896	0.292	0.681	0.128	0.138	0	0.138	0.631	0.435	0.113	0
"c169183_g1_i1"	0	1.22	0	0	0	0	1.022	0	0	0	0	0	0	0	0	0	0	0	0	0	0	0	0	0	0	0	0	0	0	0	0	0	1.382	0	0	0	0
"c143476_g2_i5"	0.336	0.086	0.429	0.319	0.184	0.214	0.239	0.194	0.254	0.05	0.085	0.236	0.155	0.176	0.469	0.32	0.278	0.327	0.3	0.184	0.256	0.026	0.249	0.183	0.445	0.384	1.173	0.322	0.357	0.257	0.191	0.035	0.583	0.374	0.179	0.8	0.275
"c12747_g2_i1"	0	0	0	0	0	0	0	0	0	0.341	1.327	0	0	0	0	0	0	0	0	0	0	0	0	0	0	0	0	0	0.335	0	0	0	0	0	0	0	0
"c124369_g2_i1"	0	0	0	0	0	0	0	0	0	0.201	0.199	0	0.244	0	0	0	0	0	0	0	0	0	0	0.216	0	0	0	0	0	0	0	0	0	0	0	0	0
"c140893_g1_i3"	0.041	0.107	0.113	0	0	0	0	0	0	0.1	0.199	0.198	0.122	0	0.089	0.104	0.096	0.124	0	0	0	0	0	0.108	0.222	0	0.111	0.111	0.205	0	0	0	0.207	0.197	0.112	0	0
"c85473_g1_i1"	0	0.214	0	0	0.193	0.204	0	0	0.212	0.201	0.597	0	0	0.258	0	0	0	0.248	0.243	0	0.187	0.166	0.184	0.862	0	0.413	0.221	0	0	0.188	0.201	0	0	0.384	0.223	0.174	0
"c135415_g1_i5"	0.353	0.428	0.531	0.532	0.387	0.194	0.325	0.14	0.138	0.261	1.194	0.198	0.233	0.082	0.291	0.066	0.313	0.733	0.323	0.464	0.256	0.508	0.368	0.593	0.293	0.259	0.376	0.141	0.411	0.188	0.275	0.081	0.484	0.384	0.368	0.296	0.264
"c157597_g1_i1"	0	0	0	0	0	0	0	0	0	0	0	0	0	0	0	0	0	0	0	0	0.885	0.815	0	0	0	0	0	0	0	0	0	0	0	0	0	0	0
"c28061_g1_i2"	0.426	0.086	0.169	0.133	0.58	0.296	0.736	0.774	0.477	0.592	0.37	0.142	0.089	0.375	1.044	0.226	0.357	0.271	0.462	0.902	0.57	0	0.617	0.248	0.576	0.221	0.088	0.493	0.151	0.217	0.529	0.173	0.158	0.069	0.167	0.2	0.37
"c2810_g1_i1"	0.369	0.246	0.791	0.195	0	0	0.22	0.237	0.233	0	0.673	0	0	0.281	0	0.462	0.435	0	0	0.578	0.216	0	0	0.248	0	0	0	0	0	0.217	0.222	0.254	0	0	0	0.2	0.222
"c103367_g1_i1"	0	0	0	0	0	0	0	0	0	0	0	0	0	0	0	0	0	0	0	0	0	0	0	0	0	0	0	0	0	0	0	0	0	0	0	0	0
"c968_g1_i1"	0	0	0	0	0	0	0	0	0	0	0.9	0	0	0	0	0	0	0	0	0	0	0	0	0	0	0	0	0	0	0.425	0	0	0	0	0	0	0
"c85652_g1_i1"	0.049	0	0	0	0	0	0.22	0	0	0	0	0	0	0	0	0	0.113	0.282	0	0.193	0	0	0	0.129	0	0	0	0	0.119	0.109	0	0.127	0	0	0	0	0
"c161562_g1_i1"	0	0	0	0	0	0	0.22	0	0	0	0	0	0	0	0	0	0	0	0	0	0	0	0	0	0	0	0	0	0.692	0	0	0.508	0	0	0	0	0
"c24865_g1_i1"	0	0	0	0	0	0.418	0	0	0	0.411	0	0	0	0	0	0	0	0.507	0	0	0	0	0	0	0	0	0	0	0	0	0	0	0	0	0.447	0	0
"c138196_g1_i5"	0.476	0.225	0.034	0.559	0.387	0.306	0.134	0.323	0.053	0.221	0.379	0.557	0.321	0.105	0.389	0.528	0.322	0.372	0.104	0.166	0.325	0.149	0.322	0.345	0.434	0.326	0.155	0.282	0.086	0.316	0.191	0.219	0.454	0.207	0.19	0.391	0.158
"c121284_g1_i1"	2.369	2.44	2.248	2.271	2.399	2.734	2.217	2.84	2.67	2.137	2.057	2.199	3.012	1.358	1.967	3.035	2.522	1.195	2.149	1.524	1.573	2.978	1.437	1.616	1.606	1.353	1.891	4.279	1.902	2.608	1.397	1.998	1.728	0.759	2.49	3.086	3.822
"c108729_g1_i1"	0	0	0	0	0	0	0	0	0	0	2.218	0	0	0	0	0	0	0	0	0	0	0	0	0	2.728	0	0	0	0	0	0	0	0	0	0	2.191	0
"c144578_g2_i1"	13.569	8.518	9.636	17.762	14.259	12.893	18.192	15.112	11.463	16.855	15.326	12.842	8.783	11.567	11.785	13.574	17.791	12.111	10.86	14.075	11.397	15.548	13.993	14.096	11.487	13.684	11.449	11.559	10.98	11.744	17.817	13.665	15.107	12.099	11.457	12.658	12.966
"c126304_g1_i3"	0.361	0	0	0	0	0	0	0	0	0	0	0.425	0	0	0	0	0	0	0	0	0	0	0	0	0	0	0	0	0	0	0	0	0	0	0	0	0
"c114738_g1_i1"	4.313	4.099	0.734	11.063	5.64	0.653	3.564	1.979	7.511	3.19	3.033	11.163	4.674	0.773	27.95	5.411	5.696	10.408	8.214	28.86	1.711	10.362	11.662	10.518	5.486	0	7.345	12.868	3.707	10.262	5.219	1.941	6.398	6.03	2.077	21.386	6.325
"c63336_g1_i1"	0.279	0	0.26	0.195	0.222	0.224	0	0	0.699	0.221	0	0.217	0.543	0.562	0	0	0	0	0	0.385	0.207	0	0	0.485	0.242	0	0	0	0	0.207	0	0.254	0	0.424	0.491	0.2	0.665
"c69487_g1_i1"	5.214	5.158	4.632	8.455	6.578	5.977	7.013	7.056	7.914	6.05	11.535	4.539	3.3	4.824	2.712	4.44	2.756	3.033	3.281	5.965	3.314	4.975	4.449	3.966	3.95	4.702	3.871	5.87	4.539	9.136	4.616	5.036	5.588	6.079	6.276	5.425	7.222
"c143288_g1_i1"	7.699	6.282	7.953	9.387	6.83	6.691	7.577	8.626	6.738	7.886	9.251	8.228	8.473	9.378	11.211	9.53	9.548	12.483	8.445	12.394	8.28	9.162	10.999	7.134	9.022	10.728	6.67	8.518	6.257	8.386	7.114	9.68	7.109	7.567	7.895	7.381	7.94
"c68392_g1_i1"	0	0	0	0	0	0	0	0	0	0	1.299	0	0	0	0	0	0	0	0	0	0	0	0	0	0	0	0	0	0	0	0.614	0	0	0	0	0	0
"c183414_g1_i1"	0	0	0	0	0	0	0	0	0	0	0	0	0	0	0	0	0	0	0	0	0	0	0	0	0	0	0	0	0	0	1.662	0	0	0	0	0	0
"c61483_g1_i1"	0.148	0	0	0	0.706	0	0	0.742	0	0.722	0	0.34	0	0	0.316	0.368	0.696	0	0	0	0.334	0	0.341	0	0	1.18	0.398	0	0	0	0.349	0.381	0	0	0	0	0
"c149459_g1_i1"	0	0	0	0.142	0	0	0	0.172	0	0	0	0	0	0	0.146	0	0.157	0	0	0	0	0	0	0	0.354	0	0	0	0	0	0	0	0.168	0.158	0	0	0
"c140451_g1_i2"	11.167	6.143	16.549	7.115	9.142	9.14	7.701	8.401	12.183	8.267	10.018	10.767	9.17	7.633	8.159	5.938	6.809	8.469	6.389	7.568	9.863	9.013	8.622	8.244	6.85	7.283	9.745	4.672	12.73	7.625	9.062	10.811	7.05	9.567	8.699	9.554	16.271
"c154659_g1_i1"	0	0	5.298	0	0	0	0	0	0	0	0	0	0	0	0	0	0	5.943	0	4.905	0	0	0	5.184	0	0	0	0	0	0	0	0	0	2.306	0	0	2.566
"c96903_g1_i1"	0	0	0.373	0.284	0.319	0.326	0	0	0.328	0	0	0	0	0	0.283	0.33	0	0	0	0	0	0	0	0	0	0	0	0.362	0	0	0.318	0	0	0	0	0.287	0
"c162752_g1_i1"	0	0	0	0	0	0	0	0	0	0	1.848	0	0	0	0	0	0	1.286	0	0	0	0	0	0	1.071	0	0	0	0	0	0	0	0	0	0	0	0
"c101579_g1_i1"	0	0.353	0.746	0.284	0	0.326	0	0.333	0	0.321	0.635	0	0	0	0	0.33	0	0	0	0.272	0.6	0.543	0	0	0.707	0	0	0	0.983	0.306	0	0.705	0	0	0	0	0.623
"c37497_g1_i1"	0	0	0	0	0.493	0	0	0.527	0	0	0	0	0	0.621	0	0	0	0	0	0.412	0	0	0.479	0	0	0	0	0	0	0	0	0	0	0	0	0	0
"c171201_g1_i1"	0.115	1.477	0	0	1.074	0	0	0.28	0	0	0	1.831	1.639	0	0.243	1.112	0	0.338	0	0.692	0	0	0.258	0	0	0	0	0.302	0	0.257	0	0	0	0	0	0	0
"c135478_g1_i2"	0.156	0.075	1.615	0.124	0.822	0	0.029	0.065	0	0.171	0.038	0.623	0.078	0.468	0.38	0.038	0.383	0.158	0.786	1.288	1.691	0.088	0.368	0.108	0.364	0.23	0	0.111	0.065	0.128	0.032	0.035	0.039	0.66	1.117	0.174	1.489
"c130691_g1_i2"	0	0.342	0.361	0	0.629	0	0.315	0.495	0	0.472	0	0.925	0.188	0.398	0.275	0.481	0.157	0.192	0	0.683	0	0	0	0	0.344	0	0	0.524	0.162	0.148	0	0	0	0.305	0	0	0
"c118406_g2_i1"	0.533	0	0.779	0	0	0	0	0	0.657	0	0.645	0.623	0	0	0	0.716	0	1.703	0.786	0	1.21	0	1.308	0	0	0	0.708	0	0.648	0	0.614	0	0	0	0	0	0
"c132726_g1_i2"	0.607	0.107	0.181	1.056	1.354	0.561	0.707	0.688	0.212	0.863	0.408	1.057	1.141	0.843	1.157	0.104	0.487	0	0.058	0.131	0	0.473	0	0.399	0	0.844	0.055	0.503	0.789	0.484	0.678	1.109	1.955	0.946	0.391	0.669	0.306
"c116305_g2_i1"	0.123	0	0	0	0	0	0	0	0	0	0	0	0	0	0	0.641	0.304	0.383	0.381	0	0.285	0	0.295	0	0	0	0	0	0	0.286	0.307	0	0	0	0	0	0.602
"c48383_g1_i1"	0.197	1.605	0	0.417	0.493	0.5	1.414	0.516	0.996	0	0.483	1.859	0	0.609	0.437	0	0.487	0	0.589	1.612	0	0.815	0.47	0.991	0	1.152	0.531	0	0.486	0.909	0	0.52	0	0	0.547	0.861	0.919
"c181542_g1_i1"	0	0.235	0	0.195	0	0.224	0	0.452	0.456	0.221	0	0	0	0	0.194	0	0	0	0	0	0	0	0	0.237	0.96	0	0	0	0.227	0	0	0	0.464	0	0	0	0.211
"c100679_g1_i2"	0	0	0	0	0	0	0	0	0	0	0	0	0	0	0	0	0	0	0	0	0	0	0	0	0	0	0	0	0	0	0	0	0	0	0	0	0
"c133368_g5_i1"	1.14	0	0.994	0.754	1.48	0.428	2.092	0	0.445	0.211	0.427	1.246	0	1.077	0.38	1.084	0.617	1.849	1.305	0.543	0.197	0	1.594	0	0.465	0.221	0	0.473	2.172	3.032	0.423	0	0.681	1.015	0.234	2.443	0
"c132411_g1_i1"	0.041	0.021	0.102	0.062	0.019	0.041	0.086	0	0.042	0.171	0.066	0.019	0.055	0.059	0.04	0.17	0	0.079	0.081	0.061	0.059	0.096	0.037	0	0.051	0.125	0	0.02	0.022	0	0.042	0.023	0.02	0.039	0.145	0.096	0.021
"c50961_g1_i1"	0.303	0	0	0	0.368	0.377	0	0	0	0.371	0.36	0	0	0	0	0	0	0	0	0	0	0	0.35	0	0	0	0	0.413	0	0	0	0	0	0	0	0	0
"c132966_g1_i1"	0.812	0.771	0.971	0.603	0.958	0.938	0.669	1.151	0.953	0.943	0.626	0.632	1.085	0.983	0.818	0.961	0.774	1.026	0.913	0.631	1.072	1.077	1.059	1.423	0.919	0.883	1.161	0.826	0.746	0.691	0.815	1.109	0.859	0.749	0.871	0.748	0.94
"c121077_g1_i1"	0.123	0	0.226	0.089	0	0.296	0.096	0.204	0.106	0	0	0.094	0.465	0	0	0.292	0.096	0	0.243	0	0	0	0.175	0.216	0.212	0.969	0.111	0	0	0.089	0	0.219	0	0	0	0	0.095
"c113490_g1_i1"	0.156	0.171	0.09	0	0.077	0	0	0.075	0.085	0	0	0.075	0	0	0.065	0	0	0	0	0	0	0.131	0	0.259	0.081	0.154	0	0	0.076	0.148	0.074	0.347	0.079	0.148	0	0.07	0.074
"c117764_g1_i1"	0.32	0.428	0.113	0.435	0.387	0.775	0.573	0.602	0.614	0.482	1.261	0.67	0.233	0.375	0.259	0.584	0.835	0.474	0.474	0.508	0.551	0.657	0.626	0.431	0.323	0.672	0.221	0.423	0.303	0.652	0.794	0.116	0.207	0.286	0.536	0.339	0.486
"c132828_g1_i1"	4.845	4.291	3.253	4.817	3.057	5.1	6.507	4.733	3.74	3.963	2.673	4.086	3.932	3.746	5.051	3.054	2.487	4.871	4.794	7.138	4.229	4.134	5.536	5.227	3.193	4.184	4.004	4.571	3.642	3.99	3.208	5.498	4.591	2.611	4.053	4.451	3.822
"c13875_g1_i1"	0	0	0	0	0	0	0	0	0	0	0	0	0	0	0	0.669	0	0	0	0	0	0	0	0	0	0	0	0	0	0	0	0	0	0	0	0	0
"c52188_g1_i1"	0	0	0	0	0	0	0	0	0	0	0	0	0	0	0	0	0	0	0	1.743	0	0	0	0	0	0	0	0	0	0	0	0	0	0.916	0	0	0
"c131506_g1_i1"	0.18	0.289	0.508	0.559	0.609	0.265	0.172	0.097	0.191	0.532	0.085	0.434	0.321	0.117	0.623	0.622	0.174	0	0.543	0.158	0.167	0.307	0.488	0.291	0.101	0.701	0.409	0.483	0.086	0.346	0.095	0.508	0.276	0.089	0.301	0.548	0.18
"c107033_g1_i2"	0.426	0.385	0.802	0.311	0.348	0.173	0.344	1.086	0.731	0.171	0.521	0.849	0.21	0.445	0.154	0.179	0.504	0	0.427	0.596	0.325	0	0.166	0	0.576	0.71	0	0.191	0.357	0	0	0	0.553	0.838	0.19	0.609	0.866
"c73873_g1_i1"	0	0	0	0	0	0	0	0	0	0	0.246	0	0	0	0	0	0	0	0	0	0	0	0	0	0	0	0	0	0.767	0	0	0.277	0	0.473	0	0	0
"c15852_g1_i1"	0	0	0	0	0	0	0	0	0	0	0	0	0	0	0	0	0	1.894	2.738	0	0	0	0	0	0	0	0	0	0	0	0	0	0	0	0	0	0
"c89814_g1_i1"	0.107	0	0	0	0	0	0.248	0.398	0.138	0.13	0.379	0	0.155	0	0	0	0	0.158	0.15	0.105	0	0	0.12	0	0	0	0.144	0	0.13	0.119	0	0	0	0	0	0.226	0
"c141181_g1_i6"	4.927	2.75	2.067	2.174	2.37	2.387	1.586	1.301	1.017	2.328	3.479	4.963	2.182	1.791	2.784	4.016	3.522	2.3	2.16	1.874	1.691	3.407	3.418	1.347	3.041	1.708	1.438	2.85	1.437	2.252	2.075	2.426	3.002	1.439	1.005	4.338	1.246
"c105039_g1_i1"	0	0.268	0	0	0	0	0.248	0	0	0	0	0	0	0	0	0	0	0.316	0	0	0	0	0	0	0	0	0	0	0	0	0	0.277	0	0	0	0	0
"c56812_g1_i1"	0	0	0	0	0	0	0	0	0	0	0	0	0	0	0	0	0	0	0	0	0	0	0	0	0	0	0	0	0	0	0	0	0	0	0	0	0
"c70679_g1_i2"	0	0	0	0	0	0	0	0	0	0	0	0	0	0	0	0	0	0	0	0	0	0	0	0	0	0	0	0	0	0	0	0	0	0	0	0	0
"c129164_g1_i3"	78.512	141.73	98.753	139.414	119.916	107.441	124.899	91.502	62.526	111.766	124.43	140.352	120.034	123.703	109.411	145.898	111.615	124.628	110.848	79.275	103.127	110.665	103.56	88.529	135.373	87.15	77.197	128.037	85.568	163.259	129.729	121.225	119.924	119.694	80.164	93.899	111.016
"c134839_g1_i1"	0.18	0.235	0.249	0.142	0.426	0.051	0	0.054	0	0.321	0.493	0.321	0.133	0.14	0.097	0.434	0.209	0	0	0.096	0.207	0.184	0.046	0	0.121	0.106	0.122	0.121	0.054	0.257	0.169	0.058	0.059	0.158	0.056	0.287	0
"c127718_g1_i1"	0	0	0	0	0	0	0.334	0	0	0	0	0	0	0	0	0.17	0	0	0	0	0	0	0.157	0	0	0	0	0	0	0	0.169	0.196	0.355	0.158	0	0	0
"c145893_g2_i1"	0	0	0	0	0	0.204	0	0	0	0	0	0	0	0	0.186	0	0	0	0.508	0.175	0.197	0.175	0.193	0	0	0	0	0.232	0.216	0	0	0.231	0	0.197	0.458	0	0
"c129047_g2_i6"	0	0	0	0	0.174	0	0	0	0.18	0	0	0	0	0	0	0	0	0	0	0	0	0	0.479	0	0	0.173	0.199	0	0	0.168	0	0	0.188	0	0	0	0
"c100236_g1_i1"	0.918	0	0.644	1.224	0.832	0	1.634	0.581	0.583	1.966	0.55	0.538	0.332	0.702	0.988	0.575	0.548	1.387	1.017	0.473	0.787	0.237	1.317	0	0	0	0.619	0.312	0	0.79	0.826	0	0	0	1.854	0.739	0
"c144629_g2_i1"	0	0	0	0	0	0	0.268	0	0	0.281	0	0	0	0.351	0	0	0	0	0	0	0	0	0	0	0	0	0	0	0	0	0.275	0	0.296	0	0	0	0
"c147778_g1_i1"	0.148	0	0.429	0	0	0	0.354	0.387	0.381	0.371	0	0	0	0	0	0	0	0	0	0.307	0.344	1.235	0	1.53	0	0.413	0.409	0	0	0.346	0	0	0	0.335	0	0.643	0.348
"c89747_g1_i1"	0.131	0	0	0	0.31	0	0	0	0	0	0	0	0	0	0.275	0.32	0	0.395	0	0	0	0.788	0	0.334	0.344	1.363	0.354	0	0	0	0	0	0.681	0	0	0	0
"c129479_g1_i1"	0.205	0.193	0.226	0.08	0.174	0.153	0.172	0.161	0.487	0.261	0.152	0.066	0.31	0.246	0.227	0.198	0.122	0.079	0.266	0.096	0.039	0.201	0.037	0.075	0.212	0.23	0.055	0.191	0.292	0.148	0.201	0.046	0.158	0.128	0.368	0.035	0.222
"c110580_g1_i1"	0	0	0.339	0.248	0	0	0	0	0	0	1.431	0	0.343	0	0.251	0	0	0	0	0	0.541	0.245	0	0	0.313	0	0	0.644	0	0.267	0.572	0.635	0	0	0	0	0.285
"c104028_g1_i1"	0.213	0	0	0	0	0.347	0	0	0.54	0	0	0.33	0.21	0.433	0.154	0.17	0.165	0	0.208	0.298	0.157	0	0	0	0	0	0.199	0	0	0	0.169	0.381	0	0.168	0	0	0.338
"c142497_g5_i2"	0.098	0	0	0	0	0	0	0	0	0	0	0	0	0	0	0	0	0	0	0	0.226	0	0	0	0	0	0	0	0	0	0	0	0	0	0	0	0
"c57460_g1_i1"	0.082	0	0	0	0	0	0	0.204	0	0	0	0	0	0	0	0.198	0.191	0	0	0	0	0	0	0.42	0	0	0	0	0	0	0	0	0	0	0	0	0
"c129508_g1_i1"	12.544	5.351	5.659	6.947	9.838	7.987	11.504	10.971	11.05	5.508	10.426	6.398	4.585	8.031	10.976	5.448	9.182	10.149	4.61	6.893	3.039	4.388	6.015	6.272	4.85	4.798	5.708	7.048	9.813	6.944	7.315	7.196	8.165	5.764	9.804	9.076	2.112
"c116062_g1_i2"	0.344	0	0	0	1.122	0.286	0	0	0	0.281	0.559	0.547	0	0	0	0.292	0	0	0	0	0	0.473	0.267	0	0	0.307	0	0.312	0.292	0.267	0.561	0.312	0	0.266	0.313	0	0.275
"c152182_g1_i1"	0	0	0.554	0	0	0	0	0	0	0	0	0	0	0.585	0	0.5	0	0	0	0.78	0	0	0.451	0	0	0	0	0	0	0	0	0	0.523	0	0	0	0
"c113731_g1_i1"	2.025	4.976	5.919	1.615	3.608	2.948	2.694	3.238	5.922	4.204	1.82	2.133	6.346	5.315	1.765	3.516	1.409	2.255	2.23	1.41	2.242	0.622	1.354	3.362	2.809	3.56	4.325	1.611	5.598	4.682	6.606	5.533	1.935	4.178	4.656	2.73	3.611
"c120385_g1_i1"	0.443	0	0.249	0.373	0.213	0	0.42	0.667	0.222	0	0	0	1.03	0.269	0	0	0	0	0	1.095	0.6	0.543	0.396	0.226	0	0.221	0.243	0	0.216	0	0	0.243	0	0.404	0	0	0.845
"c147465_g2_i1"	0.164	0.663	0.7	0.177	0.203	0	0.201	0	0	0.201	0	0.396	0	0.515	0	0.207	0.391	0.248	0.739	0.35	0.384	0.175	0	0.216	0.667	0	0.454	0.453	0	0.385	0.614	0.231	0.652	0.769	0	0	0
"c147143_g1_i7"	0.139	0.214	0.136	0.16	0.213	0.153	0.057	0.065	0.127	0.271	0.133	0.038	0.089	0.023	0.081	0.075	0.096	0.259	0.196	0.07	0.187	0.201	0.23	0.151	0.111	0.115	0.111	0.191	0.076	0.188	0.116	0.069	0.059	0.168	0.089	0.174	0.18
"c128254_g2_i1"	0.492	0.332	0	0.266	0	0	0	0	0.307	0	0	0	0	0.375	0	0.311	0	1.128	0.37	0.254	0.561	0.762	0.286	0.323	0.333	0.653	0.332	0.332	0.303	0	0.296	0.335	0	0.562	0	0.261	0
"c113442_g1_i1"	0	0	0	0	2.535	0	0	0	0	0	0	0	0	0	0	0	0	0	0	1.866	0	0	0	1.099	2.718	0	0	1.49	0	0	0	0	0	0	0	0	0
"c170472_g1_i1"	0	0	0	0	0	2.162	0	0	0	0	0	0	0	0	0	0	0	0	0	1.34	0	0	0	0	2.091	0	0	0	0	0	0	1.617	0	0	0	0	0
"c124653_g1_i2"	0.787	0.546	0.226	0.807	0.59	0.102	0.889	0.108	0.53	0.301	1.099	1.076	0.952	0.129	1.052	1.404	0.956	0.372	0.37	0.263	0.098	0.683	0.461	0.442	0.546	0.202	0.232	0.876	0.929	0.286	0.307	0.681	0.109	0.197	0.67	0.443	0.602
"c79242_g2_i1"	0	0	0	0	0	0	0	0	0	0	0	0	0	0	0	0	0	0	0	0	0	0	0	0	0	0	0	0	0	0	0	0	0	0	0	0	0
"c146409_g2_i3"	3.853	3.457	4.315	3.913	3.87	3.56	5.16	3.098	3.496	3.933	3.915	4.029	3.633	2.927	3.432	3.412	3.583	3.394	3.293	3.95	2.891	3.442	3.501	3.545	3.081	2.984	3.13	3.454	4.679	3.664	3.621	3.13	3.179	3.35	4.522	3.147	4.635
"c28244_g1_i1"	0.074	0	0	0	0	0.184	0.182	0	0.381	0	0	0	0.443	0.702	0.162	0	0	0	0	0.315	0.344	0	0	0.194	0.202	1.132	0.42	0.201	0.378	0.346	0.18	0.208	0.197	0	0.201	0.165	0.359
"c2067_g1_i1"	0.18	0.952	0	0	0	0	0	0	0.89	0	0.427	0.415	0	0	0.389	0	0.426	0	0	0.359	0	0	0	0	0	0	0	0.493	0.432	0	0.413	0	0	0	0	0	0
"c17875_g1_i1"	0	0	0	0	0	0	0	0	0	0	0	0	0	0	0	0	0	0	0	0.832	0	0	0	0	0	0	0	0	0	0	2.816	0	0	0	0	0	0
"c73230_g1_i1"	0.18	0	0	0.39	0	0.459	0	0	0.922	0	0	0.434	0	0	0	0	0	0	0.543	0	0.413	0	0.433	0	1.98	0	0	0	0	0.415	0	0.485	0	0	0	0	0.422
"c100513_g1_i1"	0	0	0	0	0	0	0	0	0	0	0	0	0	0	0	0	0	0	0	0	0	0	0	0	0	0	0	0	0	0	0	0	0	0	0	0	0
"c84453_g1_i2"	0	0	0	0	6.888	0	0	0	0	0	0.085	0	0	0	0	0	0	0	0	0	0	0	0	0	0	0	0	0	0	0	0	0	0	0	0	0	0
"c180197_g1_i1"	0	0	0	0.39	0	0	0	0	0.456	0	0	0	0	0	0	0	0.452	0	0	0	0.413	0.377	0.433	0	0	0	0	0	0	0	0.434	0.485	0	0.818	0	0	0
"c160918_g1_i1"	0.172	0	0	0	0.822	0	0	0	0	0	0	0	0	0	0	0	0.409	0	0.497	0	0.384	0	0.396	0	0	0.47	0	0	0	0.385	0	0	0	0	0	0.73	0
"c159723_g1_i1"	0	0.257	0	0	0	0	0	0.247	0	0.241	0	0	0	0	0	0	0	0	0	0.201	0	0	0	0.259	0	0	0	0	0.249	0	0	0	0	0	0	0	0
"c159403_g1_i1"	0	0	0	0	0	0	0	0	0	0	0	0	0	0	0	0.613	0	0	0	0	0	0	0.553	0	0	0	0	1.299	0	0	0	0	0	0	0	0	0
"c138636_g1_i1"	11.618	27.481	21.712	15.357	17.123	20.044	17.705	23.438	46.179	15.4	15.298	13.748	22.339	26.366	16.367	20.879	15.982	33.379	29.933	18.971	30.544	17.843	24.237	34.614	28.592	26.706	47.94	24.286	38.85	18.124	24.995	32.157	24.595	26.189	42.555	16.674	24.708
"c74371_g1_i1"	0.074	0	0.192	0.452	0	0.857	0	0	0.18	0.171	0	0.17	0.199	0	0.599	0	0.165	0.214	0	0.438	0	0	0.313	0	0	0	0	0	0	0	0.339	0.578	0	0	0.38	0	0
"c140257_g2_i3"	5.977	1.423	1.536	1.428	1.335	0.683	0.898	1.441	0.964	0.933	0.711	1.595	2.082	1.229	7.423	1.998	2.748	1.737	1.848	2.733	1.623	1.401	2.303	1.175	1.435	1.478	1.438	2.074	1.556	1.175	0.794	1.606	2.024	0.611	1.731	2.999	1.214
"c145830_g2_i1"	0.738	0.589	0.486	0.062	0.029	0.602	0.43	0.355	0.042	0.512	0.597	0.745	0.055	0.316	0.024	0.085	0.391	0.44	0.67	0.578	0.846	0.359	0.368	0.065	0.222	0.844	0.642	0.03	0.908	0.04	0.296	0.231	0.059	0.069	0.815	0.878	0.591
"c139524_g4_i1"	0	0	0	0	0	0	0	0	0	0	0	0	0	0	0	0	0	0	0	0	0	0	0	0	0	0	0	0	0	0	0	0	0	0	0	0	0
"c39411_g1_i1"	0.082	0.107	0.226	0.346	0	0	0	0	0	0.191	0	0.094	0	0.129	0.089	0.292	0.096	0	0.116	0.088	0.187	0.079	0.175	0.108	0	0	0	0	0.097	0.188	0	0.116	0	0	0	0	0
"c134991_g1_i3"	0.459	0.246	0	0.399	0	0.459	0.44	0	0.233	0.231	0.445	0.878	0.543	0.281	0.202	0	0.652	0.564	0	0.193	0	1.139	0.212	0.485	0.242	0.94	0	0	0.227	0.217	0	0.254	0	0	0.246	0.2	0.443
"c75071_g1_i1"	0	0	0	0	1.006	0	0	0	0	0	0	0	0	0	0	0	0	0	0	0	0	0	0	0	0	0	1.018	0	0	0.879	0	0	0	0	0	0	0
"c161926_g1_i1"	0	0	0	0	0	0	0	0	0	0	0	0	0	0	0	0	0	0	0	0	0	0	0	0	0	0	0	0	3.826	0	0	0	0	0	0	0	0
"c118950_g1_i2"	0	0	0	0	0.513	0.53	0	0	0	0	0	0	0	0	0	0	0	0	0	0	0	0	0	0	0.566	0	0	0	0	0.474	0	0	0	0	0	0	0
"c131130_g1_i1"	3.722	2.825	3.378	4.259	3.541	2.928	5.064	2.065	1.292	4.324	3.431	5.454	5.061	2.997	3.278	4.355	5.217	2.966	3.905	5.483	3.216	4.712	4.062	2.64	3.253	2.409	3.451	1.984	4.496	4.445	3.102	3.823	5.48	3.251	3.517	2.851	4.245
"c123222_g1_i2"	0.336	0	0.565	0	0	0	1.127	0.172	0.17	0.331	0	0.481	0	0.211	0	0	0.157	0	0	0.42	0	0	0	0.356	0.182	0.163	0	0	0.67	0.306	0	0.185	0.346	0.315	0.357	0	0.158
"c128827_g7_i5"	0	0	0	0	0	0	0	0	0	0	0	0	0	0	0	0	0	0	0	0	0	0	0	0	0	0	0	0	0	0	0	0	0	0	0	0	0
"c86826_g1_i1"	0.361	0.075	0.09	0.195	0.358	0	0.296	0.151	0.307	0	0.521	0.434	0.609	0.281	0.259	0.217	0.07	0	0.092	0.385	0	0.061	0.341	0.162	0.566	0	0.166	0.161	0	0.207	0	0.254	0.533	0.069	0.246	0.322	0.074
"c178628_g1_i1"	0	0	0	0	0	0	0	0	0	0	0.389	0	0	0	0	0	0	0	0	0.333	0	0	0	0	0	0	0	0	0	0	0	0	0.434	0	0	0	0
"c63392_g1_i1"	0	0	0	0	0	0	0	0	0	0	0	0	0	0	0	0	0	0	0	0	0	0	0	0	0	0	0	0	0	0	0	0	0	0	0	0	0
"c34494_g1_i2"	0.082	0	0	0	0.193	0	0	0.624	0	0	0	0	0	0	0	0	0	0	0.243	0	0	0	0	0	0	0.202	0	0	0	0	0	0	0	0	0	0	0
"c170121_g1_i1"	0	0	0	0	0	0	0	0	0	0	0	0	0	0	0	0	0	0	0	0	0	0	0	0	0	1.852	1.128	0	2.129	0	0	0	0	0	0	0	0
"c122145_g1_i1"	0.435	0.246	0.305	0.195	0	0.133	0.707	0.549	0.371	0.391	0.313	0.434	0.31	0.281	0.308	0.311	0.13	0.327	0.22	0.499	0.757	0.412	0.322	0.194	0.384	0.297	0.664	0.05	0.367	0.217	0.455	0.358	0.049	0.473	0.447	0.269	0.18
"c119384_g2_i1"	1.902	3.649	1.197	1.579	1.016	2.081	6.029	2.42	11.738	2.067	1.024	0.745	1.24	1.3	2.266	1.584	1.748	0.959	3.131	3.276	0.964	0.867	4.578	6.024	1.132	3.541	0.863	2.286	1.308	0.968	2.805	4.551	0.829	0.966	5.985	2.938	0.75
"c100165_g1_i1"	0.705	0.417	1.107	0.337	1.509	1.734	1.873	1	1.398	0.572	0.379	0.745	0.233	1.206	0.672	0.971	0.365	1.184	1.167	0.815	0.718	0.972	0.534	1.239	1.677	0.988	0.863	1.692	0.973	0.721	0.381	1.502	1.619	0.542	0.424	1.174	0.57
"c146880_g1_i2"	0.361	0.171	0.237	0.275	0.3	0.204	0.354	0.527	0.159	0.15	0.104	0.198	0.244	0.258	0.227	0.66	0.243	0.124	0.127	0.088	0.098	0.385	0.368	0.226	0.172	0.144	0.122	0.171	0.162	0.346	0.212	0.231	0.049	0.099	0.167	0.539	0.106
"c129988_g1_i1"	69.37	50.96	28.331	72.528	64.398	40.353	40.034	25.901	39.568	39.54	69.637	62.75	42.795	39.256	121.173	59.875	91.624	36.468	70.333	86.597	48.746	89.66	64.585	51.63	68.712	44.535	48.427	81.055	22.208	57.672	38.366	37.852	92.663	30.081	32.673	82.241	28.16
"c81203_g2_i1"	0	0	0	0	0	0	0	0	0	0.552	0	0	0	0	0	0	0	0	0	0	0	0	0	0	0	0.653	0	0	0	0.494	0.508	0	0	0	0	0	0
"c24432_g1_i1"	0	0.3	0	0.24	0	0	0	0	0.572	0	0	0	0	0	0	0	0.27	0	0.335	0	1.288	0	0	0	0	0	0.918	0	0	0	0	0	0.296	0.512	0	0.243	0
"c128190_g1_i1"	0.197	0	0	0	0	0.163	0.315	0.495	0.17	0	0	0	0.188	0	0.138	0	0	0	0	0.14	0.148	0.131	0	0	0	0	0	0	0	0	0	0	0	0.305	0	0	0
"c70344_g1_i1"	0.426	0	0	0.612	0	0	0.334	0	0.36	0.171	0	0.5	0	0.222	0.753	0.17	0	0	0.208	0	0.482	0.149	0	0	0	0	0	0	0.173	0.158	0	0.381	0.365	0.325	0	0.148	0.169
"c116596_g1_i1"	0.025	0.171	0	0.044	0	0	0.258	0.161	0	0.05	0.265	0.104	0.188	0.07	0.186	0.16	0.052	0.068	0.196	0.184	0.098	0.088	0.147	0.054	0.111	0.307	0.122	0.111	0.216	0	0.053	0.058	0.059	0	0.179	0.043	0
"c72232_g2_i2"	0	0	0	0	0	0	0	0	0	0	0	0	0	0	0	0	0	0	0	0	0	0	0	0	0	0	0	0	0	0	0	0	0	0	0	0	0
"c144278_g3_i1"	0	0.621	0	0.594	0.561	0	0	0	0.201	0	0.663	0	1.229	0	0	0.377	0	0.35	0	0	0	0	0	0.625	0.313	0.374	0	0.413	0.778	0.454	0.286	0.427	0	0.365	0.525	0.087	0.19
"c131354_g4_i1"	0	0	0	0	0	0.245	0.248	0.452	0.265	0.181	0.493	0	0.144	0.082	0.324	0.123	0.061	0.226	0	0	0.118	0.21	0	0	0.606	0.605	0	0	0.259	0	0.064	0.139	0.513	0.118	0	0	0.127
"c123196_g2_i1"	1.484	0	0.395	0.151	0.339	0	0.841	0.355	0.9	0.682	2.057	3.68	1.229	0.222	3.926	1.216	2.643	1.906	0.208	1.918	0.325	2.032	0.479	0.183	1.697	0.173	0	0.383	0	0.326	0.169	0	2.172	0.66	0.38	3.625	0
"c29340_g1_i1"	0	0	0	0.683	0.842	0.877	0	0	2.447	0	0	0	0	1.03	0	0	0	2.165	1.964	5.246	5.241	0.683	0	0	0	0	0	0.967	0	0	0	0	0	0	0	0	0
"c148611_g1_i1"	0	0	1.853	0	0	0	0	0	1.409	0	0	0	0	0	0	0	0	0	0	0	0	0	1.695	0	0	0	0	0	0	0	0	0	0	0	0	0	0
"c131423_g1_i5"	0.041	0	0	0.098	0.213	0.214	0.105	0.108	0.117	0.221	0.976	0.104	0.133	0.41	0	0	0.104	0	0	0	0.305	0.096	0	0	0	0.758	0.243	0	0	0	0	0.127	0.227	0	0.123	0	0.327
"c59891_g2_i1"	0	0.342	0.746	0.275	0	0.326	0.621	1.334	0.328	0	0.948	0	0.775	0	0	0.99	0.313	0	0	0	0.6	0.272	0.304	0.668	0.354	0.345	0.354	1.067	0.324	1.491	0	1.398	0.346	0	0	0.278	0.306
"c102725_g1_i1"	0	2.172	1.186	0	0	2.111	0	0	0	0	0	0.906	0	0	0.898	0	0	0	0	0	0.885	0	0	3.675	1.091	0	0	1.168	0	0	0	0	0	0	1.094	1.739	0.866
"c116362_g1_i1"	0.107	0	0	0	0	0.265	0	0	0.275	0.261	0.787	0	0.321	0.667	0	0	0.252	0.327	0.959	0.666	0.492	0.219	0	0.56	0.293	0.278	0.299	0.292	0	0.494	0.265	0.289	0.286	0	0	0	0
"c32295_g1_i2"	0	0	0	0	0	0.204	0.401	0	0	0.201	0	0	0	0	0.178	0	0	0	0	0.175	0.187	0	0	0	0	0	0	0	0	0.188	0	0	0	0	0	0	0
"c20883_g1_i1"	0	0	0	0.745	0	0	0	0	0	0	0	0	1.163	0	0.826	0	0	0	0	2.864	0	0	0	0	0	0	0	1.067	0	0.81	0	0	0	0	0	0	0
"c160493_g1_i1"	0	0	0	0	0	0	0	0.387	0	0	0	0.359	0.454	0	0	0	0.365	0	0	0	0.344	0.307	0.35	0.388	0	0	0	0	0	0	0	0	0	0	0	0	0
"c157215_g1_i1"	0	0.396	0	0	0	0	0	0	0	0	0	0	0	0	0	0	0	0	0	0	0	0.307	0	0	0	0	0.409	0	0	0	0	0.393	0	0	0.402	0	0
"c136015_g1_i2"	0.328	0	0.045	0.213	0.387	0.122	0.516	0.086	0	0.161	0.322	0.425	0.144	0.047	0.032	0.358	0.191	0.045	0	0.21	0.118	0.201	0.322	0.172	0.131	0.077	0.133	0.262	0.249	0.415	0.042	0.277	0.118	0.118	0.313	0.209	0.158
"c23797_g1_i1"	0.074	0	0.215	0	0.358	0.184	0	0	0	0	0	0	0	0	0.639	0	0	0	0	0	0	0	0	0	0	0	0.409	0.201	0	0.523	0.18	0	0	0	0	0.156	0
"c87704_g1_i1"	0.869	0.364	0	0.071	2.07	0	0.086	0	0.085	0	0.502	0.085	0.1	0	36.684	0.255	5.226	0.417	0.104	43.977	1.839	6.149	11.672	0	0.091	0	0	0.181	0	0.237	0	0.092	2.459	0	0	0.148	0
"c96386_g2_i1"	0	0	0	0	0	0	0	0	0	0	0	0	0	0	0	0	0	0	0	0	0	0	0	0	0	0	0	0	0	0	0	0	0	0	0	0	0
"c172868_g1_i1"	0	0	0	0	0	0	1.051	0	0	0	0	0	0	0	0	0	0	0	0	0	0	0.928	0	0	0	0	0	0	0	0	0	0	0	0	0	0	0
"c141429_g1_i2"	2.902	0.738	0.87	1.038	1.132	0.551	0.831	0.86	0.848	1.023	1.317	1.095	1.218	0.55	5.358	1.188	1.922	1.849	0.982	5.238	1.888	1.454	2.506	1.024	0.96	1.113	0.73	1.994	0.735	1.225	0.942	0.913	2.429	0.975	0.703	1.782	0.887
"c133114_g8_i1"	0.303	0.086	0.09	0.186	0.116	0.082	0.325	0.258	0.434	0.161	0.209	0.283	0.487	0.316	0.251	0.123	0.235	0.203	0.196	0.105	0.541	0.245	0.147	0.453	0.445	0.432	0.232	0.131	0.173	0.277	0.635	0.335	0.128	0.562	0.357	0.322	0.211
"c151268_g1_i1"	0	0	0	0	0	0	1.347	0	0	0	0	0	0	0	0	0	0	0	0	0	0	0	0	0	0	0	0	0	0	0	0	1.455	0	0	0	0	0
"c142171_g5_i1"	0	0	0	0	0	0.296	0	0	0	0	0	0	0	0	0	0	0.287	0	0	0	0	0.245	0.276	0	0	0	0	0	0	0	0.286	0	0	0	0	0	0
"c133368_g3_i1"	0.59	1.252	0.994	0.754	0.281	2.03	0	0	1.78	0.291	0.569	0.274	0.687	0.726	0.502	1.47	0.278	0.361	0.347	0.727	0.806	1.209	0.534	1.218	0	0	0.951	0	0.875	1.61	0.847	0.312	0.612	0	0.313	0.504	0.56
"c92506_g1_i1"	0.164	0.439	0	0	0	0	1.175	0	0	0	0.796	0	0	0	1.085	0	0.4	0	0	0.342	0.374	0	0	0	0	0	0	0.453	0.411	0.375	0	0.439	0.444	1.113	0	0	0
"c113157_g1_i1"	0.123	0.321	0.689	1.038	0.29	0	0	0	0.614	0.893	1.166	1.142	0	1.487	0	0.302	0.287	0.372	0.716	0.499	1.937	0.245	0.553	0	0.323	0.317	0	0.654	0.594	0.277	0	0.647	0.958	0.276	0	0.261	1.151
"c139720_g1_i2"	0.697	0	0.395	0.905	0.503	0	0	0.355	0	0.171	0.171	0.33	0.609	0.433	0.146	0.518	0	0	0.208	0.289	0.325	0.14	0.47	0.183	0.182	0.345	0	0	0	0.326	0	0	0.533	0.158	0.38	0.148	0.169
"c157790_g1_i1"	0.164	0	0	0.346	0	0	0	0	0	0.411	0	0	0	0	0	0.424	0	0	0	0	0	0	0	0.42	0	0	0	0.453	0	0	0	0	0	0	0	0	0
"c143086_g2_i1"	0.164	0.15	0.136	0.311	0.155	0.235	0.096	0.215	0.201	0.181	0.256	0.208	0.133	0.117	0.121	0.16	0.113	0.203	0.196	0.201	0.334	0.201	0.083	0.129	0.101	0.154	0.077	0.252	0.216	0.138	0.053	0.058	0.099	0.256	0.313	0.104	0.306
"c125989_g1_i3"	2.779	2.451	1.728	2.866	3.473	1.826	0.841	1.226	1.579	2.558	4.824	2.831	1.783	2.576	3.383	2.573	3.174	2.368	2.888	3.144	2.026	3.18	2.561	2.004	0.818	2.341	1.217	1.641	1.87	4.8	1.853	1.467	3.92	2.69	2.133	3.477	2.249
"c108861_g2_i1"	0.64	0	0.52	0	0.88	0	0.65	0.463	0.233	0.672	0	0.217	0.532	0.281	0.979	0.905	1.504	0.823	0.543	0.946	0.629	0.753	1.244	0.237	0.242	0.23	0	0.735	0.227	0	0	0	1.422	1.261	0.246	1.365	0
"c162140_g1_i1"	0	0	0	0	0.222	0	0.22	0.237	0	0	0	0	0	0	0.202	0	0	0	0	0	0	0	0	0.248	0	0	0.254	0	0	0	0	0	0	0	0.246	0	0
"c134966_g1_i1"	1.722	1.145	0.294	1.065	0.416	2.356	0.124	0.828	0.265	0.171	2.758	0.293	1.096	0.749	0.737	0.839	0.678	0.925	1.19	1.288	0.197	1.253	1.078	0.237	0.929	2.169	1.504	1.661	1.005	0.691	0.085	0.092	1.135	0.7	0.234	1.443	0.169
"c77006_g2_i1"	0	0	0	0	0	0	0	0	0	0	0	0	0	0	0	0	1.591	0	1.64	0	0	0	0	0	0	8.867	0	0	0	0	0	0	0	0	0	0	0
"c162913_g1_i1"	0.287	0	0	0	0	0.734	0	0.742	0	0	0	0	0	0	0	0	0.713	0	0	0	0	0	0	0	0.768	0	0	0	0	0	0	0	0	0	0	0	0
"c146241_g3_i2"	0.746	1.595	0.429	0.949	0.358	0	0.707	0	0.371	0	0	0	0	0.913	0.971	1.141	0.713	0	0.439	0.307	1.023	0	1.382	1.519	0	0	0	0	0	0.336	0	0	1.195	1.005	0.402	0	0.348
"c133925_g1_i2"	9.56	6.603	6.495	5.527	10.486	5.671	5.418	7.088	3.56	6.411	8.483	11.352	11.684	7.469	7.317	12.82	8.913	11.513	11.079	6.061	8.693	12.342	8.88	7.964	12.983	10.124	9.435	12.445	3.858	5.976	5.547	9.46	7.928	6.404	4.444	5.034	4.181
"c129311_g2_i1"	0.025	0	0.136	0.053	0	0.235	0.478	0.495	0	0.652	0.123	0.528	0	0	0	0.179	0.452	0.44	0	0.315	0.629	0.201	0.111	0.194	0.849	0.701	0.21	0	0.497	0.059	0	0.069	0	0.177	0.067	0.156	0.243
"c96117_g1_i1"	0	0	0	0.16	0	0.184	0.182	0	0.381	0.181	0.18	0	0	0.234	0.162	0.377	0.174	0.688	0	0.158	0	0	0.175	0.194	0.202	0.192	0	0	0	0.346	0.18	0.208	0	0	0	0	0
"c79353_g1_i1"	0.123	0	0.35	0	0.29	0.153	0	0.151	0	0	0.152	0	0.354	0.187	0	0.151	0	0	0	0.385	0.423	0	0.138	0.323	0	0.307	0.166	0.332	0.151	0.138	0	0.335	0	0.286	0.167	0	0.296
"c33179_g1_i1"	0	0.31	0	0	0	0	0	0	0	0	0	0	0	0	0.51	0	0	0	0	0	0	0	0.267	0	0	0	0.321	0	0	0	0	0	0	0	0	0	0
"c155163_g1_i1"	0	0	0	0	0	0	0.392	0	0	0.201	0	0	0	0	0	0	0	0	0.243	0	0	0	0.184	0	0	0	0	0	0	0	0.201	0.219	0	0	0	0	0
"c146541_g1_i8"	0.844	0.278	0.791	0.231	0.59	0.938	1.013	1.42	0.54	0.762	0.341	0.255	0.709	0.328	0.526	0	0	0.101	0.416	0.815	0.492	0.946	0.866	1.326	0.465	0.422	0.785	0.191	0.875	0.652	0.614	0.589	0.622	0.749	0.38	0.826	0.602
"c135464_g1_i1"	13.495	10.359	10.212	7.328	9.896	10.486	7.52	12.101	9.535	7.103	8.208	8.068	10.134	12.761	5.634	9.021	9.417	7.724	15.377	5.413	8.791	4.634	9.645	9.807	11.578	12.945	14.07	13.351	8.581	6.42	8.692	11.227	11.552	7.912	9.726	11.023	7.423
"c123060_g1_i1"	13.159	10.038	16.256	18.977	14.066	12.71	12.039	12.477	10.774	13.635	14.151	12.758	10.931	15.606	12.789	12.122	12.974	18.042	18.438	12.928	13.875	14.479	13.182	15.249	11.952	10.949	12.555	12.063	14.308	15.448	16.96	10.731	14.376	12.267	12.774	18.604	15.627
"c41384_g1_i1"	0	0	0	0.177	0	0	0.201	0.419	0	0	0	0.198	0	0	0.356	0.405	0	0.248	0	0.175	0	0	0	0	0	0	0	0	0	0	0.201	0	0	0	0	0	0
"c139239_g1_i1"	0.057	0.439	0.136	0.284	0.513	0.235	0.344	0.387	0	0.171	0.578	0.198	0.033	0.398	0.154	0.085	0.165	0.462	0.323	1.034	1.426	0	0.682	0.388	0.445	0.365	0.232	0.161	0.032	0.138	0.243	0.196	0.533	0.059	0.257	0.174	0.296
"c63548_g1_i1"	0.148	0.813	0	0	0	0	0	0.387	0	0	0.73	0	0	0	0.656	0	0	0	0	0.307	0.688	0.307	0	0	0	0	0.819	0	0	0	0	0	0.405	0	0.815	0.322	0
"c13343_g1_i1"	0	0	0	0	0	0	0	0	0	0	0	0	0	0	0	0	1.904	0	0	0	0	0	0	0	0	0	0	0	0	0	0	0	0	0	0	0	0
"c87699_g1_i1"	2.082	5.661	4.078	4.959	4.353	0.908	5.637	2.754	3.379	6.22	3.298	0	0	2.119	0.777	1.932	0.896	1.128	3.05	2.032	1.554	2.12	0.875	6.531	3.779	4.904	2.688	3.021	0.832	2.311	2.308	1.71	3.061	1.448	1.898	2.269	3.062
"c169606_g1_i1"	0	0	0	0	0	0	0	0	0	0	0	0	0	0	0	0	0	0	0	0	0	0	0	0	0	0	0	2.527	0	0	0	0	3.92	0	0	0	0
"c33238_g2_i1"	0	0	0	0	0	0	0	0.183	0	0	0.512	0	0	0	0	0	0	0	0	0.447	0	0	0	0	0	0	0	0	0	0	0	0.196	0	0	0	0	0
"c179428_g1_i1"	0.443	0	0	0	0	0	0	0	0	2.328	0	0	0	0	0	0	0	0	0	0	0	0	0	0	0	0	1.128	0	0	0	0	0	0	1.793	0	1.956	0
"c77649_g1_i1"	0	0	0	0	1.77	0	0	1.861	0	0	0	0	0	0	1.578	0	0	0	0	0	0	0	0	0	0	0	0	0	0	0	0	0	0	0	0	0	0
"c160659_g1_i1"	0	0	0	0	0	0	0	0	0	0	0	0	0	0	0	0	0	0	1.929	0	0	0	0	0	0	0	0	0.946	0	0	0	0	0	0	0	0	0
"c92994_g1_i1"	0	0	0.305	0	0.513	0	0	0	0	0.261	1.289	0	0	0	0	0	0	0	0	0	0	0	0	0	0	0	0	0	0	0	0.254	0	0	0.246	0.29	0	0.253
"c121656_g1_i1"	2.591	4.484	0.373	2.759	0.938	1.612	6.153	3.646	2.288	1.595	5.63	0.915	2.68	0.796	5.31	1.31	1.548	0.789	0.762	1.331	1.18	3.188	0.295	1.002	1.384	1.372	1.051	2.467	0.638	0.889	2.17	1.733	1.363	0.877	5.952	1.947	2.756
"c167017_g1_i1"	0	0	0	0	0	0	0	0	0	0	1.261	0	0	0	0	0	0	0	0	0	0	0	0	0	0	0	0	0	1.286	0	0	0	0	0	0	0	0
"c137395_g1_i1"	69.403	107.325	126.667	77.417	108.762	73.617	65.478	72.41	66.276	60.207	59.485	39.367	83.098	88.334	33.608	48.563	30.721	35.002	45.98	52.053	34.123	45.04	50.039	49.615	45.808	29.546	57.419	41.766	107.722	102.021	60.725	123.905	124.782	92.361	90.482	133.95	112.43
"c106972_g1_i1"	0	0	0	0	0	0	0	0	0	0	0	0	0	0	0	0	0	0	0	0	0	0	0	0	0	0	0	0	0	0	0	0	0	0	0	0	0
"c84648_g1_i3"	0.074	0	0.203	0	0	0	0	0.183	0	0	0	0	0	0	0.154	0	0.339	0.429	0	0	0.325	0.298	0	0	0.768	0	0	0	0.173	0.168	0.699	0.196	0	0	0.19	0	0
"c37919_g1_i1"	0.09	0	0	0	0	0	0.21	0	0.222	0	0	0.208	0	0	0	0	0.409	0.259	0	0	0	0	0	0	0.232	0	0	0	0	0.198	0	0.243	0	0	0	0.374	0
"c34230_g2_i1"	0	0	0	0	0	0	0	0	0	0	0	0	0	0	0	0	0	0	0	0	0	0	1.207	0	0	0	0	0	1.091	0	0	0	0	0	0	0	0
"c165382_g1_i1"	0	0	0	0.674	0.822	0	0.764	1.732	0.805	0	0	0.755	0	0	0.737	0	0	0	0.97	0	0.738	0	0	0.776	0.899	0	0	0	0	0	0.73	0	0	0	0	0	0
"c92289_g1_i1"	0	0	0	0	0	0	0	0	0	0	0	0	0	0	0	0	0	0	0	0	0	0	0	0	0	0	0	0	0	0	0	0	0	0	0	0	0
"c166401_g1_i1"	0	0	0	0	0	0	0	0	0	0	0	0	0	0	0	0	0	0.981	0	0	0	0	0	0	0	0	0	0	0	0	0	0.774	0	0	0	0	0
"c142057_g2_i1"	0.057	0.021	0.068	0.257	0.145	0.071	0.086	0.032	0.053	0.271	0.057	0.019	0.155	0.07	0.097	0.057	0.035	0.158	0.173	0.035	0.02	0.158	0.064	0.022	0.202	0.019	0.1	0.161	0.022	0.02	0.095	0.127	0.079	0.089	0.223	0.043	0.095
"c134420_g1_i1"	0.131	0	0.181	0.106	0	0.163	0.162	0.161	0.085	0.08	0.123	0.16	0.144	0.105	0.105	0.16	0.148	0.101	0.046	0.21	0.118	0.131	0.147	0.086	0.131	0.154	0.088	0.131	0.086	0.346	0.159	0.139	0	0.236	0.313	0.174	0.201
"c115516_g1_i1"	0.246	0.128	0	0	0.116	0.122	0.115	0.129	0	0.361	0.597	0.113	0.144	0.152	0.105	0	0.113	0.293	0	0	0.226	0	0.111	0	0.131	0	0.277	0	0	0.454	0.116	0	0	0	0	0.104	0.243
"c61346_g1_i1"	0	0.685	0	0	0	0	0	0	0.625	0	0	0	0	0.773	0.559	0	0	0	0	0	0	0	0	0	0	0	0	0	0	0	0	0	0	0	0	0	0
"c10549_g1_i1"	0	0	0	0	0	0	0	0.549	0	0.532	0	0	0.321	0	0.469	0.273	0.261	0	0	0.228	0	0	0	0	0	0	0	0	0	0.247	0	0	0	0	0	0	0
"c160955_g1_i1"	0	0	1.401	0	0	0	0	0	0	0	0	0	1.539	0	0	0	0	0	0	0	0	0	0	0	0	0	0	0	0	0	0	0	0	0	0	0	0
"c146998_g2_i4"	2.255	1.263	1.435	1.411	1.79	0.082	1.309	0	0	1.736	4.322	2.114	0	1.791	0	1.075	1.348	2.233	0.809	1.725	0.787	0.14	4.026	1.185	3.728	1.065	1.139	1.994	1.448	0.869	1.44	0	2.152	0.079	0.368	0.148	0.412
"c143342_g1_i1"	3.173	1.659	2.519	3.567	1.209	2.285	4.223	1.377	2.204	4.445	2.758	1.765	0.786	0.726	1.667	1.716	3.269	1.049	1.513	2.47	2.075	1.691	1.4	1.886	1.667	2.255	2.279	1.037	2.442	2.627	1.45	3.361	3.367	1.567	2.635	2.252	1.616
"c137870_g2_i2"	8.215	13.527	15.036	9.236	12.557	12.944	9.459	12.316	13.084	11.167	11.601	12.276	12.404	14.084	10.765	11.726	10.165	13.521	14.348	7.892	15.38	11.44	11.303	18.406	13.468	16.697	19.822	12.747	14.287	10.499	13.551	13.965	12.934	11.922	13.199	15.127	14.814
"c160668_g1_i1"	0	0.631	0	0	1.151	0	0	0	0	0	0	0	0	0	0.518	0	0	0.733	0	0	0	0	0.562	0	0	0	0	0	0	0	0	0	0	0	0	0	0
"c99382_g1_i2"	0.139	0	0	0	0.339	0	0.334	0	0	0	1.005	0.651	0	0.421	0	0	0	0.429	0	0	0	0	0	0	0.374	0	0.752	0	0	0.316	0	0.37	0	0.315	0	0	0.327
"c158635_g1_i1"	0	0	0	0	0.716	0	0	0	0	0	0	0	0	0	0	0	0	0	0	0	0	0	0	0	0	0	0	0	0	0	0	0	0	0	0	0	0
"c118708_g1_i2"	0	0.278	0	0	0	0	0.248	0	0.265	0.251	0.246	0	0.31	0	0.227	0	0	0	0	0.219	1.426	0	0.949	0.269	0	0	0.564	0	0.519	0	0	0.277	0.267	0.236	0.279	0	0.243
"c105032_g2_i3"	1.566	0	0	0	0	0	0	0	0	0	0	0	0	0	0	0	0	0	0	0	0	0	0	0	0	0	0	0	0	0	0	0	0	0	0	0	0
"c115839_g1_i2"	1.443	0.514	0.813	0.417	0.697	0.235	0.688	0.495	0.975	0.231	0.929	0.226	0.842	0.293	0.826	0.236	1.591	0.868	0.566	0.797	2.429	1.191	0.654	1.509	1.798	2.956	0.531	2.084	0.951	0.444	0.699	0.785	0.247	0	0.782	1.443	0.686
"c146002_g4_i1"	0.074	0	0.215	0	0	0	0	0	0	0	0	0	0	0	0	0	0	0	0	0	0	0	0	0	0	0	0	0	0	0	0	0	0.197	0	0	0	0
"c183221_g1_i1"	0	0	0	0	0	0	0	0	0	0	0	0	0	0	0.745	0	0	0	0	0	0	0	0	0	0	0	0	0	0	0.741	0.741	0	0	0	0	0	0
"c129425_g1_i1"	0.074	0	0.079	0	0.039	0.031	0.143	0.032	0	0.1	0	0.066	0.078	0.094	0.032	0.104	0.096	0.09	0.046	0.088	0.069	0.149	0	0.194	0	0.106	0.077	0.111	0.032	0.168	0.074	0	0.109	0.099	0.033	0.061	0.074
"c83902_g1_i1"	0	0	0	0	0	0	0	0	0	0	0	0	0	0	0	0	0	0	0	0	1.013	0	0	0	0	0	0	0	0	0	0	0	0	0	0	0	0
"c114518_g2_i1"	0.262	0.824	0.587	1.011	1.364	0	0.124	0.258	0.265	0.251	0	0.123	0	0	1.667	1.141	0.243	0	0	0.105	0	0.429	0.12	0.14	0	0.249	0	1.39	0.13	0.84	0.127	0	0.128	0	0	0.226	0
"c143832_g4_i3"	0.336	0.128	0	0.106	0.348	0	0.573	0.118	0.371	0.462	0	0.113	0.421	0.738	0.105	0.236	0	0.429	0.139	0	0.334	0.201	0.111	0.506	0.384	0.23	0.133	0.131	0.238	0.217	0.233	0.393	0.247	0.108	0.648	0.304	0.116
"c142198_g2_i1"	0.344	0.3	1.276	0.248	0.542	1.112	1.357	2.151	0.72	0	0.825	0.67	0.332	0.527	0.728	0.415	0.4	0	0.508	0.473	0	0	0.507	0.151	0.606	0.413	0.155	1.208	0.281	0.523	0.275	1.247	0.721	0.394	0.301	0.122	0.824
"c116164_g1_i1"	0	0	0	0	0	0	0	0	0	0	0	0	0	0	0	0	0	0	0	0	0	0	0	0	0	0	0	0	0	0	0	0	0	0	0	0	0
"c109952_g1_i1"	0.344	0.3	0.158	0.124	0.822	0.143	0.822	0.731	1.028	0.14	0.275	0.274	0.498	0.527	0.615	0.707	0.67	1.026	1.028	1.086	0.924	1.06	0.516	0.302	0.768	1.411	0.476	0.614	1.005	0.662	0.138	0.785	0.444	0.808	0.927	0.243	0.275
"c152002_g1_i1"	0.066	0	0	0.133	0.145	0.153	0.143	0	0	0	0.445	0	0	0	0.397	0.151	0.148	0.372	0.185	0.131	0.138	0	0	0	0	0	0.343	0	0	0.138	0	0	0	0.286	0.167	0	0.148
"c138321_g1_i1"	0.549	0.428	0.09	0.346	0.416	0.275	0.115	0.28	0.699	0.191	0.275	0.264	0.133	0.246	0.308	0.349	0.443	0.338	0.427	0.307	0.148	0.394	0.111	0.345	0.253	0.192	0.31	0.211	0.281	0.296	0.159	0.092	0.158	0.305	0.212	0.269	0.158
"c123313_g4_i2"	0	0	0	0	0	0.184	0.526	2.775	0	0.181	0.351	0	3.832	8.991	1.408	0.179	0.339	0.88	0	0	0	0	0	0	0.778	0.182	0	0	0	0	0	0	1.688	0.335	0	0	0.707
"c95340_g1_i1"	0.148	0	0	0	0.348	0	0.344	0	0.36	0	0	0	0	0.445	0	0	0	0	0	0	0	0.298	0	0.366	0	0	0	0	0.357	0	0.339	0	0	0	0	0	0
"c123197_g1_i2"	0.402	0.524	0.384	0.852	0.638	0.265	0.459	0.452	0.307	0.381	0.654	0.764	0.831	0.679	1.287	0.405	0.409	0.643	0.832	0.718	0.256	0.455	0.7	0.41	0.455	0.835	0.498	0.715	0.27	0.484	0.328	0.508	0.227	0.335	0.346	0.235	0.201
"c143248_g4_i3"	0.697	0.663	0.7	2.466	0.755	1	0.306	0.871	1.208	1.756	0.076	0.679	1.274	0.386	0.801	0.302	0.661	0.09	0.092	0.596	0	0.324	1.4	0.259	0.919	0.154	1.405	0.081	0.789	2.124	1.175	0.705	0.642	1.34	0.167	0.269	1.309
"c181957_g1_i1"	0.23	0	0	0	0	0	0	0	0	0	0	0	0	0	0.51	0.613	0.574	0	0	0	0	0	0	0	0.626	0	0	0.644	0	0	0	0	0	0	0	0.504	0
"c137521_g1_i1"	0.131	0.353	0	0	0.319	0	0	0	0	0	0	0	0	0.398	0	0	0	0	0	0.272	0	0	0	0	0.354	0	0	0	0.324	0.296	0.318	0.347	0.691	0	0	0	0
"c91133_g1_i2"	0.213	0	0.61	0	0	0	0	0	0	0	0	0.132	0	0	0	0	0	0.158	0	0.569	0.128	0.228	0.24	0.14	0	0	0.155	0.292	0.14	0.128	0.138	0.3	0.276	0	0	0.461	0.391
"c136615_g3_i1"	0	0	0	0	0	0	0	0	0	0	0	0	0	1.077	0	0	0	0	0	0	0	0	0	0	0	0	0	0	0	0	0	0	0	0	0	0	0
"c74268_g1_i1"	0.402	0	0	0	0	0	0	0	0.964	1.033	0	0	0	0	0	1.141	0	1.308	0	0	0	0	2.045	0	0	0	0	0	0	0	0	0	0	0	1.094	0	0
"c137224_g1_i3"	0.025	0.696	0.226	0.577	0.319	0.449	0.315	0.204	0.275	0.191	0	0.123	0.155	0	0.397	0.132	0.183	0.158	0.081	0.166	0.118	0.324	0.055	0.431	0.283	0.374	0.077	0.07	0.195	0.365	0.064	0.069	0.197	0.374	0	0	0.845
"c125707_g1_i1"	0.148	0	0	0	0.348	0	0.172	0.366	0	0.181	0.18	0.34	0.631	0.667	0.308	0.716	0.339	0.654	0.647	0.455	0	0.149	0.166	0	0.192	0	0	0.191	0.54	0.336	0.18	0.589	0	0.168	0.19	0.461	0
"c119804_g1_i2"	0.353	0	0	0	0	0.214	0.21	0	0	0	0.218	0	0	0	0.186	0.217	0	0	0	0	0	0	0.608	0	0	0	0	0	0	0	0	0	0.227	0	0.234	0.383	0
"c116470_g1_i1"	0.205	1.092	0	0.852	0	0.52	0	0	1.017	0.512	0	0	0.62	0	0	0.528	0	3.18	0	0.412	0	0.832	0.967	0	0	0	0.542	0	0.497	0.928	0.476	0	0.563	0	1.105	0	2.355
"c163814_g1_i1"	0	0	0.441	0	0.377	0	0	0	0	0	0	0	0	0	0	0	0.183	0	0	0	0.364	0	0	0	0	0	0	0	0	0	0.191	0	0.207	0	0	0	0
"c65150_g1_i2"	0	0	0	0	0	0	0	0	0	0	0	0	0	0	0	0	0	0	0	0	0	0	0	0	0	0	0	0	0	0	0	0	0	0	0	0	0
"c30636_g1_i1"	0	0	0	0	0	0	0	0	0	0	0	0	0	0	0	0	0	0	0	0	0	0	0	0	0	0	0	0	0	0	0	0	0	0	0	0	0
"c21228_g1_i1"	0.418	0.556	0.599	0.435	1.025	0	0.984	0.538	0.519	0	2	0.481	0	0	0.453	0	0	0	0	2.943	0	0	0.497	0	0.566	0	0.553	0	0	0	0	0.543	0	0.463	1.128	0.452	0
"c134663_g1_i4"	0.041	0.161	0.226	0.133	0.097	0.051	0	0.054	0.212	0.05	0.047	0.047	0.055	0.059	0.219	0.104	0.043	0.248	0.058	0.35	0.57	0.044	0.23	0.334	0.051	0.096	0.288	0.222	0.054	0.286	0.053	0.116	0.049	0.099	0	0.087	0.253
"c134435_g1_i1"	105.953	254.043	301.004	166.961	202.792	210.558	161.771	262.395	290.126	215.938	145.33	170.17	283.527	293.991	130.343	220.345	149.449	249.956	252.415	131.88	260.693	164.622	172.834	271.16	210.653	252.805	297.694	222.746	321.328	190.114	228.915	274.342	233.184	227.77	272.394	171.488	249.188
"c144051_g1_i4"	0.066	0	0	0	0	0.163	0	0	0	0	0.483	0	0.775	0.199	0	0.49	0.313	0.203	0	0	0.148	0.14	0.295	0.356	0.535	0	0.365	0	0.335	0	0	0	0	0.463	0.357	0.139	0.158
"c86861_g1_i1"	0	0	0	0	0	0	0	0	0	0.672	0	0	0	0.82	0	0	0	0.846	0	0	0	0	0	0	0	0.844	0.708	0	0	0	0	0	0	0	0	0	0
"c138673_g1_i3"	5.436	5.575	2.463	5.101	3.928	3.04	5.618	3.614	4.683	3.873	5.715	6.398	4.906	3.957	2.364	4.157	4.626	3.721	2.195	2.155	5.989	6.368	4.016	4.138	5.85	4.318	5.066	3.574	3.955	3.664	5.6	3.766	2.449	3.498	6.086	5.216	2.999
"c141360_g3_i2"	4.009	3.628	6.913	6.397	4.943	4.121	5.685	4.044	3.718	6.582	13.421	4.501	5.748	4.39	6.743	4.873	9.174	5.052	4.136	5.29	4.484	5.396	4.91	3.836	3.92	5.527	4.823	4.642	4.517	5.502	4.891	6.561	7.415	4.375	4.433	2.808	5.184
"c174987_g1_i1"	0	0.214	0	0	0	0	0.191	0	0	0	0	0	0	0	0	0	0	0	0	0	0	0	0.184	0.216	0	0	0	0	0	0	0.392	0	0	0.187	0	0	0
"c125651_g1_i1"	4.591	4.067	3.637	3.886	4.15	3.101	3.487	3.668	3.327	3.612	3.81	3.878	3.821	4.051	3.416	3.799	4.009	4.984	3.801	3.915	3.943	3.136	3.197	3.589	3.627	4.385	4.668	3.252	4.604	4.119	3.187	3.396	3.703	3.705	4.578	4.051	4.276
"c129066_g2_i1"	0.189	0.054	0.113	0.089	0	0.357	0.201	0.054	0.159	0.361	0.417	0.047	0.421	0.328	0.316	0.255	0.096	0	0.127	0.403	0.246	0.131	0.184	0.226	0.111	0	0.177	0	0.367	0.346	0.423	0.231	0.267	0.759	0.056	0.087	0.317
"c126000_g1_i3"	26.966	27.642	54.697	9.608	21.447	32.305	46.77	31.623	54.368	32.607	16.644	20.495	53.15	60.365	28.994	56.651	17.547	66.216	61.888	57.159	41.499	56.226	30.123	125.073	27.834	15.92	49.964	48.754	51.062	103.156	53.59	96.634	53.781	41.845	88.606	29.671	89.708
"c99835_g1_i1"	0.377	0.439	0.237	0.089	0.3	0	0.096	0.108	0.106	0	0.502	0.094	0.244	0.386	0.178	0.811	0.191	0.372	0.127	0.263	0.669	0.254	0.461	0.226	0	0.403	0.343	0	0.205	0.099	0.201	0.116	0.207	0.296	0.223	0.174	0.201
"c95225_g1_i1"	0.926	2.055	0.881	2.28	0	1.54	1.089	0.785	0	3.04	0	0.717	2.747	1.417	0	1.574	1.113	0	0	1.261	1.052	0.315	0.719	1.175	1.243	1.257	0.409	0	2.269	0.356	0.36	0	0.82	1.035	2.501	0	1.806
"c142065_g1_i2"	0.967	1.562	1.118	1.207	1.2	0.908	0.908	0.764	1.653	1.003	1.014	0.755	1.473	1.627	1.149	1.329	0.809	1.263	1.271	1.147	1.249	1.349	1.502	1.121	1.243	1.027	1.681	0.997	0.821	1.205	0.603	1.167	1.639	1.202	1.15	1.208	1.024
"c138108_g2_i12"	0.385	0.257	0.181	0	0.464	0.082	0	0.161	0.413	0.08	0.161	0.075	0.188	0.293	0	0.075	0.226	0.101	0.196	0.201	0.295	0.464	0.286	0.259	0.263	0.614	0	0.091	0.076	0.148	0.159	0.092	0	0.079	0.089	0.965	0.158
"c119513_g1_i2"	0.869	2.001	0.531	0.825	0.629	2.295	1.003	1.818	1.843	0.732	2.853	1.529	0.332	1.979	0.963	3.582	0.174	1.015	0.566	1.358	1.829	1.244	1.437	6.584	1.414	0	0	0.403	0.281	1.314	2.435	3.361	2.774	3.212	0	1.374	2.027
"c136299_g1_i2"	0	0.235	0	0.381	0.213	0	0	0.452	0	0	0	0.208	0	0.269	0	0	0	0	0	0	0	0	0.203	0	0	0	0	0.242	0	0.207	0	0	0	0.207	0.48	0	0
"c108880_g1_i2"	0.328	0.161	0.249	0.133	0.145	0.296	0	0.226	0	0.14	0.588	0.142	0.255	0.375	0	0.509	0	0.271	0.266	0	0.207	0.307	0.267	0.237	0.556	0.067	0.088	0	0.227	0.346	0	0.162	0.227	0.069	0.078	0.574	0.074
"c173464_g1_i1"	0	0	0	0	0.764	0	0	0	0	0	0	0	0	0	0	0	0	0	0	0	2.065	0	0.765	0.733	0	0	0.796	0	0	0	0	0	0	0	0	0	0
"c142308_g2_i6"	0.467	0.899	0.587	0.328	0.735	0.592	0.182	0.538	0.466	0.592	0.521	0.679	1.096	0.855	1.19	1.301	0.704	0.936	0.693	1.577	0.393	1.112	1.4	0.862	0.96	0.739	0.741	0.725	0.454	0.741	0.582	0.208	0.375	0.503	0.313	0.296	0.834
"c132734_g1_i1"	5.042	3.799	4.925	4.605	4.295	4.468	5.427	4.711	3.538	4.675	4.218	5.001	4.087	4.964	5.439	4.76	4.913	5.041	4.921	4.047	4.691	5.028	4.541	4.181	4.557	3.896	5.144	4.773	3.437	3.753	3.441	5.902	4.818	4.867	2.926	5.468	3.96
"c96414_g1_i2"	0	0	0	0	0	0	0	0	0	0.421	0	0	0	0	0	0	0	0.259	0	0	0	0	0	0	0	0	0	0	0	0	0	0	0	0	0	0	0
"c133646_g1_i1"	0.156	0	0.056	0	0.048	0.051	0.268	0.28	0.286	0.05	0.265	0.311	0.066	0.07	0.138	0.057	0.2	0.068	0	0.324	0	0.14	0.046	0.183	0.121	0.048	0.122	0	0.054	0.049	0.053	0.058	0.168	0.108	0.123	0.043	0.211
"c81664_g1_i1"	0	0	1.186	0	0	0	0	1.065	0	0	0	0	1.285	0	0	0	0	0	0	0	0.885	0	0	0	0	3.061	0	0	0	0	0.868	0	1.205	0	0	0	0
"c112122_g3_i2"	0.959	0	0	0.222	0.329	0	0.325	0.172	0	0.08	1.498	0.736	0.1	0.211	0	0.085	0.713	0	0	0	0.393	0.14	0.378	0.55	0.637	0	0.1	0.272	0	0.079	0.339	0.092	0	0.079	0.179	0.435	0
"c16571_g1_i1"	0.582	0.535	0.497	0	0.6	0	0.306	0.194	0.392	0.301	0.37	0.123	0.365	0.55	0.429	0.368	0	0.079	0	0.639	0	0.21	0.507	0.345	0.333	0.48	0.277	0.675	0.249	0.119	0.445	0.358	0.958	0.236	0.335	0.322	0
"c132513_g1_i1"	0.271	0.118	0.26	0.497	0.329	0	0	0.226	0.583	0.221	0	0.104	0.133	0.281	0.291	0	0.313	0.541	0.139	0.385	0	0.28	0	0.603	0	0.547	0.498	0.121	0.227	0.316	0.783	0	0.227	0.217	0	0.191	0.327
"c49804_g1_i1"	0	0	0	0	0	0	0	0	0.36	0	0	0	0.421	0	0	0.358	0	0	0	0	0	0	0	0.366	0	0	0	0	0	0	0	0	0	0	0	0	0
"c159540_g1_i1"	0	0	0	1.286	0	0	0	0	0	0	0	0	0	0	0	0	0	0	0.913	0	0	0	0	0	0	0	0	0	0	0	0	0	0	0	0	0	0
"c126262_g1_i1"	1.607	0.942	3.502	6.548	4.982	6.671	4.691	2.56	7.426	6.491	5.194	5.077	6.379	7.493	5.585	2.479	2.496	0.71	2.646	0.867	9.421	6.482	10.013	2.673	1.748	1.9	9.822	0.795	10.202	5.492	0.73	1.79	0.908	0.838	1.44	0.887	10.495
"c133606_g5_i1"	0.787	0.15	0.316	0.24	0.677	0	0.812	0.71	0.286	0.682	0.815	0.934	0.321	0.866	0.842	0.141	0.391	1.849	0.832	1.06	0	0.578	0.507	0.593	0.303	0.691	0.774	1.349	0.281	0	0.413	0.462	0.573	0.394	0	1.078	0
"c121418_g1_i2"	0.238	0.642	0.689	0	0	0.612	1.127	0.624	0	0.602	1.156	0.557	0	0	0	0	0	0	0	0	0.541	0	0.58	0	0	0.729	0.63	0	1.178	0	0.551	0	0	0	0	1.043	0
"c54313_g1_i1"	0	0	0	0	0	0	0	0	0	0	0	0	0	0	0	0	0	0	0	0	0	0	0	0	0	0	0	0	0	0	0	0	0	0	0	0	0
"c134027_g4_i2"	0.148	0.096	0.418	0.16	0.358	0.184	0.182	0.194	0.191	0.09	0.635	0	0.111	0.351	0.081	0.094	0.087	0	0.335	0	0.344	0.228	0.083	0.097	0.101	0.086	0	0.101	0.097	0.089	0	0	0	0.266	0.201	0.156	0.275
"c133145_g3_i2"	0.377	1.413	1.412	0.461	1.906	1.102	0.64	2.624	1.091	0.642	0.256	0.123	1.307	1.475	0.68	0.32	0.122	1.026	1.594	1.182	0.551	0.385	0.175	0.506	0.707	0.509	0.299	0.916	1.329	0.435	0.794	1.259	1.076	0.818	1.943	0.4	1.246
"c141809_g2_i2"	0	0.31	0	0	0.281	0.143	0.564	0	1.049	1.575	0	0.981	0.166	0	0.38	0	0	0	0.347	1.112	0	0	0.129	0.474	0	0	0.653	0.312	2.205	0.543	0.582	0	0	0	1.117	0	0.718
"c21064_g1_i1"	0	0	0	0.39	0.9	0	0	0.947	0.456	0	0	0.434	0	0.562	0	0	0	1.139	0	0	1.249	0.753	0.866	0.463	0.495	0	0	0	0	0	0	0	0	0.404	0.994	0.4	0.422
"c143986_g5_i3"	0.426	0.546	0.542	0.586	1.451	0.857	1.491	1.172	0.286	1.525	1.081	1.208	1.783	1.335	1.497	0.905	0.704	0.744	0.312	0.674	0.492	0.464	0.599	0.41	0.263	1.18	0.321	0.836	0.8	1.728	1.048	0.705	1.274	0.67	0.971	0.096	0.359
"c134319_g1_i1"	1.017	0.514	0	0	0.803	0	0.812	0	0.742	0.12	0.701	1.151	0.421	1.78	0.826	0.236	0.452	0	0.139	0	1.554	0	1.511	0.647	0.899	0	0	0	0	0.444	0.116	0.266	0.494	0	0.134	1.443	0.116
"c143572_g3_i1"	0.238	0.225	0.249	0.142	0.416	0.153	0.105	0.333	0.275	0.1	0.104	0.311	0.122	0.269	0.089	0.264	0.148	0.383	0.254	0.14	0.305	0.228	0.046	0.237	0.232	0.307	0.608	0.403	0.27	0.198	0.212	0.185	0.109	0.158	0.179	0.183	0.317
"c119703_g1_i1"	0.049	0	0.599	0	0.126	0.133	0.124	0	0.138	0	0.389	0	0.155	0.328	0.227	0.132	0	0	0	0.114	0.118	0	0.12	0	0	0.125	0.288	0	0.13	0.119	0.392	0.15	0	0	0	0	0
"c178159_g1_i1"	0.107	0.546	0	0	0	0	0	0	0	0.13	0	0.123	0	0.164	0	0	0	0	0	0.105	0	0.105	0.23	0	0	0.125	0	0.141	0.259	0.119	0	0	0.128	0.118	0	0	0
"c142371_g5_i2"	0.517	0.952	0.192	0.905	0.638	0.49	0.382	0.538	0.689	0.321	0.711	0.51	0.509	0.445	0.453	0.509	0.774	0.496	0.474	0.359	0.856	0.718	0.47	0.431	0.687	0.633	0.409	0.685	0.562	0.632	0.815	0.601	0.306	0.562	0.514	0.765	0.528
"c147016_g2_i1"	23.522	20.568	16.945	19.305	15.855	20.503	19.377	14.779	14.959	21.29	18.511	23.09	15.317	19.634	18.917	22.17	24.478	18.73	32.174	14.242	12.853	22.485	21.39	17.663	18.893	15.833	17.444	23.531	13.433	21.147	15.711	16.772	20.636	14.464	15.678	20.725	14.328
"c73839_g1_i2"	0	0	0	0	0	0	0	0	0	0	0	0	0.443	0	0	0	0	0	0	0	0	0	0	0	0	0	0	0	0	0	0	0	0	0	0	0	0
"c181677_g1_i1"	0	0	0	0	0	0	0	0	0	0	0	0	0	0	0	0	0	0	0	0	0	0	0	0	0	0	0	0	0	0	0	0	0	0	0	0	0
"c140640_g1_i1"	1.804	0.717	1.706	2.307	1.074	1.071	1.252	1.56	1.483	1.344	0.825	0.613	0.266	1.604	1.959	1.452	0.826	1.342	0.647	2.601	2.38	0.797	1.391	0.765	0.657	0.547	1.128	1.4	1.156	1.827	0.349	2.726	1.293	0.719	0.581	1.208	3.136
"c131371_g1_i3"	0.426	0	0	0	0.203	0.418	1.022	0.645	1.081	0.211	0.417	0.198	0	1.311	1.643	0.424	0	0.767	1.017	3.013	0.197	0.35	0.58	0.453	0.232	0	0.697	0.463	0	0	0.413	0	0	0.788	0.234	0.365	0.412
"c12120_g1_i1"	0	0.407	2.192	0	0	0	0	1.183	0	0	4.824	0.359	0	0	0	0	0.374	0	0	0	0	0.315	0.359	0.787	0	0.422	0	0	0.378	0	1.461	0.404	0.82	0	0.413	0.33	0.718
"c167370_g1_i1"	0	0	0	0	0	0	0	0	0	0	0	0	0	0	0	0	6.643	0	0	0	0	0	0	0	0	0	0	0	0	0	0	0	0	0	0	0	0
"c167479_g1_i1"	0	0	0.486	0	0	0.286	0	0.151	0.148	0.281	0	0	0.332	0.176	0.121	0	0.139	0	0	0.123	0	0	0	0.151	0	0	0	0.151	0.14	0	0.286	0.323	0.444	0.138	0	0	0
"c113592_g1_i1"	0.082	0.203	0.113	0.506	0.184	0.194	0.191	0.29	0	0.281	0.474	0	0.454	0.117	0.17	0.094	0.183	0	0	0	0.177	0.158	0	0.313	0.101	0.192	0.542	0	0.292	0.267	0.286	0.427	0	0.089	0.313	0.087	0.095
"c2678_g1_i1"	0	0	0	0	0	0	0	0	0	0	0	0	0	0	0	0	0	0	0	0	0	0	0	0	0	0	0	0	0	0	0	0	0	0	0	0	0
"c70592_g1_i1"	0	0	0	0	0	0	0	0	0	0	0	0	0	0	0	0	0	0	0	0	0	0	0	0	0	1.535	0	0	0	0.563	0	0	0	0	0	0	0
"c124515_g1_i1"	0.943	0.278	0	0.381	0.164	0	0.172	0.355	0.18	0.251	0.171	0.33	0.399	0	0.146	0	0.73	0	0	0.657	0.246	0.14	0.23	0.28	0.374	0	0.1	0.282	0.259	0.247	0	0.485	0.444	0.168	0.279	0.078	0.338
"c167077_g1_i1"	0	0	0	0	0	0.184	0	0	0	0	0	0	0	0	0.162	0	0	0	0.22	0	0	0	0	0	0	0	0	0	0.184	0	0	0	0	0	0	0	0
"c139508_g1_i1"	0.64	1.209	1.31	0.683	1.354	1.367	1.08	1.301	0.805	0.903	0.967	0.896	0.897	0.925	1.077	0.99	0.583	0.925	0.682	1.454	0.974	0.823	0.884	1.142	1.445	1.295	1.582	1.148	1.059	1.017	1.027	1.317	1.333	1.439	1.362	1.495	0.95
"c126896_g2_i2"	0.607	0	0	0.133	0	0	0.879	0	0	0	0.739	0	0.177	0	0	0.151	0.426	0	0.185	0.131	0	0.123	0	0	0.162	0	0	0	0	0.138	0	0.162	0	0.857	0.167	0.13	0
"c135405_g3_i1"	0.279	0.364	0.395	0	0	0	0	0	0	0	0	0.321	0	0	0.299	0	0	0	0.404	0.28	0.315	0.28	0	0	0	0	0	0.373	0	0	0	0	0	0	0.748	0	0
"c134974_g1_i1"	3.025	1.723	1.92	2.076	3.009	2.418	1.28	1.355	2.246	1.575	0.834	2.18	1.982	1.3	3.659	2.14	1.948	3.304	3.42	3.381	3.786	2.05	2.469	3.373	3.253	3.301	3.816	3.665	2.767	2.133	1.895	1.375	2.32	1.261	1.753	1.634	2.048
"c147989_g1_i1"	0.008	0.064	0.034	0	0	0	0.115	0.032	0.064	0	0.237	0.085	0.066	0	0	0	0	0	0	0.026	0.118	0.026	0	0.032	0	0.058	0.066	0	0.065	0.03	0.148	0.069	0.059	0.059	0.1	0.026	0.032
"c75685_g1_i1"	0	0	0	0	0	0	0.707	0	0	0	0	0	0	0	0	0	0	0	0	0	1.357	0	0.746	0.722	1.647	0	1.571	0	0	0	0	0	1.738	0	0	0	0
"c19937_g1_i1"	0	0	0.249	0.568	0	0	0	0.333	0	0	0	0.208	0	0.269	0.097	0.217	0.104	0	0	0	0	0.359	0	0	0	0.106	0	0	0.108	0.099	0	0.116	0	0	0.123	0.096	0
"c128206_g1_i1"	2.246	1.434	1.186	2.44	1.944	1.132	2.417	1.076	0.89	1.405	3.858	3.038	1.672	0.948	2.469	2.441	1.887	1.849	2.426	1.217	1.249	1.918	1.898	2.382	2.061	3.531	1.283	2.88	0.962	0.988	1.44	2.356	1.57	1.37	0.413	1.4	0.665
"c83973_g1_i1"	0	0	0	0	0	0	0	0	0	0	0	0.925	0	0	0	1.169	3.226	0	0	0	0	1.656	0	0.938	0	0	0	1.198	0	0	0.889	0	0	0	2.244	0.887	0.876
"c511_g1_i1"	0	0	0	0	0	0	0	0.387	0	0	0	0	0	0	0	0	0.365	0	0	0	0	0	0	0	0	0	0	0	0	0	0	0	0	0	0	0	0
"c138294_g10_i3"	0.221	0	0.203	0.311	0.174	0	0.697	0.366	0.371	0.351	0.18	0.17	0.421	0.445	0	0.537	0	0.214	0.439	0.911	0.334	0	0.166	0	0	0.365	0.199	0.191	0	0	0	0.601	0	0.512	0.391	0.156	0.348
"c145016_g5_i1"	1.254	0.385	1.243	0	0.174	0.541	0	0	0.191	0	0	0	0.21	0	0	0	0.861	1.996	0	1.839	0	0	0	0.776	0	0	0	2.568	0.184	0	0.54	0	0	0	0	1.104	0
"c139314_g3_i1"	0.492	0	2.971	0	0	0	7.883	0	1.176	1.294	0	2.217	0	0	1.133	0	0	0	1.433	0	2.173	0.999	0	0	0	0	0	0	0	1.077	0	0	0	0	0	0	0
"c157546_g1_i1"	0	0	0	0	0	0	0	0	0	0	0	0	0	0	0	0	0	0	0	0	0	0	0	0	0	0	0	0	2.086	0	0	0	0	0	0	0	0
"c126631_g2_i1"	1.681	1.637	0.96	1.224	2.215	0.949	1.577	1.796	2.119	1.174	1.63	1.538	1.982	1.428	1.975	1.866	2.087	2.154	1.883	0.937	1.455	1.428	1.842	1.778	1.869	1.727	1.891	1.671	1.437	1.225	0.9	1.536	1.906	1.133	0.96	1.956	1.499
"c66214_g1_i1"	0	0	0	0	0	0	0	0	0	0	0	0	0	0	0	0	0	0	0	0	0	0	0	0	0	0	0	0	0	0	0	0	0	0	0	0	0
"c18320_g1_i1"	0	0	0	0	0	0	1.452	0	0	0	0	0	0	0	0	0	0	0	0	0	1.406	0	0	1.358	0	0	0	0	0	0	0	0	2.231	0	1.798	0	0
"c144215_g1_i2"	0.303	0.15	0.497	0.186	0.271	0.051	0.411	0.183	0.106	0.261	0.559	0.321	0.044	0.222	0.38	0.255	0.209	0.654	0.358	0.42	0.167	0.307	0.203	0.291	0.283	0.23	0.199	0.091	0.195	0.514	0.074	0.335	0.306	0.187	0.514	0.426	0.211
"c79060_g1_i1"	0.32	0.214	0	0.346	0	0	0	0.204	0	0	0	0	0	0	0.17	0.198	0	0	0	0	0	0	0	0	0	0.403	0	0	0	0	0.191	0.439	0	0	0.212	0	0.19
"c98184_g1_i2"	0	0	0	0.204	0	0	0	0.247	0	0.702	0	0	0	0	0.413	0.236	0.687	0	0	0	0	0	0	0	0	0.249	0	0	0.238	0.217	0	0.266	0.247	0	0	0	0.465
"c141760_g5_i1"	0.09	0.235	0.249	0	0.155	0.316	0.315	0.495	0.117	0.582	0.057	0.104	0.122	0.269	0.049	0.16	0.052	0.068	0	0.14	0.049	0.131	0.193	0.054	0.232	0.365	0.122	0	0.054	0.207	0.328	0.243	0.385	0.108	0.29	0.235	0.211
"c137568_g1_i1"	0.074	0.096	0.045	0	0.106	0.041	0.067	0.086	0.064	0.06	0.104	0	0.078	0	0.04	0.104	0.017	0.135	0	0.018	0	0	0	0.097	0	0.125	0.1	0.02	0.043	0.02	0.021	0.023	0	0.059	0.1	0.113	0.042
"c180433_g1_i1"	0.369	0	0.531	0	0.909	0	0	0	0	0	0	0.434	0	0	0	0	0.452	0	0	0.753	0	0	0	0.463	0.505	0	0	0.514	0	0	0	0	0	0	0.502	0	0
"c178465_g1_i1"	0	0	0	0	0	0	0	0	0	0	0	0	0	0	0	0	0	7.104	6.054	0	0	0	0	0	0	0	0	0	0	0	0	0	0	0	0	0	0
"c131445_g1_i1"	0.713	0.471	0.282	0.559	0.609	0.622	0.793	0.194	0.72	0.803	0	0.547	0.078	0.316	0.704	0.434	0.235	0.609	0.451	0.429	0.767	0.631	0.682	1.035	0.344	0.662	0.498	0.272	0.638	0.474	0.381	0.497	0.326	0.601	0.413	0.33	0.686
"c160060_g1_i1"	0.205	0	0	0	0	0.51	0	0	0	0.502	0	0	0	0	0	0	0	0	0	0.815	0.462	0.412	0	0	0	0	0	0	0	0.454	0	0	0	0	0	0	0
"c151005_g1_i1"	0	0	0	0	0	0	0	0	0	0	0	0	0	0	0	0	0	0	0	0	0	0	0.958	0	0	0	0	0	0	0	0	0	0	0	0	0	0
"c118874_g1_i1"	0.139	0	0.395	0	0	0.173	0	0	0	0	0	0.17	0	0	0	0	0	0	0	0	0.167	0.149	0.157	0	0	0.355	0	0	0	0.168	0.519	0	0	0	0	0.148	0.169
"c134945_g1_i2"	0.131	0.075	0.158	0.027	0.029	0	0.067	0	0.254	0.171	0.038	0	0.122	0.082	0.057	0.038	0.035	0	0.046	0.123	0.069	0	0.064	0.151	0	0.067	0	0.191	0.14	0.03	0.032	0.035	0.109	0.03	0.033	0	0
"c55208_g1_i1"	0	0	0	0	0	0	0	0	0	0	0	0	0	0	0	0	0	0	0	0	0	0	0	0	0	0	0	0	0	0	0	0	0	0	0	0	0
"c50949_g1_i1"	0	0.663	0	0	0	0	0.583	0	0	0	0	0	0	0.761	0	0	0	0.778	0	0	0	0	0	0	0	0	0	0	0	0	1.704	0	0	0	0	0	0
"c3099_g1_i1"	0.558	0	0	0	0	0	0	1.463	0	0	0	0	0	0	1.862	0	0	0.891	0	0.552	0.629	0	0.682	0	0	0	0	0	0	1.254	0	0	0	0	0	0.609	0.634
"c147560_g1_i2"	12.069	9.267	10.427	11.329	8.368	11.608	11.466	8.809	11.177	11.307	10.786	9.323	7.243	8.16	8.337	10.077	10.556	8.954	8.618	8.873	10.296	10.231	9.286	10.442	7.476	10.364	11.957	8.73	9.802	8.86	9.581	9.414	10.505	9.843	8.933	10.823	8.912
"c104943_g1_i1"	0	0	0	0	0	0	0	0	0	0	0	0	0	0	0	0	0	0	0	0	0.246	0	0	0.571	0	0.278	0	0.292	0	0	0	0	0	0	0	0	0
"c183370_g1_i1"	0	0	0.881	0	0	0	0	0.796	0	0	0	0	0	0	0	0	0	0.97	0	0	0	0	0	0	0	0	0	0	0	0	0	0	0	0	0	0	0
"c104065_g1_i1"	0.771	0	0.542	0.417	1.625	0.235	0.459	0	0	0	0	0.453	0	0	0	0.481	0	0.293	0.289	0.201	0.216	1.191	0.442	0	0	0.489	0	0.775	0.238	0.217	0.466	0	0.504	0	0.782	0.209	0
"c181169_g1_i1"	0.271	0	0	0	0	0	0	0	0	0	1.299	0	0	0	0	0	0	0	0	0	0	0	0	0	0	0	0	0	0.659	0	0	1.375	0	0	0	0	0
"c132237_g2_i1"	0	0	0	0	0	0	0	0	0	0	0	0.868	0	0	0	1.084	0	0	0	0	0.856	0	0	1.778	1.041	0	0	0	0	0	0	0	0	0	0	0	0.834
"c136423_g1_i4"	0.631	0.749	1.683	0.133	0.455	0.918	0.908	0.473	0.646	0.913	0.616	0.528	0.908	0.492	0.939	0.613	1.313	1.319	1.04	1.401	1.455	0.78	2.11	0.506	1.091	3.167	0.697	0.755	1.102	0.514	0.783	0.531	0.642	0.227	1.787	1.347	0.771
"c124751_g1_i1"	0	0	0	0.958	0.561	0	0	0	0	0	0	0	0	0	0	0	0	0	0	0	0.521	0	0	0	0	0.681	0	0	0	0	0	0	1.264	0	0	0.496	0
"c146485_g3_i1"	0.656	2.344	4.394	0.914	1.074	1.102	0	1.699	1.621	2.729	0	0.51	1.329	2.002	1.91	0.575	0	3.417	1.282	0	1.977	0.893	0	0	1.768	2.581	2.312	1.833	1.599	0.494	1.016	2.252	0	0.483	0.592	0	0.496
"c146691_g1_i1"	0.73	0.482	0.508	0.559	0.638	0.663	0.793	0.807	0.593	0.632	1.194	0.821	0.443	0.41	0.583	0.5	0.478	0.631	0.3	0.674	0.669	0.578	0.424	0.657	0.667	0.854	0.465	0.574	0.411	0.77	0.455	0.578	0.681	0.631	0.648	0.869	0.443
"c79366_g1_i1"	0.082	0	0.237	0	0.203	0.204	0	0.215	0	0	0	0	0.244	0.258	0	0	0	0	0	0	0	0	0.193	0	0	0	0	0	0.832	0	0.201	0.231	0	0	0	0	0
"c53745_g1_i1"	0.262	0	0.768	0	0	0	0.621	0	0	0	0	0	0.808	0	0	0	0	0	0	0.526	0	0	0	0	0	0	0	0	0	0	0	0	0	0	0	0	0
"c8628_g1_i1"	0	0	0	0	0	0	0	0	0	0	0	2.51	0	0	0	0	0	0	0	0	0	0	0	0	0	0	0	0	0	0	0	0	0	0	0	0	0
"c116579_g3_i1"	0.123	0	0	0.346	0	0.102	0.096	0.506	0.201	0.1	0.294	0.094	0.233	0.246	0	0	0.183	0	0.116	0.166	0.187	0	0.175	0.108	0.323	0.384	0.332	0.322	0.497	0	0.095	0.335	0	0.099	0.212	0	0.201
"c22456_g1_i2"	0.057	0	0	0.133	0	0	0	0	0	0	0.294	0	0	0	0	0	0	0.18	0	0.123	0	0	0	0	0	0	0	0	0	0	0	0	0.148	0	0	0	0
"c80450_g1_i1"	0.779	0	0	0	0	0	0	0	0	0	0	0	0	0	0	0	0	0	0	0	0	0	0	0	0	0	0	2.558	0	1.63	0	0	0	0	0	0	1.51
"c134899_g1_i2"	0.221	0.268	0.282	0.568	0.145	0.347	0.287	0.258	0.307	0.732	0.881	0.142	0.576	0.375	0.13	0.339	0.278	0.237	0.058	0.683	0.374	0.499	0.221	0.377	0.273	0.432	0.111	0.111	0.303	0.188	0.402	0.393	0.099	0.236	0.38	0.174	0.496
"c32114_g1_i1"	0	0	0	0	0	0	3.096	0	0	4.595	0	0	0	0	0	0	0	0	0	0	0	0	0	0	0	0	0	0	0	0	0	0	6.339	0	0	0	0
"c141669_g2_i5"	0	0.086	0.26	0.204	0.222	0.459	0.153	0.075	0.487	0.08	0.076	0.453	0.089	0.585	0.065	0.914	0	0.192	0	0	0.295	0.385	0	0	0.172	0.605	0.962	0.423	0	0.365	0	0.173	0	0.079	0.167	0.269	0.306
"c134146_g1_i1"	0.164	0.139	0.147	0.222	0.126	0.153	0.248	0.161	0.064	0.401	0.275	0.123	0.033	0.152	0.186	0.151	0.148	0.226	0.185	0.105	0.295	0.21	0.166	0.377	0.202	0.115	0.177	0.171	0.162	0.326	0.127	0.139	0.158	0.118	0.167	0.322	0.063
"c168185_g1_i1"	0	0	0	0	0	0.724	0	0	0	0	0.673	0	0	0	0	0	0	0	0	0	0	0	0	0	0	0	0	0	0	0	0	0.705	0	0	0	0	0
"c93888_g1_i1"	2.058	0	6.654	1.854	0	0	2.226	3.022	0	0	0	0	0	0	2.558	0	0	0	0	0	0	0	3.436	0	0	0	0	0	0	2.084	0	0	0	0	0	0	0
"c145659_g1_i2"	0.098	0.524	1.672	0.106	0.474	1.204	0.831	0.624	1.017	0.12	0	0.708	0.144	0.304	1.271	0.245	0.113	0	0	0.622	0.452	0.508	0	0.528	1.455	0.24	0.277	0.926	0.616	0.227	1.217	0.404	0.375	0.581	1.072	0.209	1.563
"c147582_g2_i1"	0.156	0	0.441	0.337	0.184	0.959	0	0	0.403	0.191	0.379	0.368	0.233	0	0.502	0.198	0.548	0.474	0.924	0.324	0.364	0	0.175	0.819	0	0.585	0.21	0.211	0.389	0	0.191	0.208	0.405	0.177	0	0	0.75
"c122884_g1_i1"	0.615	0.631	0.282	0.523	0.406	0.245	0.736	0.774	0.265	0.582	0.502	0.651	0.498	0.316	0.583	0.584	0.713	0.507	0.82	0.359	0.708	0.561	1.299	1.013	0.091	0.576	0.664	0.453	0.346	0.474	0.339	0.289	0.434	0.65	0.737	0.73	0.338
"c160864_g1_i1"	0.164	0	0	0.719	0	0	0.201	0	0	0	0	0	0	0	0	0	0	0	0	0	0	0	0	0	0.222	0	0.232	0	0	0.198	0	0	0.434	0	0.447	0.356	0
"c166469_g1_i1"	0	0	0	0	0	0	0	0.376	0	0	0	0	0	0	0	0	0	0	0	0.158	0	0	0	0	0	0	0	0	0.184	0	0	0.809	0	0	0	0	0
"c157570_g1_i1"	0	0	0	0	0	0	0	0	0	0	0	0	0	0	0	0	0	0	0	0	0	0	0	0	0	0	0	0	2.205	0	0	0	0	0	0	0	0
"c146068_g1_i1"	0.967	1.584	7.083	0.807	1.683	4.59	1.366	3.861	7.034	2.619	0.844	0.359	1.883	7.095	0.445	3.346	0.27	2.424	3.373	1.629	4.101	0.613	0.838	3.438	1.192	3.09	8.694	0.735	9.488	2.262	1.059	8.12	1.432	2.621	8.252	0.774	7.212
"c80537_g1_i1"	31.147	8.037	6.111	8.624	8.852	7.691	8.8	6.464	8.708	5.759	10.312	11.672	9.292	11.872	30.661	9.992	15.695	12.483	15.654	20.513	10.345	18.403	13.846	7.479	13.751	10.594	7.201	16.584	4.777	10.075	8.427	5.66	15.314	8.148	6.678	15.718	5.786
"c17560_g1_i1"	0	0	0	0	0	0	0	0	0	0	0	0	0	0.761	0	0	0	0	0	0	0	0	0	0	0	0	0	0	0	0.553	0	0	0.691	0	0	0	0
"c122062_g1_i1"	0	0	0	0	0.252	0	0	0	0	0	0	0	0	0	0	0	0	0	0	0.648	0	0.219	0.24	0	0	0	0.288	0	0	0	0	0	0	0	0	0	0
"c16480_g1_i1"	0	0	0	0.586	0	0	0	0	0	0	0	0	0	0	0	0.773	0	0	0	0	0	0	0	0	0.768	0	0	0	0	0	0	0	0	0	0	0	0
"c51020_g2_i1"	0	0	0	0	0	0	0	0	0	0	0	0	0	0	0	0	1.53	0	0	0	0	0	0	0	0	0	1.361	0	0	0	0	0	0	0	0	1.217	0
"c142680_g1_i1"	0	0	0	0	0	0	0	0	0	0	0	0	0	0	0	0	0	0	0	0	0	0	0	0	0	0	0	0	0	0.514	0	0	0	0	0	0	0
"c121277_g1_i1"	0.057	0.482	0.508	0.257	0.435	0	0.717	0	0	0.15	0.294	0.425	0	0.375	0.13	0.151	0	0	0	0.254	0.275	0.123	0.405	0.797	0.162	0.297	0	0.161	0.151	0.553	0.148	1.317	0.158	0.138	0.324	0.261	0.296
"c139553_g3_i4"	0.09	0.235	0	0.035	0.068	0.388	0.42	0.183	0.148	0.391	0.749	0.519	0.21	0.14	0.526	0.141	0.165	0.259	0.127	0.158	0.138	0.272	0.295	0.043	0.04	0.307	0	0	0.032	0.099	0	0	0	0.039	0	0.096	0.074
"c63349_g1_i1"	0.213	0.139	0	0.231	0	0	0	0	0.138	0	0.256	0.255	0.31	0.492	0	0	0.122	0.158	0	0.114	0	0	0	0	0.141	0	0.288	0.141	0.13	0.247	0	0.15	0	0	0	0.226	0.127
"c45635_g1_i1"	0	0.589	0	0	0.542	0	0	0	0	0	0	0	0	0	0	0	0	0	0	0	0	0	0	0	0	0	0	0	0	0	0	0	0	0	0.603	0	0
"c126472_g2_i1"	14.061	1.841	2.225	6.778	5.466	2.418	12.259	16.941	3.803	2.769	4.104	3.897	2.16	5.655	19.378	2.3	3.469	12.021	9.161	22.711	6.176	4.196	13.127	2.252	2.778	2.293	7.411	5.568	3.707	4.03	5.876	3.153	7.84	2.798	2.803	3.921	17.243
"c14202_g1_i1"	0	0	0	0	0	0	0	0	0	0	0	0	0	0	0	0	0	0	0	0	0	0	0	0	0	0	0	0	0	0	0	0	0	0	0	0	0
"c72730_g1_i1"	0.549	0	0	0.71	0	0	0	0	0	0	0.531	1.302	0.653	0	0.955	0.273	0	0	0.982	0	0	0.683	0	0.571	0.293	0	0	0	0	0.761	0	0	0	0	0	2.599	0
"c113177_g2_i1"	1.369	0.578	1.627	0.781	1.209	0.357	1.204	1.646	0.551	0.181	1.052	1.029	2.315	1.112	0.769	0.886	1.356	0.429	0.855	1.962	2.154	1.191	1.465	0.194	1.152	0.182	1.781	0	1.437	0.83	0.18	0.196	0.928	1.005	1.362	0.617	0.697
"c123372_g1_i1"	0	0	0	0	0	0	0	0.592	0.572	0	0	0	0	0	1.506	0	0	0	0	1.839	0	0	0	0	1.233	0	0	0	0	1.037	0.529	0	0	0	0	0	0
"c26463_g1_i1"	0	0	0	0	0	0	0.478	0	0	0	0	0	0	0.621	0.445	0	0	0	0	0	0	0	0.488	0	0.546	0	0	0	0	0	0.476	0	0	0	0	0	0.475
"c84563_g2_i1"	0.172	0	0.158	0.488	0.271	0.683	0.401	0	0	0.14	0.408	0	0	0	0	0.273	0	0	0	0	0	0	0.249	0.151	0.152	0	0.155	0	0.14	0.128	0.275	0.624	0	0.128	0.301	0	0
"c37496_g1_i1"	0	0	0	0	0	0.428	1.204	0.43	0	0	0	0.396	0	0.515	0	0	0	0.519	0	0.342	0	0	0	0	0	0	0	0	0.832	0.385	0.402	0	0	0	0	0	0.391
"c27624_g1_i1"	0.197	0.268	0	0.639	0.242	0.245	0.239	0.506	0.254	0.241	1.204	0	0	0.304	0.429	0.245	0.235	0	0	0	0.226	0.201	0	0.517	0	0	0.277	0.272	0.249	0.227	0	0	0	0.916	0	0	0.243
"c31082_g1_i1"	0	0	0	0	0	0	0	0	0	0	0	0	0.421	0	0	0	0	0	0	0	0	0	0.332	0	0.374	0	0	0	0	0	0	0.381	0	0	0	0	0
"c146851_g2_i2"	0.312	0.824	0	0.328	1.499	0.388	0	0	0	0	0.37	0.717	0	0	0	0	0	0	0	0	0	0.315	0	0	0	0	0.409	0	0	0	0.73	0	0	0	0	0.33	0
"c41711_g1_i1"	0.082	0	0	0	0.193	0	0.191	0	0.201	0	0	0	0	0.492	0	0	0	0	0	0	0	0.166	0	0	0.212	0	0	0	0	0	0	0	0	0	0	0.174	0
"c134871_g1_i2"	5.042	3.917	3.875	4.374	4.75	4.203	3.134	4.507	4.471	3.662	5.668	5.341	3.954	4.086	4.654	4.1	4.487	4.263	4.413	4.94	4.406	3.548	4.615	4.602	5.132	3.589	4.602	4.501	3.566	4.484	3.568	4.135	4.739	3.616	3.115	5.729	3.759
"c147344_g1_i6"	0.057	0.225	0	0.248	0	0	0	0	0.074	0	0.493	0.415	0	0	0	0.066	0	0	0	0.061	0	0.175	0	0	0	0.067	0.155	0.232	0	0.069	0.148	0.081	0.069	0.069	0	0.122	0.422
"c78922_g1_i1"	0.057	0	0	0.062	0	0	0	0	0.148	0.14	0.284	0.066	0.089	0	0.494	0.066	0.13	0.09	0	0.245	0	0	0	0	0.081	0.278	0	0.151	0	0.069	0.212	0	0.148	0.069	0	0.243	0
"c136767_g1_i2"	0.213	0	0.079	0.408	0.252	0	0.258	0.398	0	0.06	0	0	0.155	0.164	0.793	0.066	0.122	0.316	0	0.166	0.305	0.105	0.295	0.075	0.071	0	0.077	0.352	0.13	0.059	0.265	0.15	0.197	0.315	0.067	0.113	0.19
"c95182_g1_i1"	0.967	0	0	0	0.813	0	0	0	0.795	0	0	0	0	0	0.72	0	0.826	0	0	0	0	0	0	0	0	0	0	0	0	0	0	0	0	0	0	0	0
"c12286_g1_i1"	0.164	0	0	0	0	0	0	0	0	0	0.133	0.255	0	0.164	0	0	0.122	0.158	0	0	0	0	0.12	0	0	0	0.144	0	0	0	0.402	0.15	0.138	0	0	0	0
"c128182_g2_i1"	2.517	3.071	1.322	8.118	3.947	2.326	4.844	5.937	2.267	4.585	6.028	4.784	1.395	2.81	5.027	3.016	3.4	5.018	2.022	4.598	5.173	1.401	4.385	3.384	1.849	3.426	3.639	7.048	1.675	4.129	1.059	2.356	3.169	4.995	4.98	2.964	2.091
"c127412_g1_i2"	0.23	0	0.655	0	0	0.581	0	0	0.572	0.572	0	0	0	0	0.502	0.603	0	0	0	0.455	0	0.464	0	0	0	0	0.608	0.644	0.562	0	0.529	0	0	0	0	0	0
"c139726_g2_i2"	0.189	0	0	0.603	0	0	0	0.118	0	0	0.227	0.113	0	0.433	0	0.566	0.104	0.417	0	0.49	0	0.385	0.313	0.248	0.121	0	0	0.373	0.465	0	0.233	0	0.474	0.217	0	0.2	0.116
"c108063_g1_i2"	0	0	0	1.056	1.383	0	0	0	0	0	1.251	0	1.794	0	1.238	0	0	0	1.56	0	0	0	1.455	0	0	2.62	0	0	0	0	0	0	0	2.089	0	1.182	0
"c104793_g1_i1"	0.303	0.118	0.034	0	0	0	0.688	0.28	0.307	0	0.455	0	0.033	0.035	0.235	0.028	0.174	0.135	0.069	0	0	0.245	0.488	0.205	0	0.029	0.033	0.292	0	0.336	0.169	0	0	0.414	0.357	0.304	0
"c106221_g2_i1"	0.246	0	0	0.532	0.29	0.449	0.143	0	0	0.301	0.303	0.142	0.177	0	0	0.452	0	0	0	0.131	0	0.254	0	0.162	0.333	0.307	0.166	0.493	0.151	0.138	0.148	0	0	0.148	0.167	0.13	0.296
"c12398_g1_i1"	0	0	1.785	0	0	0	0	0	0	0	0	0	0	0	0	0	1.652	0	0	1.086	0	0	0	0	0	0	0	0	0	0	0	0	0	0	0	0	0
"c142348_g3_i2"	5.009	3.499	3.355	3.46	3.221	4.06	3.669	3.754	4.471	5.307	2.777	2.718	4.142	3.887	3.918	3.299	4.043	3.924	3.35	4.301	5.015	4.634	5.002	2.92	3.476	3.829	3.816	3.464	3.156	3.763	3.928	4.435	3.515	4.434	2.066	4.234	2.418
"c134503_g3_i1"	0.09	0.246	0	0	0	0	0	0	0	0	0.227	0.217	0.277	0.293	0.202	0	0.217	0	0	0	0.216	0.193	0	0.248	0.253	0.71	0.254	0	0	0.217	0	0	0	0	0	0.2	0
"c107835_g1_i1"	1.008	1.081	0.576	0.426	0.493	0.51	0	0.527	1.006	1.003	0	0.472	1.827	0	0	1.056	0	1.252	0.601	0	0	0	0	0	1.091	0	0.542	0	1.481	0.454	0	0	1.659	0	0.547	1.739	0.465
"c806_g1_i1"	0	0	0	0	0.416	0	0	0	0	1.254	0	0	1.008	0	0	0	0	1.049	0	0	0.384	0	0	0.431	0	0	1.361	0	0	0.77	0	0	0	0	0	0	0
"c154736_g1_i1"	0.107	0.289	0	0	0.261	0	0	0	0	0	0	0	0	0	0.235	0	0	0	0	0	0	0	0	0.56	0	0	0.288	0.292	0	0	0	0	0	0	0.29	0	0
"c114568_g1_i1"	0.213	0.075	0.079	0.328	0.068	0.143	0.143	0.151	0	0.14	0	0.075	0.089	0	0.38	0	0.07	0.09	0	0.315	0.069	0.123	0	0.237	0	0.067	0	0.081	0	0.069	0.222	0	0.148	0.069	0	0.061	0.074
"c142539_g1_i1"	21.235	17.165	15.871	21.106	30.859	26.236	17.132	16.769	13.92	24.44	32.539	23.647	14.752	17.854	24.372	19.682	18.739	19.892	23.672	17.728	21.113	19.157	18.958	23.364	22.177	18.463	18.085	20.36	21.862	26.639	19.596	18.874	27.745	17.913	17.141	28.515	25.732
"c40810_g1_i1"	0	0	0	0	0	0	0	0	0	0	0.569	0	0	0	0	0	0	0	0	0	0	0	0	0	0	0	0	0	1.156	0	0	0	0	0	0	0	0
"c136933_g4_i2"	0	0.31	0	0	0.561	0	0.277	0	0	0	0	0.547	0	0.351	0.494	0	0	0	0	0.473	0.266	0	0	0.593	0	0	0	0.312	0	0	0	0	0	0.266	0.313	0	0.549
"c141980_g3_i1"	0	0	0	0	0	0	0	0	0	0	0	0	0	0	0	0	0	0	0	0	0	0	0	0	0	0	0	0	0	0	0	0	0	0	0	0	0
"c7361_g1_i1"	0.074	0	0	0	0	0	0	0	0.095	0.09	0	0	0	0	0	0.094	0	0.338	0.116	0	0	0	0.166	0.097	0.101	0.182	0.1	0	0.097	0	0	0.104	0	0	0.201	0	0.095
"c64789_g1_i1"	0.41	0.556	0.587	0.861	0.503	0.52	0	0	0.509	1.023	0.493	0	0	0	0.453	2.159	0.504	0	1.213	0.42	0	1.691	0	0.517	0	0.595	0.553	0	1.005	0	0.476	0.531	0.563	0.453	1.117	0.443	2.376
"c12348_g1_i1"	0.295	0	0	0	0	0	0.697	0	0	0	0	0.34	0	0	0	0.377	0	0	0	0	0.334	0	0	0	0	0	0	0	0	0.336	0	0.393	0.78	0	0.402	0	0.348
"c141921_g2_i7"	0.164	0.31	0.124	0.177	0.193	0.163	0.115	0.118	0.148	0.06	0.313	0.189	0.1	0.211	0.073	0.33	0.27	0.169	0.104	0.193	0.138	0.123	0.101	0.216	0.061	0.163	0.221	0.181	0.205	0.267	0.169	0.162	0.227	0.305	0.212	0.226	0.232
"c139416_g1_i7"	0.189	0.096	0.079	0.142	0.281	0.173	0.134	0.161	0.159	0.15	0.18	0.217	0.078	0.246	0.154	0.255	0.183	0.135	0.162	0.096	0.108	0.131	0.157	0.119	0.071	0.211	0.254	0.121	0.065	0.188	0.095	0.277	0.109	0.128	0.167	0.191	0.106
"c86805_g1_i1"	0.164	0.214	0.226	0.133	0.193	0.194	0.191	0.151	0.159	0.15	0.047	0.094	0.055	0.129	0.13	0.198	0.096	0.237	0.116	0.254	0.138	0.123	0.092	0.054	0.111	0.048	0	0.111	0.054	0	0.053	0.335	0.257	0.099	0.112	0	0.253
"c133466_g2_i3"	4.108	3.21	4.485	3.07	2.892	3.764	4.242	3.636	4.428	3.943	2.9	2.661	3.777	2.494	3.788	3.686	4.696	3.451	2.83	4.292	3.629	3.293	2.524	3.47	3.162	3.503	3.883	2.98	3.361	3.576	2.763	3.304	3.209	3.439	2.993	4.399	3.801
"c80401_g1_i1"	0	0	0	0	0	0	0	0	0	0	0	0	0	0	0	0	0	0	0	0	0	0	0	0	0	0	0	0	0	0	0	0	0	0	0	0	0
"c152236_g1_i1"	0	0	0	0.16	0	0	0	0	0	0	0	0	0	0	0	0	0	0	0	0.149	0	0	0.166	0	0	0	0	0	0	0	0	0.601	0	0.168	0	0	0
"c59270_g1_i1"	0.23	0.61	0.124	0.594	0.222	0.673	0.659	0.581	0.35	0.562	0.673	1.095	0.797	0.421	0.389	0.452	0.852	0.823	0.277	0.771	0.531	0.096	0.313	0.496	0.616	0.441	0.387	0.373	0.346	0.425	0.222	0.254	0.355	0	0.491	0.391	0.338
"c111001_g1_i1"	1.066	1.209	0.994	0.328	0.726	0.622	1.338	0.645	1.165	0.371	0.739	0.962	1.03	0.468	0.648	0.377	0.591	1.06	0.762	1.174	0.59	0.841	0.451	1.088	0	0.499	0.708	0.816	0.756	0.474	1.376	0.566	0.652	0.473	0.826	0.435	1.732
"c108672_g1_i1"	0	0	0	0.665	0	0	0	0	0	0	2.303	0.745	0	0	3.61	4.449	0.826	0	0	1.27	0	0	0	0	0.879	0	0	0.926	0	0.721	0	0	2.814	0	0	0	0
"c158174_g1_i1"	0	0	0	0	0	0	0	0	0	0	0	0	0	0	0	0	0	0	0	0	0	0	0	0	0	0	0	0	0.973	0.899	0	0.982	0	0	0	0	0
"c141260_g1_i5"	5.28	4.206	4.575	4.906	4.45	4.927	5.169	5.679	5.106	5.026	6.35	4.275	5.194	4.402	3.966	4.647	4.383	4.443	4.714	6	5.477	4.353	5.113	4.558	4.011	5.182	4.723	3.967	4.528	4.919	4.012	4.355	3.88	4.72	4.813	3.86	4.561
"c103456_g1_i1"	0	0	0	0	0	0.224	0.65	0.226	0	0.221	0	0	0	0	0	0	0	0	0	0.193	0	0.561	0	0.474	0	0.921	0.243	0.493	0.227	0	0.222	0	0	0	0	0	0
"c108408_g1_i2"	0.312	0.235	0	0.284	0.319	0.316	0.315	0.108	0.222	0.532	0.531	0	0.122	0	0.186	0.754	0.2	0.135	0.266	0.368	0.305	0.455	0.691	0.582	0	0.106	0	0.232	0.443	0.306	0.54	0.485	0.227	0.207	0.357	0.278	0.211
"c107606_g1_i1"	0.492	0	0	0	0	0	0	0	2.341	1.294	0	0	0	1.499	0	1.47	0	1.669	1.433	0	5.428	1.997	2.635	1.099	2.718	4.462	0	0	0	1.077	1.037	0	1.57	1.951	0	0	1.035
"c166403_g1_i1"	0	0	0	0	0	0.612	0	0	0	1.204	0	0	0	0.738	0	0	0	0	0	0	0	0	0	0	0	0	0	0	0	0	0	0	0	0.522	0	0.522	0
"c145074_g1_i3"	0	0	0	0.186	0	0	0	1.527	0.434	0.211	0	0	0.498	0	0	0	0	0	0	0	0	0.526	0	1.121	0	0.432	0	0	0.638	0.79	0	0.231	1.106	0	1.385	0	0
"c143562_g2_i1"	2.164	0.824	1.457	0	1.49	0.765	1.72	2.366	0.519	0.502	2	2.189	2.725	1.581	0.664	2.837	1.226	1.567	2.449	1.498	0.472	3.18	5.656	0.808	0.556	0.528	0	0.282	1.275	1.185	0.498	1.398	4.305	2.838	0.279	1.547	1.964
"c100674_g1_i1"	0	0	0	0.293	0.329	0	0	0	0	0.331	0	0	0.399	0	0.291	0	0.322	0.417	0	0.28	0.315	0	0.313	0	0	0.365	0	0.373	0	0	0	0	0	0	0	0.878	0
"c166793_g1_i1"	0	0	0	0	0	0	0	0	0	0	0	0	0	0	1.101	0	0	0	0	0	0	0	0	0	0	0	0	0	0	0	0	0	0	0	0	0	0
"c167315_g1_i1"	0	0	0.587	0.435	0	0	0.975	0.538	0	0	0	0	0	0	0.453	0.537	0.504	0	0	0.42	0	0	0	0	0	0	0.553	0	0	0	0	0	0	0	0	0	0
"c156836_g1_i1"	0.074	0	0.215	0	0	0	0	0	0	0	0	0	0	0	0	0	0	0	0	0.473	0	0	0	0	0	0	0	0	0	0.178	0	0.208	0	0	0	0	0
"c138425_g4_i2"	1.951	1.702	3.807	2.564	2.438	3.162	4.233	3.571	3.019	2.609	2.303	4.199	4.729	2.74	3.294	3.195	1.878	1.849	2.877	2.601	2.016	5.08	2.303	2.349	2.112	2.898	2.478	2.155	3.22	1.59	2.604	2.114	3.041	3.281	2.747	1.773	3.294
"c48179_g1_i1"	0	0	0	0	0	0	0	0	0	0.451	0.445	0	0	0	0	0	0	0	0	0.193	0	0	0	0	0	0	0	0	0.227	0	0	0.254	0	0	0	0	0
"c108133_g1_i1"	0.336	0.396	0	0	0	0	0	0.28	0.286	0	0.275	0	0.111	0	0.324	0	0.348	0.226	0.22	0	0	0.307	0.332	0.097	0	0	0	0.101	0	0.089	0.095	0	0	0.177	0	0.322	0
"c6677_g2_i1"	0	0	0	0	0.261	0	0	0.549	0	0	0	0	0	0	0	0.264	0	0	0.323	0	0.246	0	0	0	0	0	0	0	0	0	0	0	0.276	0	0	0	0
"c46507_g1_i1"	0	0	0	0.364	0	0.428	0.411	0.441	0	0	2.076	0	0	0	0	0	0	0	0	0	0	0	0	0	0	0.48	0	0	0	0	0	0	0	0	0	0	0
"c140392_g2_i3"	1.312	0.867	1.017	1.553	1.509	1.306	1.615	1.011	1.335	1.344	1.592	1.925	0.941	1.182	1.182	1.668	1.156	1.308	1.086	1.06	1.819	1.226	1.916	1.035	1.121	1.583	0.752	1.48	0.573	1.748	1.874	1.178	1.402	1.419	1.139	0.904	1.647
"c110933_g1_i2"	0.746	0	0	0	0	0	1.663	0	0	0	0	1.632	0	0	0	2.498	0	2.695	0	0	1.613	0	0	0	2.091	5.393	1.77	2.437	0	1.57	1.461	0	0	2.719	0	0	1.468
"c83554_g3_i1"	0	0	0	0	0	0	0	0	0	0	0	0	0	0	0	0	0	0	0	0	0	0	0	0	0	0	0	0	0	0	0	0	0	0	0	0	0
"c174689_g1_i1"	0.049	0.128	0	0.213	0.232	0.122	0.717	0.247	0	0.361	0	0	0.144	0.152	0	0.123	0.113	0	0	0.315	0	0	0.332	0.129	0	0.48	0.133	0	0	0	0	0	0	0.236	0.134	0	0.243
"c114270_g1_i1"	3.427	1.883	4.259	5.048	2.496	2.081	7.29	3.603	2.426	3.572	6.929	2.255	2.88	2.482	4.258	2.432	2.983	2.267	1.132	13.567	2.075	2.058	5.214	4.311	2.788	5.297	1.703	5.951	2.367	2.864	3.049	1.571	3.258	4.237	4.991	2.234	3.231
"c131555_g2_i3"	1.017	1.199	0.712	2.218	1.122	1.887	1.357	0.506	1.907	1.445	2.919	1.557	1.506	1.733	1.813	1.621	2.261	0.643	1.19	2.076	0.885	1.463	1.409	0.442	1.788	1.199	1.77	2.255	2.723	3.042	2.541	1.421	0.997	1.379	0.681	1.469	2.851
"c98232_g1_i1"	0	0	0	0	0	0	0	0	0.403	0	0	0	0	0.492	0	0.415	0	0	0.474	0	1.465	0.657	0	0.41	0.434	1.766	0	0	0	0	0	0	0	0	0	0	0
"c161335_g1_i1"	0	0	0	0.488	0	0	0	0	0	0.592	0	0	0	0	0	0	0	0	0	0	0	1.437	0	0	0	0	0	0	0	0	0	0	0	0	0	0	0
"c142924_g3_i4"	0.59	0.396	0.373	0.71	0.9	0.653	0.516	0.581	0.625	0.261	0.654	0.547	0.653	0.702	0.486	0.292	0.496	0.598	0.196	0.368	0.344	0.28	0.626	0.733	0.465	0.441	0.675	0.715	0.443	0.593	0.678	0.531	0.612	0.542	0.692	0.461	0.496
"c116667_g1_i1"	78.471	94.152	53.568	57.118	97.154	83.001	50.296	66.559	46.221	76.26	69.295	107.429	97.075	64.989	96.889	91.895	124.571	137.957	114.06	78.933	69.466	136.391	79.25	60.262	109.974	88.494	66.977	103.439	43.605	56.497	59.465	75.553	108.757	57.147	46.955	45.059	51.179
"c40793_g1_i1"	0	0	0	0	0	0	0	0	0	0	0	0	0	0	0	0	0	0	0	0	0	0	0	0	0	0	0	0	0	0	0	0	0	0	0	0	0
"c90906_g1_i1"	0.082	0	0	0	0.203	0	0	0	0.212	0	0	0	0	0.258	0	0	0	0	0	0.175	0.197	0	0.193	0	0	0	0.232	0	0	0	0.212	0.231	0	0	0.234	0	0
"c180470_g1_i1"	0	0	0	0	0	0	0	0	0	0	0	0	0	0	0	0	0	0	0	0.429	0	0	0	0	0.576	0	0	0	0.519	0	0	1.109	0	0	0	0	0
"c98421_g1_i1"	0.377	2.044	0	0	0	0	0	0	0	0	0	0	0	0	0	0	0	0	0	0	0	0.762	0	0.873	4.092	0	0	1.098	0	0	0.826	0	0	0	0	0	0.824
"c133957_g1_i1"	0	0	0	0.577	0	0	0	0	0	0	0	0.651	0	0	0	0	0	0	0	0	0	0	0.682	0	0	0	0	0	0	0	0.635	0	0	0	0	0	0
"c140243_g4_i6"	0.066	0.321	0.102	0.328	0.242	0.245	0.067	0.161	0.117	0.271	0.436	0.179	0.432	0.14	0.081	0.292	0.174	0.169	0.277	0.219	0.305	0.324	0.101	0.097	0.273	0.259	0.288	0.201	0.076	0.217	0.095	0.058	0.089	0.069	0.279	0.261	0.18
"c137882_g2_i2"	0.353	0.118	0.373	0.195	0.155	0.163	0.21	0.28	0.222	0.371	0.427	0.16	0.321	0.199	0.332	0.104	0.252	0.259	0.069	0.28	0.354	0.272	0.193	0.119	0.121	0.154	0	0.121	0.335	0.207	0.328	0.127	0.276	0.207	0.357	0.096	0.106
"c131003_g7_i1"	1.533	0	0	2.324	0.967	0	0	0	0	0	0	0	0	0	0.858	0	4	0	0	0	0	0	0	0	4.183	0	0	0	0	0	0.836	0	2.291	0.788	0	1.669	0
"c176937_g1_i1"	0	0	0	0	0	0	0	0	0	0	0	0	0	0	0	0	0	0	0	0.832	0	0	0	0	0	0	1.106	0	0	0	0	0	0	0	0	0	0
"c166592_g1_i1"	0	0.096	0.215	0	0	0	0	0	0.095	0.09	0.18	0	0	0	0	0	0.087	0.113	0	0.079	0.089	0	0	0	0.101	0	0	0	0.097	0.089	0	0.104	0	0.089	0	0	0.095
"c121989_g1_i1"	8.363	16.395	13.296	9.449	12.924	15.709	12.306	14.037	13.179	13.855	13.469	10.059	21.043	24.481	10.782	10.274	9.617	9.867	12.939	13.944	10.257	9.828	13.265	17.544	11.73	14.941	13.34	12.596	21.235	14.707	19.744	15.074	17.526	10.405	18.536	7.024	13.315
"c93790_g1_i1"	0	0.749	0	1.712	0	0	0	0	0.678	0	0	0	0	0	0	0	0	0	0	1.647	0	0	0	0.668	0	1.756	0	0	0	0.622	0.625	0	0	0	0	0	0.623
"c141646_g4_i1"	0	0	0.361	0	0.31	0	0	0	0	0	0	0.604	0	0	0	0.32	0	0.395	0	0.263	0.295	0	0	0.323	0	0	0	0.352	0	0.296	0	0	0	0	0	0.278	0
"c43783_g1_i1"	0	0	0	0	0	0	0	0	0	0	0	0	0	0	0	1.197	0	0	0	0	0	0	0	0	0	0	0	0	0	0	0	0	0	0	0	0	0
"c178117_g1_i1"	0.721	0	0	1.366	0	0	0	0	0	0	0	0	0	0	0	0	0	0	0	0	1.554	0	0	0	0	0	0	0	0	0	0	0	0	0	0	0	0
"c130563_g1_i2"	0.164	0.107	0.113	0.089	0.097	0.245	0.248	0.258	0.572	0.15	0.152	0.245	0.177	0.059	0.04	0.094	0.139	0	0.185	0.044	0.049	0.123	0.046	0	0.111	0.048	0.111	0.111	0.097	0.286	0.201	0.289	0.099	0.197	0.279	0.13	0.148
"c123817_g1_i2"	0.435	0.578	0.407	0.47	0.958	0.887	0.172	0.645	0.646	0.351	0.445	0.604	0.21	0.117	0.389	0.264	0.339	0.541	0.323	0	0.924	0.377	0.488	1.067	0.293	0.873	1.007	0.866	1.091	0.425	0.995	0.404	0.553	0.424	0.29	1.469	0.792
"c147422_g2_i1"	0.123	0.161	0.169	0.399	0	0.153	0	0	0.318	0.15	0.152	0.293	0	0.187	0	0	0.287	0.372	0.185	0.263	0	0.254	0.424	0.334	0	0.154	0	0.332	0.151	0.286	0.307	0.173	0.8	0.581	0	0.53	0.602
"c161944_g1_i1"	0	0	0	0	0	0	0	0	0	0	0	0	0	0	0	0	0	0	0	0	0	0	0	0	0	0	1.891	0	0	0	0	0	0	0	0	0	0
"c144326_g2_i1"	0.631	0	0	0	0	0.398	0	0.409	0	0	0	0	0	0	0.34	0	1.139	0	0.936	0.324	0.364	0.324	0	0	0	0.432	0	0	0.778	0.356	0.371	0	0	0	0	0	0
"c144239_g3_i1"	0.098	0.203	0.147	0.053	0.184	0.184	0.612	0.065	0.265	0.672	0.123	0.793	0.222	0.234	0.267	0.245	0.409	0.451	0.231	0.272	0.472	0.526	0.166	0.269	0.606	0.058	0	0.403	0.195	0.533	0.254	0.069	0.316	0.177	0.346	0.322	0.127
"c135949_g2_i4"	2.394	0	2.169	0.612	2.535	1.887	1.147	1.71	0.975	0.472	1.621	0	1.96	1.768	3.084	2.385	1.583	3.766	0.855	1.191	2.193	1.769	1.529	0.496	1.02	0.489	0	0	0.475	0.662	0.932	2.333	0.75	1.104	0.77	1.434	0.919
"c55264_g1_i1"	0.984	0	0	0	0	0	0	0	0	2.588	1.156	0	0	0	1.133	0	1.339	0	0	0.928	0	0	0	1.099	0	0	0	0	1.167	2.143	1.037	0	0	0	1.362	1.087	0
"c36872_g1_i1"	0	0	0	0	0	0	0	0	0	0	0	0	0	0	0	0	0	0	0	0	0	0	0	0	0	0	0	0	0	0	0	0	0	0	0	0	0
"c116648_g1_i1"	17.07	14.618	23.271	12.678	9.122	9.313	15.851	13.606	36.57	11.247	20.776	15.003	21.918	32.547	18.819	18.381	9.443	22.621	16.832	16.309	14.023	11.956	11.616	21.585	31.229	15.987	36.215	11.801	30.356	7.388	9.644	15.663	14.573	11.587	27.313	18.482	24.201
"c146732_g3_i1"	0.139	0	0	0.151	0	0	0.487	0.172	0	0	0.171	0	0	0	0.146	0	0	0	0	0.14	0	0.14	0.157	0	0	0.681	0	0	0	0.158	0	0	0.178	0.158	0	0	0
"c117930_g1_i1"	0.074	0.128	0.068	0.213	0	0.061	0.115	0	0.064	0.12	0.246	0.179	0.066	0	0	0.123	0	0.079	0.15	0	0.118	0	0.111	0.205	0	0.115	0.066	0.07	0.119	0.227	0	0	0	0.177	0.268	0.052	0.306
"c38841_g1_i1"	0.377	0	0	0	0	0	1.796	0	0	0	0	0	0	0	0	0	0.304	0.383	0	0.517	0	0	0.295	0.647	0	0	0	0.342	0	0.286	0.307	0	0	0	0	0	0
"c145339_g2_i1"	0.885	0.128	0.52	0.408	0.445	1.02	0.449	0.237	1.07	0.11	0.227	0.887	0.676	0.433	1.093	0.566	0.652	0.282	0.693	0.298	0.108	0.385	0.728	0.496	0.374	1.017	0.387	0.373	0.811	0.761	0.116	0.52	0.474	0.325	0.257	0.695	0.676
"c138623_g1_i1"	3.796	1.744	6.575	3.611	3.589	2.968	4.214	5.69	4.015	4.013	2.597	5.454	1.263	1.932	3.133	2.055	1.809	1.951	2.9	4.362	3.255	3.618	2.653	5.302	3.334	5.451	4.004	1.913	3.134	1.669	3.271	3.835	5.223	4.887	7.582	3.877	5.966
"c146772_g1_i4"	3.001	2.194	5.965	3.602	7.749	5.039	5.637	4.948	4.185	6.562	5.071	5.36	8.162	8.031	2.631	5.034	4.217	4.172	2.726	3.232	4.691	3.924	1.723	5.194	5.072	4.961	5.044	4.964	7.489	7.546	6.903	4.99	6.052	8.198	6.968	1.226	5.396
"c75777_g1_i1"	0	1.113	0	0	0	0	0	0	0	0	2.891	0	0	0	0	1.169	0	0	0	0	0	0.832	0	0	0	0	0	1.198	0.973	0	0	0	0	0	1.117	0	0.876
"c135438_g2_i2"	0	0.021	0	0.018	0.048	0.143	0.019	0	0.053	0	0.028	0.047	0.033	0.035	0.04	0.047	0.043	0.056	0.058	0.061	0.118	0.018	0.046	0.022	0.03	0.019	0.022	0.03	0	0.069	0	0	0.049	0.099	0	0	0.021
"c173366_g1_i1"	0.525	0	0	0	0.426	0.439	0	0	0	0.873	0.427	0.406	0	0	0	0	0	0	0	0	0	0	0.415	0.442	0	0.489	0	0	0	0	0	0	0.474	0	0	0	0
"c111444_g1_i1"	0.156	0.417	0.452	0	0	0	0	0.807	0	0.391	0	0	0	0.48	0.688	0	0	0	0	0.324	0.364	0.648	0	0	0	0.432	0	0	0	0.721	0	0	0	0.355	0	0	0
"c179646_g1_i1"	0.344	0	0	0	0	0	0	0	0	0	0	0	0	0	0.559	0.858	0	0	0.254	0	0	0.175	0	0.453	0.465	0.441	0	0	0	0	0	0.474	0.227	0	0	0	0
"c126744_g1_i3"	0	0	0	0	0	0	0	0	0	0	0	0	0	0	0	0	0.052	0.068	0.069	0.184	0	0.088	0	0	0	0.106	0	0	0	0	0	0	0.336	0.049	0	0	0
"c182022_g1_i1"	0.09	0.492	0.26	0	0.222	0	0	0	0	0	0.455	0.217	0	0	0	0	0	0	0	0	0.216	0.193	0.212	0	0	0	0	0	0	0.435	0	0	0	0	0.502	0	0
"c136854_g1_i3"	0.484	0.567	0.813	0.728	0.638	0.184	1.013	0.624	0.943	0.231	0.417	0.519	0.897	1.136	0.478	0.65	1.139	0.959	0.901	1.55	0.826	1.288	0.691	0.205	0.263	0.605	0.454	0.373	0.562	0.504	0.487	0.878	0.434	0.749	0.435	0.53	0.56
"c108636_g2_i1"	0.041	0	0	0.098	0	0.214	0.105	0.108	0	0	0.218	0	0.133	0	0.097	0	0	0.259	0	0	0	0.088	0	0	0	0	0	0.121	0.108	0.306	0.106	0	0	0	0	0	0
"c126807_g2_i1"	0	0	0.734	0.186	0	0.214	0	0	0	0	0	0.208	0.255	0.539	0.559	0.434	0.209	0	0.254	0.718	0.6	0	0	0.226	0	0	0.476	0	0	0	0	0.705	0.454	0	0	0.183	0.211
"c26846_g2_i1"	0	0	0	0	0	0	0	0	0	0.853	0	0	0	0	0	0	0	0	0	1.314	0	0	0	0	0	0	0	0	0	0	0	0	0	0	0	0	0
"c70431_g1_i1"	0	0	0	0	0	0	0	0	0	0	0	0	0	0	0	0	0	0	0	0	0	0	0	0	0	0	0	0	0	0	0	0	10.061	0	0	0	0
"c131069_g1_i1"	0	0	0	0	0	0	0	0	0	0	0	0	0	0	0	0	0	0	0	0	0	0	0	0	0	0	0	0	0	0	0	0	0	0	0	0	0.707
"c128683_g1_i1"	0	0.396	0.418	0.311	1.422	1.102	0.344	0	0	0	0.351	0.689	0.432	0	0	0.377	0.704	0.902	1.733	0	0	0	0	0.377	0.788	1.583	0.796	0.403	0.357	0	0	0.774	0.78	0	0.793	0	0.686
"c154177_g1_i1"	0	0	0	0	0	0	0.306	0	0	0.15	0	0	0	0	0	0	0	0	0.092	0	0.295	0	0.286	0	0.172	0	0	0	0.076	0	0.159	0.266	0	0.079	0	0	0.074
"c140081_g2_i1"	0	0	0	0.266	0	0	0.296	0	0	0	0.294	0	0.365	0	0.267	0.311	0	0.372	0.358	0.254	0	0	0.286	0.313	0	0	0	0.332	0	0.563	0	0	0	0	0	0	0.296
"c82906_g1_i1"	1.115	0	0	0.266	0.6	0	0	0	0.625	0.602	0.597	0	0.365	0	0.267	0.622	0.887	1.128	0	0	0.285	0	0.571	0.636	0.99	0	0.332	0	0.303	0	0.889	0	0.652	0	0.67	0	0.296
"c128146_g1_i3"	3.681	5.65	3.479	3.868	4.624	4.335	3.956	3.84	3.782	4.374	4.313	4.369	4.474	5.023	3.829	5.203	5.026	5.954	4.275	3.679	4.996	5.518	4.698	4.548	4.92	4.27	4.646	4.732	3.588	4.8	3.705	4.02	4.374	3.921	3.328	4.016	3.727
"c54028_g1_i1"	0	0	0	1.118	0	0	0	0	0	0	0	0.415	0	0.539	0	0	0	0	0	0	0.403	0	0	0	0	0.499	0	0	0	0	0	0	0	0	0	0	0
"c117649_g1_i1"	0	0	0	0	0	0	1.319	0	1.367	1.565	0	0	0	0	0	0	0	0	0	0	0	0	0	0	16.216	0	0	0	0	0	0	0	0	0	0	2.582	0
"c134492_g2_i1"	1.804	1.787	1.638	3.62	1.838	2.091	1.299	1.484	2.765	1.425	1.535	0.859	2.082	1.112	2.113	1.207	1.261	1.342	2.287	1.988	1.77	0.841	2.423	1.444	1.445	2.293	1.25	1.923	1.459	1.669	1.334	1.502	2.291	1.488	2.546	2.121	1.32
"c129389_g2_i5"	0.123	0.086	0.441	0	0	0.153	0	0.312	0.244	0.08	0.076	0.075	0.454	0.199	0	0.075	0	0.282	0.092	0.131	0.216	0.061	0.138	0.172	0	0.077	0.177	0.081	0.162	0.365	0.318	0.173	0.079	0.443	0.592	0	0.158
"c73686_g1_i1"	0	0	0	0	0.252	0	0.487	0	0	0	0	0	0	0	0	0	0	0	0	0	0.708	0	0	0	0	0	0	0.282	0	0	0	0	0	0	0	0	0
"c147270_g2_i3"	6.002	2.044	3.942	3.354	1.519	1.438	3.268	2.872	1.165	1.876	0.55	2.161	3.024	2.517	6.589	1.112	1.8	0.677	2.703	8.689	2.301	2.251	4.468	1.703	1.819	1.871	1.504	2.668	0.908	3.052	2.467	1.629	6.23	1.064	1.954	10.771	3.759
"c29749_g1_i1"	0.09	0	0	0.195	0.213	0	0.22	0	0	0	0	0.642	0	0	0	0	0	0	0	0.184	0	0	0	0	0	0	0	0.242	0	0	0.222	0	0	0.414	0	0	0
"c947_g1_i1"	320.008	479.812	820.153	497.592	401.433	706.687	785.148	960.574	664.973	740.306	472.367	410.751	521.823	602.032	262.371	399.065	400.739	539.594	508.724	410.897	487.263	318.934	405.61	534.948	470.498	481.439	558.676	459.79	810.355	542.697	754.585	788.893	443.066	644.658	702.538	431.277	770.562
"c141399_g2_i2"	0	0	0	0	0	0	0	0	0	0	0	0	0	0	0	0	0	0	0	0	0	0	0	0	0	0	0	0	0	0	0	0	0	0	0	0	0
"c44367_g1_i1"	0.566	0	0	0	0	0	0	0	0	0	0	0	0	0	0	0	0	0	1.64	1.051	1.239	0	0	1.229	0	0	0	0	0	0	0	0	0	0	0	1.252	0
"c102311_g1_i1"	0.049	0.278	0	0.231	0	0	0	0	0	0.13	0	0.123	0	0	0.113	0	0.122	0	0.162	0	0	0.114	0.12	0.14	0	0	0.299	0	0.13	0.247	0	0.289	0.405	0.246	0	0	0.127
"c130944_g1_i1"	0.271	0.214	0.361	0.08	0.252	0.286	0.449	0.29	0.244	0.08	0.199	0.472	0.299	0.176	0.623	0.028	0.217	0.101	0.208	0.272	0.108	0.604	0.203	0.226	0.374	0.269	0.1	0.211	0.238	0.109	0.233	0.104	0.118	0.227	0.089	0.322	0.401
"c169448_g1_i1"	0	0	0	0	0	0	0	0	0	0.632	0.597	0	0	0	0	0	0	0	0	0	0	0	0	0	0	0	0	0	0	0	0	0.635	0	0	0	0	0
"c108332_g1_i1"	0	0	0	0	0	0	0	0	0	0	0	0	0	0	0	0	0	0	0	0	0	0	0	0	0	0	0	0	0	0	0	0	0	0.473	0	0	0
"c55920_g1_i1"	0.361	0	0.689	0.257	0	0.296	0	0	0.614	0	0	0.283	0	0.375	0	0.302	0	0	0	0.254	0	0	0	0	0	0	0	0.332	0.594	0.277	0	0	0.642	0	0.659	0	0.866
"c147377_g2_i1"	0.32	0.268	0.215	0.293	0.31	0.173	0.306	0.269	0.297	0.261	0.294	0.245	0.166	0.14	0.194	0.292	0.322	0.383	0.462	0.245	0.325	0.333	0.396	0.302	0.242	0.297	0.265	0.373	0.389	0.257	0.243	0.231	0.336	0.276	0.223	0.461	0.106
"c96097_g1_i1"	0	0	0	0	0.106	0	0.315	0.226	0	0.11	0.218	0.104	0.133	0	0	0.104	0	0	0.127	0.096	0	0.088	0	0	0	0.211	0	0.121	0	0	0.106	0.127	0	0	0	0	0
"c137321_g1_i1"	4.936	15.742	18.052	4.188	10.96	5.447	7.978	13.079	17.745	7.786	4.976	8.577	21.253	24.024	9.292	14.29	6.991	26.139	19.605	10.992	18.851	5.037	5.131	21.402	16.468	9.433	16.271	10.935	21.981	6.776	12.757	19.301	8.62	10.996	22.69	7.885	20.854
"c22082_g1_i1"	0.344	0.3	0	0.24	0.271	0	0.268	0	0.572	0.281	0	0	0.332	0	0.243	0	0.27	0	0	0.937	0	0	0	0	0	0	0.31	0	0	0.257	0	0	0	0	0.614	0	0
"c57578_g2_i1"	0.467	0	0	0.399	0	0	0	0.237	0	0	0	0.887	0	0	0	0	0.217	0.564	0	0	0	0	0.645	0.733	0	1.199	0.254	0	0	0	0	0	0.247	0.65	0	0.2	0
"c132391_g1_i1"	0.049	1.07	0	0.195	0.542	0	0	0	0	0	1.204	0.104	0.133	0	0.291	0.443	0	0	0	0.193	0	0.184	0.101	0.603	0.364	0.432	0	0.242	0.108	0.207	0.222	0.37	0.118	0.64	0.368	0.096	0.106
"c182227_g1_i1"	0	0	0	0	0	0	0	0	0	0	0	0	0	0	0	0	0	0	0	0	0	0	0	0	0	0	0	0	0.443	0	0	0.947	0	0	0	0	0
"c129889_g1_i1"	0.082	0.107	0	0.355	0.193	0	0.201	0.108	0	0	0	0	0.952	0	0.089	0	0.861	2.346	0	4.519	4.189	0.088	5.352	0.226	0.111	0	0	0	0.108	0.099	0	0	0.316	0.099	0.223	0	0.106
"c97597_g1_i1"	0.762	0	2.259	0	0	0	0.889	1.022	1.854	0	0	0	1.218	1.171	1.724	4.336	1	0	0	0	0	0	0	0.884	0	2.86	0	0	1.837	0	0.836	0	0	0	0	0.835	0.834
"c71489_g1_i1"	0	0	0	0	0	0	0	1.936	1.6	0	3.204	0	0	0	0	0	0	0	0	0	0	0	0	0	0	0	0	0	0	0	0	0	2.449	0	0	0	0
"c143456_g2_i3"	0.221	0.128	0.192	0.222	0.319	0.163	0.076	0.086	0.212	0.12	0.161	0.16	0.1	0.258	0.105	0.038	0.191	0.101	0.196	0.28	0	0	0.184	0.043	0.131	0.278	0.144	0.272	0.205	0.158	0.127	0.323	0.375	0.197	0.134	0.183	0.042
"c141730_g3_i1"	1.074	7.705	1.423	0.408	3.637	2.316	4.233	2.721	4.185	6.14	2.758	2.095	3.666	7.587	2.566	2.95	3.548	1.703	4.702	1.191	2.616	1.822	1.99	2.177	3.88	2.025	3.65	2.709	3.458	4.968	1.397	4.332	5.342	4.72	2.39	2.295	5.501
"c133551_g1_i2"	0.467	0	0.26	1.003	0	0	0	0	0.233	0	0	0	0.543	0	1.603	0	0	0.564	0	0.578	0.856	0.771	0.424	0.485	0.253	0	0	0.252	0	0	0.222	0	0.484	0	0	0.2	0
"c152789_g1_i1"	0	0	0	0	0	0	0	0	1.451	0	0	0	0	0	0	0	0	0	0	0	0	0	0	0	0	0	0	0	0	0	0	0	0	0	0	0	0
"c88534_g1_i2"	0.246	0	0.226	0.559	0.387	0.061	0	0.85	0.275	0.13	1.062	0.359	0.122	0.667	0.146	0.754	0.496	0.598	0	0.289	0.315	0.561	0.451	0.517	0.394	0.192	0	0.252	0.097	0.188	0.064	0.231	0.474	0.069	0.547	0.374	0.201
"c126653_g3_i1"	0.107	0.139	0.305	0	0.648	0.265	0	0.409	0.138	0	0.531	0.132	0.155	0.164	0	0	0	0.485	0	0.228	0.246	0.674	0	0	0	0.134	0.454	0.141	0.411	0	0.265	0.15	0	0.256	0.29	0.113	0.391
"c106921_g1_i2"	0.041	0	0	0.08	0.087	0	0	0	0.095	0	0.095	0	0	0.117	0	0.179	0.087	0.113	0.116	0	0	0	0	0.205	0.101	0	0.1	0.101	0.097	0	0	0	0.188	0.177	0	0.165	0.095
"c100254_g1_i2"	0	0	1.446	0	0	0	0	0	1.144	0	3.384	0	0	0	0	0	0	1.624	0	0	1.062	0	0	0	0	0	1.206	0	0	0	0	0	0	0	0	0	0
"c136069_g2_i1"	0.057	0.428	0	0.231	0.126	0	0.134	0	0.138	0	0	0	0	0	0	0.396	0	0.158	0	0.114	0	0.114	0	0	0	0.393	0.144	0	0	0.128	0	0	0	0	0.145	0.348	0
"c111034_g2_i1"	0.148	0	0.429	0	0.368	0	0	0.387	0.381	0	0	0	0.443	0.457	0	0	0.365	0	0	0	0.688	0	0	0	0.404	0	0	0	0	0.346	0.709	0.393	0	0	0	0	0
"c159201_g1_i1"	0	0	0	0	0	0	0	0	0	0	0	0	0	0	0	0	0	0	0	0	0	0	0	0	0	0	0	0	0.638	0	0	0	0	0	0	0	0
"c138011_g2_i3"	0.139	0.107	0.192	0.39	0.135	0.439	0.229	0.14	0.074	0.1	0	0	0.122	0.082	0	0.236	0.252	0.158	0.335	0.377	0.256	0.201	0.184	0.183	0	0.489	0.111	0	0.108	0.198	0	0.231	0	0.099	0	0.087	0.106
"c139232_g1_i4"	0.705	0.91	0.847	0.523	0.793	0.755	0.955	0.785	0.805	0.732	1.118	0.651	0.631	0.421	0.818	0.829	0.652	0.372	0.786	0.552	0.266	0.587	0.719	0.345	0.727	1.219	0.763	1.047	1.156	0.217	1.016	0.936	1.303	0.473	0.614	0.982	1.257
"c128280_g2_i1"	0.107	0.289	0.102	0	0	0.704	0.344	0.086	0	0.171	0.881	0	0	0	0.081	0.264	0.165	0.113	0.104	0.228	0.079	0	0.166	0.291	0.101	0.259	0.1	0	0.184	0.168	0.265	0.3	0.089	0	0.1	0	0.084
"c138263_g1_i1"	0.541	0	0	0.381	0.445	0	0	0.463	0	1.796	0.436	1.264	0	0	0	0	0	0	0	0	1.229	0	0.424	0	0.485	0	0	0.503	0	0	0.423	0	0	0	0	0	0
"c120554_g1_i4"	0.246	0.161	0	0	0.435	0	0	0.151	0.159	0	0	0.293	0.177	0.937	0.785	0.452	0.287	0.18	0.185	0	0	0	0.276	0.323	0.162	0.595	0	0.493	0.151	0.286	0.296	0.162	0.464	0	0.167	0.13	0
"c75365_g1_i1"	0.287	0	0	0.302	0	0	0	0.366	0.36	0	0	0	0	0	0.308	0.358	0	0	0	0	0	0	0	0	0	0	0	0	0	0.326	0	0.381	0	0	0	0	0
"c24765_g1_i1"	0.205	0.556	0	0	0	0	0	0	0	0	0.493	0	0	0.632	0.453	0	0	0	0	0	0	0	0	0	0	0.595	0	0	0	0	0	0	1.126	0	0.558	0	0
"c149280_g1_i1"	0.279	0	0	0.399	0	0	0.22	0	0.233	0.221	0	0	0	0	0	0	0	0	0	0.193	0	0	0	0	0	0	0	0	1.599	0.425	0.889	1.998	0	0	0	0	0.222
"c130251_g2_i1"	0	0.161	0.328	0.124	0	1.01	0.287	0.742	0.456	0	0.142	0	0	0.363	0.502	0	0	0.18	0.173	0.368	0.138	0.123	0	0.787	0.313	0.72	0.321	0	0.735	0	0.148	0.809	0.148	0.552	0.313	0.252	0.433
"c1325_g1_i1"	0	0	0	0	0	0	0	0	0	0	0	1.755	0	0	0	0	0	0	0	0	0	0	0	0	0	0	0	0	0	0	0	0	0	0	0	0	0
"c7838_g1_i1"	0	1.755	0.949	0	3.231	2.52	1.5	0	2.373	0.823	0	2.227	0	0	2.161	0	0	0	0	0.639	0	0	2.414	3.836	0	0	3.352	2.789	0	2.163	2.17	0	0	0	0	1.408	0
"c146292_g1_i1"	1.402	1.027	1.446	1.42	0.987	1.102	0.621	0.817	1.229	1.003	0.758	0.925	1.074	1.358	1.595	1.404	1.13	1.646	1.548	1.594	1.229	1.822	1.29	1.476	0.929	1.276	1.593	0.997	1.264	1.57	0.91	1.086	1.817	1.173	0.938	1.495	1.183
"c143807_g2_i6"	0.279	0.214	0	0	0.193	0.102	0.287	0	0	0.482	0.19	0.094	0.233	0	0.081	0.386	0	0.237	0.116	0.088	0.089	0.079	0.092	0.528	0	0.096	0	0.211	0.303	0.089	0.095	0.219	0.197	0.099	0.212	0	0
"c125149_g1_i1"	0	0.546	0	0.426	0.493	0	0.478	0	0	0.502	0	0	0	0.621	0	0.528	0	0	0	0	0	0	0.479	0	0	0	0	0.564	0.497	0	0	0	0.553	0.443	0	0.435	0.465
"c32616_g1_i2"	7.699	1.316	1.446	6.681	1.229	0	2.198	0	16.018	1.264	0	11.908	3.168	7.329	4.403	4.279	3.904	1.624	1.398	0	2.124	4.87	5.113	1.078	5.284	4.251	0	2.9	7.997	5.235	11.201	6.792	1.521	7.636	2.658	5.268	1.014
"c32742_g1_i1"	0	0	0	0	0	0	0	0	0	0	0	0	0	0	0	0	0	0	0	0	0	0	0	0	0	0	0	0	0	0	0	0	0	0	0	0	0
"c15654_g1_i1"	0	0	0	0	0	0	0	0	0	0	1.649	1.066	0	0	0	0	0	0	0	0	0	0	0	0	0	0	0.608	0	0	0	0	0	0	0	0	0	0
"c57008_g1_i1"	0.328	0	0.305	0	0	0	0	0.28	0	0.261	0	0	0	0	0	0.273	0.261	0	0	0	0	0	0	0	0	0	0	0	0	0.751	0.519	0	0.286	0	0.29	0.235	0.253
"c110871_g1_i2"	0.394	0.342	0.181	0.284	0.629	0.316	0.936	0	1.324	0.161	0.313	0.151	1.329	0.398	0.421	0.641	0.609	0	0.774	0.14	0.6	0.272	0.442	0.69	0	0.163	0.354	0	0.648	0.454	0.159	0.358	0.336	0.148	0.346	0	0.475
"c73029_g1_i1"	0	0	0	0.266	0.31	0	0.908	0	0.318	0	0	0.594	0	0	0	0	0	0	0	0.526	0	0	0	0.323	0.344	0	0	0	0	0	0.307	0.335	0	0	0.681	0	0
"c141781_g2_i1"	3.976	2.9	2.372	2.475	3.27	2.071	2.675	2.054	2.405	2.107	2.919	3.086	2.149	2.505	3.23	2.988	4.009	2.684	3.316	3.101	3.471	2.934	3.666	2.629	2.223	2.677	2.577	2.88	2.41	2.588	2.001	2.772	4.334	2.572	2.579	3.573	2.45
"c121367_g1_i1"	24.875	32.607	30.342	23.564	36.538	38.599	31.234	29.063	29.441	30.781	23.43	30.733	26.193	22.807	20.293	30.192	22.086	42.264	37.546	8.671	15.292	15.443	21.316	21.704	29.794	14.749	16.327	28.072	36.505	27.577	17.14	17.915	41.015	21.824	47.692	23.742	29.026
"c114984_g2_i1"	16.332	12.585	11.127	26.536	12.499	26.297	32.199	17.941	21.834	11.187	43.098	15.211	16.657	16.274	13.38	14.903	17.504	14.614	15.065	21.433	13.403	7.515	16.462	22.868	15.943	12.417	20.652	20.994	23.98	14.322	21.861	21.207	13.398	15.735	33.254	8.354	18.341
"c110392_g3_i2"	0.213	0.139	0.147	0	0.193	0.326	0.65	0.065	0	0.522	0.72	0.642	0.388	0	0	0.198	0.061	0.316	0	0.053	0	0	0	0.506	0.505	0.259	0	0.352	0.065	0.435	0.466	0	0	0.059	0.29	0	0
"c112425_g2_i1"	0	0	0.757	0.541	0	0	0	0.678	0	0.652	0.626	0	0	0	0	0	0	0	0	0	0	0	0	0	0	0	0	0	0	0	0	0	0	0.562	0	0	0
"c151424_g1_i1"	0	0	0	0	0	0	0	0	0	0	0	0	0	0	0	0	0	0	0	0	0	0	0.875	0	0	0	0	0	0	0.77	0	0	0	0	0	0	0
"c161632_g1_i1"	0.533	0	1.615	0	1.383	1.469	0	0	0	0	0	0	0	0	0	0	0	0	0	0	0	0	0	0	0	0	0	0	0	0	0	0	0	0	1.485	0	0
"c176823_g1_i1"	0	0	0	0	0	0	0	0	0	0	2.332	0	0	0	0	0	0	3.834	0	0	0	0	0	0	0	0	0	0	0	0	0	0	0	0	0	0	0
"c154119_g1_i1"	0.279	0	0	0	0	0.724	0	0	0	0	1.336	0	0	0	0.623	0	0	0	0	0	0	0	0	0	0	0	0	0	0	0	0	0	0	0	0	0	0
"c147622_g2_i2"	0.385	0.567	0.237	0	0	1.153	0.315	0.656	0.551	0.421	0	0.925	0.255	0.796	1.198	0	0.504	0.519	0.127	0.272	0.393	1.069	0.58	0.345	0.687	1.046	0.122	0.574	0.324	0	0.635	0.358	1.53	0.099	0.815	0.278	0.106
"c131514_g1_i1"	0.139	0.075	0.079	0.124	0.397	0.071	0.201	0.215	0.36	0	0.066	0.198	0	0.258	0.178	0.066	0	0.338	0.081	0.236	0.128	0.061	0.184	0.226	0.071	0.403	0.155	0	0.421	0.069	0.275	0.162	0.138	0.069	0.223	0	0.201
"c51890_g1_i1"	0	0	0	0	0	0	0	0	0	0	0	0	0	0	0	0	0	0	0	0	0	0	3.537	0	0	0	4.546	0	0	0	0	0	0	0	0	0	0
"c70521_g1_i1"	0.066	0	0.192	0	0	0	0	0	0	0	0	0.16	0	0	0	0	0	0.406	0	0	0	0.14	0.147	0.172	0	0	0	0	0	0	0	0	0	0	0	0.139	0
"c137729_g1_i3"	0.082	0.439	0	0.089	0.203	0.306	0.201	0.527	0.53	0.201	0.512	0.302	0.244	0.258	0.178	0.104	0	0	0	0.263	0.285	0.088	0.368	0.226	0	0.297	0.111	0	0.519	0.385	0.307	0.231	0.425	0.493	0.112	0	0.306
"c127259_g1_i3"	0.459	0.342	0.361	1.065	0.426	0.245	1.051	0.387	0.466	1.615	0.502	0.547	1.03	0.234	0.437	0.745	0.713	0.688	1.074	1.191	1.308	0.42	1.198	1.519	2.122	0.24	1.648	0.201	0.897	0.119	1.472	1.213	1.679	0.916	0.48	0.6	1.89
"c62687_g1_i1"	0	0	0	0	0	0	0	0	0.244	0	0	0	0	0	0	0	0	0	0	0	0	0	0	0	0	0	0	0.262	0	0	0.709	0	0	0	0	0	0
"c146420_g3_i1"	213.825	468.597	397.622	358.782	602.493	540.93	192.365	582.69	449.905	297.164	105.976	196.138	411.07	466.176	184.988	122.983	233.369	479.309	663.322	862.872	901.678	163.089	706.186	591.331	257.209	379.155	375.256	363.088	324.257	446.731	442.406	143.403	437.152	447.077	409.597	358.199	113.518
"c124981_g1_i1"	0	0	0	0	0	0	0	0	0	0	1.602	0	0	0	0	0	0	0	0	0	0	0	0	0	0	0	0	0	0	1.462	0	0	0	0	0	0	0
"c140991_g2_i1"	1.484	3.403	4.022	2.307	3.928	2.55	5.551	5.238	2.32	5.488	5.308	2.519	3.179	2.178	1.854	2.639	0.861	1.928	1.779	3.582	1.377	0.631	1.935	3.158	1.768	1.919	1.891	3.041	2.399	2.459	2.985	3.072	3.475	3.665	3.584	2.217	3.242
"c106244_g1_i1"	0.049	0	0.271	0	0	0.235	0	0	0	0	0	0	0	0.152	0.105	0	0	0	0	0.105	0.226	0.096	0	0	0	0.115	0	0	0	0	0.116	0	0.375	0	0.268	0	0.116
"c35908_g1_i1"	0.73	0	0	0	0	0	0	1.269	0	1.836	1.166	0.566	0	0.749	0	0	0	0	0	0.972	0	0.499	0	0	2.637	0	0	0.685	1.189	0	0	0	0	0	0	0.53	0
"c49835_g1_i1"	0	0.268	0	0.222	0	0	0	0.129	0	0.12	0	0	0	0.152	0	0.123	0	0	0	0.219	0	0.21	0	0	0	0	0.144	0.141	0	0	0.127	0	0	0	0	0	0.253
"c95247_g1_i1"	0	0.417	0	0	0	0	0	0	0	0	0.379	0	0	0.48	0.34	0	0	0	0	0	0	0.324	0	0	0	0	0	0	0	0	0	0.416	0.415	0.7	0	0	0
"c78599_g1_i1"	31.877	24.592	19.001	22.828	25.877	23.818	22.138	22.308	17.766	25.383	22.88	26.006	21.076	25.534	35.299	28.326	37.93	30.864	31.562	33.809	30.013	29.414	34.711	25.971	29.097	30.064	29.125	30.912	19.701	27.745	18.897	18.932	35.792	21.706	20.39	27.185	19.724
"c138591_g1_i6"	2.066	1.809	1.028	1.269	2.08	1.357	0.86	1.775	1.896	1.344	1.554	1.925	1.473	1.932	3.302	2.177	2.113	1.725	2.472	1.471	1.652	2.129	1.658	1.94	1.97	0.969	0.94	2.245	0.951	1.956	1.567	1.386	2.695	1.064	1.597	1.886	1.32
"c116087_g5_i1"	0.303	0.203	0	0.035	0	0	0.697	0.495	0.434	0	0.597	0	0	0	0.421	0	0	0.226	0.231	0	0	0	0.976	0.453	0	0.566	0	0.04	0	0	0.498	0.508	0.039	0	0.246	0.548	0
"c149347_g1_i1"	0	0	0	0.311	0	0	0.688	0	0	0	0	0	0	0.445	0	0.368	0	0	0	0.298	0.659	0	0	0	0	0	0.387	0	0	0	0	0	0	0	0.391	0.313	0
"c56331_g1_i1"	0.098	0	0	0	0.242	0.5	0	0	0	0	0	0	0	0.925	0	0	0	0	0.3	0	0	0	0	0	0	0	0	0	0.249	0	0	0	0	0	0	1.078	0
"c140854_g2_i1"	0.262	2.29	0	0.142	2.399	1.632	2.389	0	3.729	0	0	0	1.351	0	0	0	1.87	2.199	0.196	0	0	0	0.147	0.172	2.839	0.163	0.188	1.249	0.659	1.235	2.774	0	1.54	0.463	1.976	0.287	2.091
"c136793_g1_i1"	4.058	0.749	1.062	0.807	0.455	0	6.077	1.915	0.477	3.231	3.422	0.67	1.938	0	0.202	1.169	2.452	0.857	1.121	1.953	3.678	0.578	1.723	0.981	0	1.679	1.029	0.252	1.87	0.869	0.455	0.508	1.718	1.734	1.787	1.008	0.454
"c101931_g1_i1"	0	0	0	3.327	0.667	0	0	0.699	0.657	0	1.924	0.623	0.831	0.82	0.591	0	0	0	0	0.534	1.21	0	0	0	1.455	0	0	0	0	1.808	0	0	0.76	0.571	2.926	0.582	0.602
"c143400_g3_i1"	0	0	0	0	0	0	0	0	0	0	0	0	0	0	0	0	0	0	0	0	0	0	0	0	0	0	0	0	0	2.41	0	0	0	0	0	0	0
"c35249_g1_i1"	0	0	0.452	0	0	0	0	0	0	0	0	0	0	0	0	0.405	0	0	0	0	0	0.324	0.368	0	0	0	0	0	0	0	0	0	0	0.355	0	0	0
"c177204_g1_i1"	0	0	0	0	0	0	0.869	0	0.911	0.963	0	0	0	0	0	0	0	0	1.098	0	0	0	0	0	0	0	0	0	0	0.83	0.826	0	1.116	0.778	1.027	0	0
"c168224_g1_i1"	0	0	0.825	0.311	0.358	0.367	0	0	0	0	0	0.34	0	0	0.631	0	0	0.451	0	0	0	0	0.672	0.366	0	0	0	0	0.357	0	0	0.774	0	0	0	0	0.338
"c130338_g1_i1"	12.971	14.843	10.11	18.542	16.194	17.83	17.714	17.522	18.285	17.517	14.966	14.9	10.566	13.932	21.191	15.11	14.391	17.016	16.047	25.505	20.553	14.278	18.663	15.604	15.599	11.458	9.247	13.925	13.811	18.065	17.172	15.582	15.827	17.44	15.488	13.736	19.238
"c60395_g1_i1"	0.91	1.455	0	0.701	0.929	0.398	1.481	1.14	1.239	0.943	1.099	0.698	0.653	0.597	1.174	1.018	0.678	1.545	0.578	0.955	0.295	0.333	0.866	1.218	1.031	1.008	1.073	1.551	0.973	0.978	0.963	2.252	1.145	1.074	0.782	0.617	1.341
"c147942_g1_i1"	3.632	3.649	3.129	2.449	5.824	5.58	9.306	7.11	5.202	6.24	8.009	7.37	3.566	6.053	6.807	6.485	7.626	4.217	6.516	3.302	4.996	6.701	5.334	5.087	9.921	7.706	5.464	10.562	3.512	4.109	6.458	4.586	6.043	4.67	5.818	3.764	3.147
"c144553_g2_i3"	0.156	0.31	0	0.665	0.184	0.469	0.373	0.097	0.095	0.09	0.844	0.642	0.111	0.234	1.23	0.839	0.809	0.113	0.231	0.648	0	1.191	0.175	0.205	0.616	0.557	0.21	0.413	0	0.178	0.762	0.531	0.395	0.365	0.1	0.33	0.38
"c148458_g1_i1"	0	0	0	0	0	0	0	0	0	0.773	0	0	0	0	0	0	0	0	0	0	0	0.613	0	0	0	0	0	0	0	0	1.366	0	0	0	0	0	0
"c140846_g1_i1"	0.221	0.396	0.215	0.479	0.174	0	0.182	0.194	0.572	0.903	0.36	0	0.653	0.234	0.801	0.547	0.522	0.891	0.67	0.307	0	0.307	0.507	0	0.99	0.182	0.409	0.201	0.184	0.168	0.18	0.404	0.188	0.177	0.201	0.322	0.18
"c181964_g1_i1"	0	0	0	0	0	0	0	0	0	0	0	0	0	0	0	0	0	0	0	1.673	0	0	0	0	0	0	0	0	0	1.906	0	0	0	0	0	0	0
"c176116_g1_i1"	0.566	0	0	0	0	0	0	0	0	0	0.682	0	0	0	0.631	0	0	0	0	1.13	0	0	0.7	0	0	0	0.741	0	0	0	0	0	0	0	0	0	0
"c144337_g4_i5"	0.205	0.268	2.033	2.2	3.715	0.755	1.959	2.614	1.557	0.502	2.73	2.906	2.104	7.575	1.101	0.509	3.4	2.797	4.563	1.699	0.472	3.162	3.98	3.201	4.395	2.639	0.277	6.102	1.524	5.66	0.995	0.832	0	2.828	2.211	3.295	2.45
"c120567_g1_i2"	4.017	7.983	12.686	6.947	9.026	9.231	7.214	11.208	11.283	6.652	6.625	7.124	7.409	13.44	7.706	10.303	6.313	11.22	12.974	8.198	9.342	10.012	4.569	13.794	14.104	9.222	11.648	11.529	11.909	7.783	12.344	12.66	9.429	9.981	15.644	7.937	9.651
"c127467_g1_i4"	0	0.193	0	0	0	0.184	0	0	0	0.181	0	0	0	0	0	0	0	0	0	0	0	0	0	0	0	0	0	0.191	0.184	0	0	0	0	0	0.201	0.313	0
"c51949_g1_i1"	0	0	0	0	0	0	0	6.432	0	0	0	0	0	0	2.712	0	0	0	0	0	2.272	0	0	0	0	0	2.411	3.776	2.421	0	0	0	0	0	0	0	0
"c112708_g1_i2"	0.139	0	0.192	0.151	0.164	0	0	0	0	0	0	0	0	0	0	0.17	0.478	0	0	0.14	0	0.28	0.157	0.183	0	0.173	0.188	0.362	0.346	0	0.169	0	0.178	0.158	0.19	0.148	0
"c94212_g1_i1"	0.377	1.006	0.542	0.399	0.919	1.418	0.889	0.484	0	0.462	0.455	0.878	0.565	0.574	0.413	0.971	0	0.586	0	0.377	0	0	0	0	1.01	0	0	0	0.919	0	0	1.467	0	0.414	0.514	0.808	0.866
"c24263_g1_i1"	0	0	0	0	0	0	2.991	0	0	0	0	0	0	0	0	0	0	0	0	0	0	0	0	0	0	0	0	0	0	0	0	0	0	0	0	0	0
"c159373_g1_i1"	0	0	0	0	0	0	0.411	0	0	0	0	0	0	0	0	0	0.426	0.541	0	0	0	0	0	0	0	0	0	0	0	0	0	0	0	0	0	0	0
"c28556_g1_i1"	0	0	0	0	0	0	0	0	0	0	2.095	0	0	0	0	0	0.739	0	0	0	0	0	0	0	0	0	0	0	0.713	0	0	0	0	0	0	0	0
"c134177_g1_i2"	0.369	0.492	0.407	0.665	0.6	0.541	0.478	0.559	0.54	0.321	0.483	0.5	0.343	0.328	0.502	0.698	0.73	0.62	0.231	0.28	0.669	0.928	0.645	0.496	0.384	1.113	0.553	0.524	0.4	0.494	0.434	0.37	0.326	0.256	0.324	0.678	0.581
"c128934_g1_i4"	1.386	1.166	1.593	2.032	2.109	1.071	0.898	2.388	1.441	1.375	1.071	1.783	1.462	0.386	1.473	2.771	1.174	2.255	0.936	0.526	1.151	1.55	1.409	2.166	2.182	0.777	2.245	1.682	1.567	2.321	1.853	1.028	1.609	2.049	1.351	1.478	2.281
"c146699_g3_i3"	6.223	14.618	10.54	11.241	6.472	12.434	7.701	14.026	16.537	12.039	7.488	6.803	16.58	13.382	5.634	10.736	9.078	15.065	4.425	3.407	16.255	6.079	12.39	11.509	9.174	8.828	8.949	7.522	9.564	10.954	14.768	13.976	13.191	8.661	10.106	8.728	10.063
"c90485_g1_i1"	0	0	0	0.257	0	0.143	0.143	0	0	0	0	0	0	0.187	0	0.151	0	0	0	0	0	0	0	0	0	0	0	0	0.151	0.138	0	0	0	0	0	0	0
"c38005_g1_i1"	0.131	0	0	0	0.629	0	0	0	0	0.321	0	0	0	0	0	0	0	0	0.381	0	0	0	0	0	0	0	0	0	0	0	0.307	0	0	0	0	0	0
"c144432_g1_i5"	0.123	0.096	0.102	0.311	0.106	0.092	0.191	0.108	0.138	0.171	0.265	0	0.155	0.023	0.097	0.104	0.104	0.158	0.023	0.114	0.059	0.201	0.037	0.269	0.071	0.144	0.155	0.02	0.108	0.227	0.064	0.081	0.138	0.108	0.1	0.017	0.106
"c135520_g3_i1"	0.197	0.096	0.102	0.027	0.203	0.153	0.029	0.183	0.095	0.06	0.265	0.208	0.144	0.07	0.413	0.236	0.252	0.293	0.185	0.342	0.364	0.333	0.267	0.237	0.192	0.115	0.277	0.262	0.065	0.03	0.064	0.173	0.306	0.207	0.033	0.156	0.148
"c171961_g1_i1"	0	0	0	0.355	0	0	0	0	0	0	0	0	0	0	0	0	0	0	0	0	0.384	0.342	0	0	0	0	0	0	0	0	0	0	0.454	0	0	0	0
"c125315_g1_i1"	0	0	0	0	0	0	0	0	0	0	0	0	0	0	0	0	0	0	0	0	0	0	0	0	0	0	0	0	0	0	0	0	0	0	0	0	0
"c123467_g1_i2"	0.377	0	0.181	0.133	0	0.612	0.592	0.635	0.318	1.063	0	0.293	0.177	0.574	0.267	0.151	0.148	1.5	0.37	0.78	0	0.254	0.138	0.162	0.495	0.614	0.177	0.665	0.616	0.573	1.069	0.681	0.8	0.729	0.837	0.13	0.454
"c134061_g1_i1"	0	0	0	0	0	0	0	0	0	0	0	0	0	0.515	0	0	0	0	0	0	0	0	0	0	0	0	0.442	0	0	0	0	0	0	0	0	0	0
"c164563_g1_i1"	0	0	0	0	0	0	0	0	0	0	0	0	0	0	0	0	0	0	0	0	0	0	0	0	0	0	0	1.822	0	0	0	0	0	0	0	0	0
"c54416_g1_i1"	0	0	0	0	0	0	0	0	0	0.331	0	0	0	0	0	0	0.322	0	0	0	0	0	0	0	0	0	0	0	0.335	0	0	0.728	0	0.305	0	0	0
"c127128_g1_i1"	0.172	0	0.136	0.106	0.058	0.112	0.057	0.118	0.434	0.06	0	0.057	0.066	0	0.049	0	0	0.068	0.358	0.149	0.502	0.053	0.212	0.194	0.061	0.23	0.332	0.191	0.357	0.059	0.18	0.139	0.247	0	0.134	0	0.116
"c175915_g1_i1"	0	0	0	0	0	0	0	0	0	0	0	0	0	0	0	0	0	0	0	0	0	0	0	0	0	0.633	0	0	0	0	0	0	0	0	0	0	0
"c141595_g4_i2"	0	0	0	0	0	0	0	0	0	0	0	0	0	0	0	0	0	0	0	0	0	0	0	0	0	0	0	0	0	0	0	0	0	0	0	0	0
"c139176_g1_i2"	9.445	13.698	10.291	10.762	12.17	9.435	8.809	8.261	9.121	9.732	11.696	12.654	12.05	9.823	10.417	13.904	13.374	11.592	10.94	9.626	10.847	15.854	11.229	10.647	13.751	10.076	10.929	12.183	10.98	10.815	9.549	11.481	10.92	9.912	9.369	11.893	12.47
"c126698_g2_i1"	0	0	0	0	0	0	0	0	0	0	0	0	0	0	0	0	0	0	0	0	0	0	0	0	1.566	0	0	0	0	0	0	0	0	0	3.149	0	0
"c63034_g2_i1"	0	0	0	0	0	0.53	0	0	0	0	1.014	0	0	0	0	0	0.522	0	0	0	0	0	0	0	0	0	0	0	0	0	0	0	0	0	0	0	0
"c3031_g1_i1"	0	0	0	0	5.156	0	0	0	0	0	0	0	0	0	0	0	0	0	0	0	0	0	0	0	0	0	0	0	0	0	0	0	0	0	0	0	0
"c144222_g2_i1"	0.721	0.321	0.678	0.515	0.29	0.296	1.137	0	0.297	0	0	0	0.709	0.738	0.777	0.603	0.287	0	1.421	0.49	0	0.491	0.276	0	0.323	0.624	0	0.322	0.292	0.277	0	0.647	0.938	0	0	0.765	0
"c22722_g1_i1"	0	0	0	0	0	0	0	0	0	0	0	0	0	0	0	0	0	0	0	0.701	0	0	0	0	0	0	0	0	0.865	0	0	0	0	0	0	0	0
"c142388_g1_i1"	0.074	0.246	0.215	0.266	0.077	0.184	0	0.075	0.159	0.181	0.076	0.179	0.133	0.047	0.13	0.292	0.174	0.18	0.139	0.131	0.039	0.158	0.101	0.334	0.162	0.106	0.166	0.201	0.151	0.109	0.191	0.081	0.306	0.148	0.078	0.165	0.074
"c134731_g2_i3"	0.082	0.139	0.192	0.027	0.068	0.133	0.029	0.204	0.244	0.06	0.066	0	0.188	0.211	0.348	0.16	0.183	0.079	0.162	0.201	0.374	0.193	0.12	0.216	0.04	0.096	0.188	0.07	0.097	0.03	0.032	0.035	0.237	0.197	0.29	0.061	0.137
"c98658_g1_i1"	0.164	0.214	0.158	0.355	0.522	0.265	0.726	0.204	0	0.13	0.199	0.453	0.155	0.258	0.348	0.132	0	0.158	0.162	0.114	0	0.053	0.064	0.075	0.071	0	0.155	0.141	0.205	0.504	0.064	0.381	0.207	0	0.145	0	0.264
"c108134_g1_i1"	0.705	0	1.356	0	0	0.602	0	0	0	0	0	0	0	0.714	1.028	0	0	0	0	0	0.531	0.482	0	0.582	0	2.121	0	0.654	0	0	0.54	0	0	0	0	0.504	0.539
"c146625_g3_i1"	3.075	2.793	2.598	2.307	1.538	1.754	2.045	1.882	2.648	2.739	3.649	2.151	3.411	1.826	2.687	2.998	3.574	1.691	3.235	2.015	2.144	2.663	2.404	3.826	2.263	3.675	3.086	2.739	1.74	1.857	2.446	1.941	2.794	1.961	1.731	2.53	2.334
"c146939_g3_i1"	0.959	0.428	0.452	2.378	0.784	4.815	3.038	1.237	0.403	1.585	0	0	0.964	1.475	0	1.235	0.774	0.496	3.801	2.295	2.921	0.657	2.625	2.845	0	7.063	1.294	0	1.978	0.731	0	0	0	1.074	0	1.382	1.499
"c86668_g1_i1"	0	0.385	0	0	0	0	0	0	0	0	0	0	0	0	0	0	0	0	0	0.158	0	0	0	0	0.192	0	0	0	0	0	0	0	0	0	0	0	0
"c121097_g2_i2"	0.123	0	0.169	0	0.145	0.153	0	0	0.318	0	0.152	0	0.532	0.375	0.13	0	0	0.553	0	0.131	0.285	0	0.691	0	0.657	0	0.166	0	0.303	0	0.148	0.173	0	0.148	0	0.261	0
"c110818_g1_i1"	1.345	0.128	0.282	0.754	0.116	0	0.354	1.258	0.127	0.361	0	0.236	0.72	0.152	2.963	0.603	0.235	0.598	1.329	1.042	0.452	0.613	1.004	0.269	0.131	0.125	0.409	0.262	0.119	1.956	0.73	0.277	0.889	0.463	0.536	0.739	0.961
"c26595_g1_i1"	0	0	0	0	0	0	0	0	0	0	0	0	0	0	0	0	0	0	0	0	0	0	0	0	0	0	0	0	0	0	0	0	0	0	0	0	0
"c54042_g1_i1"	0	0	0	0	0	0	0	0	0	0	0	0.33	0.41	0	0.299	0	0	0	0.416	0	0	0	0	0	0	0.748	0.376	0	0	0	0	0	0	0	0	0	0.327
"c141958_g2_i2"	42.904	26.358	35.053	25.569	52.712	26.154	40.273	32.268	19.451	41.416	47.031	35.64	30.368	23.052	19.855	44.963	22.939	22.406	31.146	44.643	25.922	35.817	36.82	17.329	30.057	29.699	18.97	29.21	18.209	25.394	55.919	30.968	38.941	38.929	19.028	32.349	21.181
"c111865_g1_i2"	0	0	0	1.774	5.34	0	0	0	0	0	2.218	2.076	3.611	2.939	2.412	0	0	0	0	0	0	0	0	0	2.728	0	13.285	0	0	1.995	0	0	0	1.655	0	2.191	0
"c59727_g1_i1"	0	0	0	0	0	0	0	0	0	0	0	0	0	0	0	0	0	0	0.254	0.175	0.197	0	0	0	0	0	0	0.453	0	0.198	0	0	0	0	0	0	0
"c38148_g1_i1"	0	0	0	0	0	0	0	0	0	0	0	0	0	0	0	0	0	0	0	0	0	0	0	0	2.283	0	0	1.228	0	0	0	0	1.274	0	0	0	0
"c128194_g3_i1"	0	0	0	0	0	0	0	0	0	0	0	0	0	0	0	0	0	0	0	0	0	0	0	0	0	0	0	0	0	0	0	0	0	0	0	0	0
"c100892_g1_i1"	0	0	0.226	0.169	0.193	0	0	0.398	0	0.191	0	0.368	0	0.246	0	0	0.183	0.474	0	0.166	0	0	0.175	0.41	0	0.595	0	0	0.195	0.178	0	0.647	0.612	0	0	0.165	0.57
"c40736_g1_i1"	0	0	0	0	0.619	0	0	0	0	0	0	0	0	0	0.275	0	0	0.778	0	0.263	0.295	0.526	0	0	0.344	1.353	0	0.352	0.313	0	0	0	0	0.286	0	0	0
"c33574_g1_i1"	0	0	0	0	0	0	0	0	1.706	0	0	0	0	0	0	0	0	0	0	0	0	0	0	0	0	0	0	0	0	0	0	0	5.411	0	0	0	0
"c141140_g1_i1"	14.791	15.314	13.194	15.331	11.26	14.077	14.332	10.078	12.903	12.491	16.824	13.352	13.955	15.431	13.55	14.563	15.669	17.231	16.266	13.988	12.804	15.311	12.841	14.602	15.933	15.497	17.455	14.389	13.087	13.058	13.879	13.364	13.813	10.631	16.895	11.962	12.966
"c141036_g2_i3"	0.254	1.37	3.671	0.523	5.011	0	2.379	1.323	1.875	0	1.213	0	0.775	0	1.117	0	0	0	0.751	2.023	0	0.517	0.617	0	1.374	0	0	0.715	0.616	1.136	0	1.294	0.711	3.291	0	3.286	1.721
"c111521_g1_i2"	0.344	0.15	0	0	0.135	0.071	0.067	0.29	0.074	0.14	0.635	0.142	0.166	0	0.121	0.207	0	0	0	0.123	0.069	0	0.129	0	0.232	0.067	0	0.081	0.292	0.267	0.074	0.081	0.217	0.069	0.078	0	0.285
"c95244_g1_i1"	0.689	0.353	0.158	0.373	0.503	0.143	0.096	0.14	0.392	0.281	0.512	0.226	0.388	0.234	0.324	0.509	0.443	0.226	0.624	0.403	0.305	0.158	0.378	0.054	0.505	0.585	0.907	0.302	0.097	0.049	0.191	0.37	0.484	0.227	0.514	0.043	0.137
"c6941_g1_i1"	0	0	0	0	0	0	0	0	0	0	0	0	0	0	0	0	0	0	0	0	2.527	0	0	0	0	0	0	0	0	0	0	0	0	0	0	0	0
"c129826_g1_i2"	0.115	0	0.316	0	0	0	0	0.14	0	0	0	0	0.332	0	0	0	0	0	0	0	0	0.35	0	0.453	0.303	0.134	0	0.151	0	0	0	0.15	0.148	0	0.156	0	0
"c120641_g1_i1"	1.23	0.899	0.282	0.745	1.064	1.326	1.395	2.237	1.663	1.074	0.502	1.142	0.786	0.421	0.219	0.999	0.713	1.725	1.225	0.648	3.629	1.13	1.52	2.112	0.637	1.391	2.467	1.269	1.535	0.553	1.524	2.275	2.419	0.325	0.648	0.878	2.006
"c88621_g1_i1"	0.508	0	0	0	2.506	0	0	0.656	0	0.642	1.213	0	0	0	2.234	0	0	0	0	0.508	0.57	1.034	4.91	0	2.748	0	0	2.145	0.616	0.573	0	0	0.711	0	0	0	0.57
"c21549_g1_i1"	0	0	0	0	0	0	0	0	0	0	0	0	0	0	0	0	0	0	0	0	0.856	0	0	0	0	0	0	0	0	0	0	0	0	0	0	0	0
"c174535_g1_i1"	0.328	0	0.463	0	0.793	0	0	0.839	0	0	0	0	0	0.503	0.712	0	0	0	0	0.333	0	0.333	0.378	0	0.879	0	0	0	0	0	0	0	0.879	0.729	0	0.348	0.38
"c144824_g1_i3"	2.058	2.001	2.169	2.28	2.651	1.642	1.452	2.861	1.801	1.445	2.588	1.793	1.695	2.693	1.182	1.914	1.522	3.056	3.35	0.92	3.432	2.777	2.146	1.918	3.051	2.121	3.23	2.759	2.367	1.116	1.969	2.102	2.429	2.306	1.452	3.182	2.048
"c46414_g1_i1"	0.131	0	0.361	0.142	0.155	0.469	0.459	0	0	0	1.564	0.302	0	0	0	0	0	0	0	0	0.59	0	0.295	0.517	0	0.317	0	0	0.162	0	0	0	0	0	0.179	0	0
"c36085_g1_i1"	0	0	0	0	0	0	0	0	0	0	0	0	0	0	0	0	0	0	0	0	0	0	0	0	0	0	0	4.31	0	0	0	0	0	0	0	0	0
"c141798_g2_i6"	0	0.449	0.158	0.24	0.135	0	0	0	0	0.14	0	0.132	0	0	0	0.273	0.13	0	0	0	0	0	0	0.453	0	0	0.31	0	0	0.128	0	0.15	0	0	0	0	0.137
"c137775_g1_i2"	29.122	33.87	30.037	27.556	33.297	34.039	33.002	37.582	38.032	28.273	32.065	32.828	38.365	41.211	32.701	30.691	35.999	35.702	43.704	32.88	37.142	32.19	28.281	38.235	34.604	33.423	38.825	34.053	30.259	27.389	33.454	36.939	36.819	31.805	34.56	30.08	34.675
"c52543_g1_i1"	0.361	0	0.339	0	0.29	0.296	0.287	0	0.604	0	0.294	0.566	0	0	0	0	0	0	0.716	0	0.275	0	0	0	0	0	0.332	0	0	0.277	0	0.647	0	0.276	0	0	0.285
"c125350_g1_i1"	0	0	0	0	0	0	0.401	0	0	0	0	0	0	0	0	0	0	0	0.497	0	0	0	0	0	0	0	0	0	0	0	0	0	0	0	0	0	0
"c171646_g1_i1"	0	0	0	0.55	0	0.673	0	0	0	0	0	0	0	0	0	0	0	0	0	0	0	0	0.645	0	0	0	0	0	0	0	0	0	0	0	0	0	0
"c59848_g1_i1"	0.123	0.107	0.226	0	0.193	0	0	0.204	0.519	0	0	0.094	0.122	0.129	0.089	0	0	0.124	0.358	0.683	0.187	0.166	0.092	0.431	0.323	0.192	0	0	0.508	0.188	0.106	0.335	0.415	0.099	0.112	0.087	0
"c141095_g1_i5"	0.328	2.033	5.535	0.896	0.987	1	1.519	0.968	1.621	2.328	0.673	0.661	4.751	3.22	0.704	1.866	0	0.485	1.56	3.714	0	0.508	4.099	3.923	0.808	3.531	4.745	0.362	1.718	0.316	1.09	0	1.807	0.719	3.328	1.469	3.632
"c145483_g1_i2"	0.09	0.182	0.147	0.08	0.087	0.133	0.038	0.043	0.042	0.04	0	0.038	0.055	0.059	0.146	0.047	0.2	0.203	0.682	0.079	0.039	0.149	0.074	0.043	0.091	0	0.044	0.05	0.13	0.04	0.042	0.046	0.089	0.128	0.089	0.148	0.169
"c172931_g1_i1"	0	0	0	0	0	0	0	0	0	0	0	0	0	0	0	0	0	0	0	0	0	0	0	0	0	0	0	0	1.286	0	0	1.34	0	0.571	0	0	0
"c104678_g2_i1"	0	0	0	0	0	0	0	0	0	0	0	0	0	0	2.558	3.723	0	0	0	1.743	0	0	0	0	0	0	0	0	0	0	0	0	0	0	0	0	0
"c81019_g2_i1"	0.041	0	0	0.106	0	0.122	0.096	0	0.191	0.06	0.18	0.057	0	0	0	0.057	0	0	0.035	0.21	0.148	0.21	0.028	0.065	0.101	0.173	0.033	0.161	0.065	0.059	0.127	0.104	0.059	0.059	0.134	0	0
"c112814_g1_i1"	0	0	0	0	0	0	0	0	0	0	0	0	0	0	0	0	0	0	0	0	0	0	0	0	0	0	2.942	0	0	0	0	0	0	0	0	0	2.334
"c58955_g1_i1"	0.353	0	0	0	0	0	0	0	0	0	0	0	0	0	0	0	0	0	0	0	0	0	0	0	0	0	0.907	0	0	0	0	0	0	0	0	0	0
"c152874_g1_i1"	0	0	1.932	0	0	0	0	0.581	0	0	0	0	0	0	0	0	0.548	0	0	0	0	0.455	0	0	0	0	0	0	0	0	0	0	0.612	0	0	0	0
"c110064_g1_i1"	0.205	0	0	0.337	0.126	0.122	0.124	0	0	0.12	0	0.123	0	0	0	0.255	0.243	0	0	0.105	0.118	0	0	0.14	0	0.125	0.144	0.272	0.389	0.237	0.254	0.289	0	0	0.558	0.33	0.253
"c123402_g1_i3"	0.025	0.235	0	0.426	0.106	0	0.268	0.882	0.117	1.324	0	0.104	0.498	0	0	0.32	0.052	0	0.462	0	0.098	0.131	0.193	0.647	0.121	0.413	0.31	0.121	0.27	0.514	0.328	0	0.602	0.522	1.005	0	0.264
"c127861_g1_i2"	7.338	5.394	6.654	7.994	6.781	8.058	8.723	5.755	6.102	7.535	9.052	7.058	6.468	6.182	6.378	7.579	7.182	6.281	6.747	6.727	5.497	8.558	6.255	6.089	7.274	5.844	6.382	5.9	6.387	7.605	7.58	6.572	6.062	5.833	4.924	6.737	5.047
"c82162_g1_i2"	0	0	0	0	0	0	0	0	0	0	0	0	0	0	0	0	0	1.894	0	1.025	0	0	0	0	0	0	0	0	0	0	0	0	0	0	0	0	0
"c131979_g1_i2"	0	0	0	0	0	0	0	0	0	0	0	0	0	0	0	0	0	0	0	0	0	0	0	0	0	0	0	0	0	0	0	0	0	0	0	0	0
"c151683_g1_i1"	0	0	0	0	0	0	0	3.022	2.257	0	0	0	0	0	0	0	0	0	0	0	0	0	0	1.918	0	0	0	0	0	0	0	0	0	0	2.926	0	0
"c179632_g1_i1"	0	0	0	0	0	0	0	0	0	0	0	0.293	0	0.386	0	0	0	0	0	0	0	0	0	0	0	0	0	0	0	0.286	0	0	0	0	0	0	0
"c157565_g1_i1"	0	0	0	0	0	0	0	0	0	0	0	0	0	0	0	0	0	0	0	0	0	0	0	0	0	0	0	0	0	0	0	5.336	0	0	0	0	0
"c145750_g2_i1"	6.879	2.954	1.728	3.141	9.093	3.274	3.21	5.367	3.422	4.615	6.919	4.775	3.721	3.091	5.367	3.007	4.043	2.673	1.664	4.563	0.639	6.21	2.883	1.336	3.577	7.792	2.931	4.33	1.535	3.23	4.806	4.609	2.419	5.616	1.954	6.207	0.275
"c130966_g2_i4"	0.32	0.471	0.339	0.55	0.271	0.224	0.382	0.376	0.265	0.231	0.436	0.34	0.354	0.258	0.219	0.386	0.522	0.383	0.647	0.263	0.325	0.237	0.332	0.463	0.404	0.509	0.442	0.302	0.14	0.484	0.307	0.416	0.257	0.453	0.257	0.522	0.232
"c52141_g1_i1"	0	0	0	0	0	0.826	0	0	0	0	0	0	0	0	0	0	0	0	0	0	0	0	0	0	0	0	0	0	0	0	0	0	0.918	0	0	0	0
"c144828_g1_i2"	1.082	1.595	1.356	0.444	1.664	0.918	1.051	0.85	1.367	1.094	0.9	1.217	1.451	1.042	1.417	1.404	1.052	1.567	1.837	0.517	1.131	1.244	0.488	1.153	1.526	1.238	0.918	1.319	1.221	0.77	0.932	0.658	1.619	0.966	1.619	1.426	1.257
"c143326_g3_i2"	0.369	0.257	0.271	0.16	0.406	0.235	0.057	0.312	0.254	0.181	0.237	0.415	0.21	0.152	0	0.179	0.339	0.586	0	0.885	0.167	0.105	0	0.129	0.263	0.058	0.21	1.178	0.065	0.286	0.127	0.208	0.059	0.296	0.134	0.104	0.243
"c73114_g1_i1"	0	0	0.136	0.106	0.116	0	0	0	0	0.241	0	0	0	0.152	0	0.245	0	0	0	0	0	0	0	0.269	0.263	0	0	0	0.249	0.119	0	0.277	0	0.118	0	0	0
"c177049_g1_i1"	0	0	0	0	0	0.52	0.487	0	0	0	0	0	0	0	0	0	0	0	0	0	0	0	0	0	0	0	0	0	0.508	0.464	0.476	0	0	0	0.558	0	0
"c135420_g1_i1"	0.336	0.3	0.633	0.479	0.542	0.275	0.535	0.57	0	0	0.275	0	0	0.34	0	0	0	0	0	0	0	0.455	0	0.291	0	1.161	0.299	0.604	0	0	0.265	0.3	0	0	0.301	0	0
"c130762_g4_i1"	0.746	2.515	3.818	0.985	1.78	1.612	1.491	1.57	6.346	1.806	0.9	0.594	0.831	2.541	0.437	2.111	0.861	1.105	1.721	0.867	1.623	1.191	0.921	1.994	0.99	1.996	4.347	0.554	5.36	1.63	1.535	2.749	0.839	3.508	4.344	1.234	4.424
"c144831_g4_i1"	1.32	0.781	1.062	0.878	2.061	0.847	1.299	1.226	0.625	1.244	1.905	1.095	1.551	1.077	1.036	1.499	1	2.323	1.606	0.744	1.249	1.507	1.796	1.164	1.01	1.603	1.726	1.5	1.016	0.82	0.942	1.201	1.363	0.769	1.161	0.748	1.056
"c144145_g1_i3"	5.969	9.942	3.174	8.029	7.342	4.753	8.064	4.302	7.024	3.702	5.071	5.605	5.46	5.959	11.211	9.992	4.93	6.473	8.145	11.684	3.619	6.64	7.019	5.755	7.032	4.712	2.555	3.434	6.906	9.66	7.972	3.223	6.882	4.926	2.814	6.798	5.913
"c163047_g1_i1"	0	0.246	0	0	0.222	0	0.22	0	0	0.221	0	0.425	0	0	0	0.226	0.217	0	0	0	0.207	0	0	0.474	0.242	0	0.243	0	0	0	0	0.243	0.474	0.207	0.246	0	0
"c119117_g1_i1"	0.107	0	0.282	0.444	0.493	0.122	0.373	0.258	0.265	0	0.626	0	0.299	0.152	0	0	0	0.158	0.15	0	0.236	0.21	0.111	0.14	0	0	0	0.272	0.259	0.119	0.254	0	0.257	0	0.413	0.113	0.253
"c144989_g1_i1"	20.882	29.483	23.598	30.182	30.647	31.203	24.976	36.409	49.749	26.667	37.202	26.194	26.869	50.05	43.677	39.269	21.008	35.363	39.522	23.981	35.49	31.376	26.926	36.877	32.563	32.194	30.662	20.027	31.837	36.516	33.846	27.225	27.804	33.047	37.932	26.88	25.193
"c134129_g1_i2"	1.197	0.214	0.666	1.366	0.958	2.734	1.328	0.807	0.604	2.328	2.502	0.566	2.093	0.983	3.578	2.554	0.191	0	1.895	2.812	2.557	2.785	0.184	0.625	1.061	1.401	1.748	2.99	0.789	1.472	0.392	0.866	2.666	1.291	1.072	0	0.76
"c124798_g2_i1"	0.205	0.653	0.802	0.887	0.687	0.296	0.497	0.419	0.636	0.1	0.995	0.981	0.709	0.503	0.437	0.603	0.191	0.372	0.243	2.242	0.187	1.358	0.553	0.55	0.111	0.787	0.232	0.332	0.616	0.761	0.91	0.566	0.731	0.68	0.335	0.435	1.299
"c137748_g1_i2"	1.697	1.177	1.954	1.499	1.925	1.612	1.72	1.742	1.748	1.966	1.507	1.557	2.082	1.92	1.878	1.81	1.904	1.883	1.779	1.699	1.996	1.656	1.695	1.961	1.839	2.341	2.489	1.43	2.075	1.452	1.62	2.195	2.192	1.379	1.72	1.713	1.827
"c117057_g4_i1"	0.131	0	0	0	0.31	0	0	0	0.328	0	0	0.906	0	0	0	0	0.617	0.395	0	0	0.295	0	0	0.334	0	0	0	0	0.638	0	0	0	0	0	0	0	0.306
"c124008_g1_i1"	0.705	0.353	0.859	0.381	1.045	0.214	0.21	0.333	0.678	0.642	0.531	0.623	0.886	0.808	0.842	0.424	0.713	1.173	0.52	1.288	0.708	0.727	0.783	0.582	0.818	0.422	0.487	1.752	0.875	0.207	0.434	0.601	1.224	0.621	0.357	0.652	0.422
"c136194_g5_i1"	0.681	0.653	0.847	1.482	0.958	0.969	1.137	1.355	1.102	1.134	1.924	1.651	1.351	1.276	2.202	0.867	0.704	0.902	1.317	1.612	1.023	0.972	0.765	1.541	2.021	1.171	1.394	1.46	0.865	1.422	0.974	1.398	1.53	0.887	0.782	0.739	0.37
"c106802_g1_i2"	0.098	0	0	0	0	0	0	0	0	0	0	0.236	0	0	0	0	0	0.304	0	0	0.236	0.42	0	0.528	0	0	0	0	0.249	0	0	0	0	0.236	0	0	0.243
"c3927_g1_i1"	0	0	0	0	0	0	0	0	0.466	0.462	0	0	0	0	0	0	0	0	0	0	0	0	0	0	0	0	0	0	0	0	0	0.485	0	0	0	0	0
"c141732_g1_i8"	0	0	0	0.515	0.871	0	1.137	0.301	0	0.291	0.578	0	0.709	0	0.777	0	0	0	0	0	0	0.981	0	0	0	0	0	0	0.594	0.277	0	0	1.254	0	1.295	0	0.57
"c120249_g2_i1"	3.493	2.194	1.717	1.703	1.77	2.336	2.198	3.195	1.79	1.375	2.445	1.142	2.392	4.027	2.606	1.914	2.13	3.518	2.599	0.92	2.616	2.155	2.533	3.966	2.445	4.002	3.506	2.789	3.264	2.025	2.7	2.899	3.436	3.488	2.345	2.982	1.172
"c143816_g1_i2"	9.593	5.757	6.586	5.767	5.93	5.376	5.695	4.023	3.877	4.495	4.076	5.511	6.368	4.507	5.69	6.532	7.713	6.101	5.395	7.559	7.365	5.019	5.527	6.24	5.921	5.268	7.787	3.574	8.029	5.037	3.695	4.031	5.924	4.128	6.019	7.937	5.374
"c121727_g1_i1"	0.172	0	0	0.124	0	0.286	0	0.151	0.148	0	0	0.415	0	0.176	0.623	0	0	0	0.173	0.123	0	0.123	0	0	0.152	0	0.166	0	0	0.138	0	0	0.148	0.138	0.156	0	0.137
"c147984_g1_i1"	0	0.171	0.181	0	0	0	0	0	0	0.15	0.152	0	0	0	0	0	0	0	0	0.131	0	0	0	0	0.333	0	0	0	0	0	0	0	0	0	0	0	0
"c144942_g8_i1"	1.394	0	0.666	1.446	0	0.592	2.178	1.205	2.871	0.582	1.109	0	0	0.714	1.02	1.838	0.574	0	0	2.321	1.042	0.946	2.22	1.713	0	1.391	3.683	1.299	1.697	1.047	1.069	0.601	0.642	0.503	3.785	0	1.056
"c122673_g1_i1"	0	0	0	0.577	0	0	0	0	0	0	0	0.651	0	1.721	0.623	0	0	0	0	0	0	0	0	0	0	0	0	0	0	0	0	0	0	0	0	0	0
"c27019_g1_i1"	0	0	0	0	0	0	0	0	0	0	0.341	0	0	0	0	0	0	0	0	0	0	0	0	0	0	0	0	0	0.346	0	0	0.381	0	0.315	0	0	0
"c170080_g1_i1"	0	0	0	0	0	0	0	0	0	0	0	0	0.653	0	0	0	0	0	0	0	0	0	0	0	0	0	0	0	0	0	0	0	0	0	1.172	0	0
"c134595_g1_i1"	1.304	0	0.271	0.568	0.077	0	0	0.086	0.17	0.241	0.161	0.151	0.188	0.199	1.805	0.236	0.304	0.101	0.196	0.753	0.148	0.333	0.433	0.086	0.606	0.077	0.177	0.775	0.086	0.148	0	0.092	0.494	0.158	0.179	1.043	0.084
"c145775_g1_i2"	0.066	0.171	0	0.479	0.155	0	0	0	0.159	0.08	0.152	0.075	0.177	0.199	0.202	0.075	0.148	0.192	0.092	0.201	0.216	0.131	0.212	0.259	0.172	0	0.177	0.081	0	0.217	0.159	0.092	0.237	0.079	0	0.339	0
"c135597_g1_i1"	0.213	0.161	0.215	0.169	0.106	0.184	0.22	0.344	0.275	0.04	0.37	0.179	0.399	0.234	0.259	0.189	0.139	0.271	0.092	0.228	0.069	0.096	0.037	0.129	0.202	0.038	0.343	0.04	0.195	0.109	0.423	0.219	0.227	0.148	0.123	0.356	0.38
"c100461_g2_i1"	0.131	0	0	0	0.31	0.316	0.612	0	0.318	0	0	0	0	0	0	0	0	0.395	0	0.788	0	0	0	0	0	0	0	0	0	0	0	0	0	0.286	0	0	0
"c63270_g1_i1"	0	0	0	0	0	0	0.115	0	0	0.12	0	0	0	0	0	0	0	0	0	0.201	0	0	0	0	0	0	0	0	0.605	0	0	0.266	0	0.227	0	0	0
"c167263_g1_i1"	0	0.342	0	0	0.319	0.326	0	0	0	0	0	0.302	0	0	0	0	0.313	0	0	0	0	0.534	0	0	0	0	0	0	0	0	0	0	0.691	0	0.357	0	0.306
"c128456_g1_i1"	0.549	0.728	0.305	0.479	0.522	0.541	1.577	1.388	0.699	0.662	0.929	0.387	0.321	0.503	1.052	0.132	0.383	0.823	0.162	0.578	0.256	0.228	0.12	0.733	0.293	0.537	0.299	0.584	1.232	0.257	1.355	1.063	0.138	1.025	0.592	0.469	0.929
"c55614_g1_i1"	0	0	0	0	0	0	0	0	0	0	0	0	0	0	0	0	0	0	0	1.147	1.357	0	0	0	0	0	0	0	0	0	0	0	2.133	0	0	0	0
"c181978_g1_i1"	0	0	0	0	0	0	0	0	0	0	0	0	0	0	0	0	0	0	0	0	0	0	0	0	0	0	0	0	0	0	0	0	0	0	0	0	0
"c146596_g8_i3"	0.082	0.203	0.147	0.284	0.184	0	0.067	0.258	0.466	0	0.313	0.189	0	0.644	0.162	0.255	0.183	0	0	0.114	0.118	0.324	0.175	0.42	0.141	0	0	0.211	0.324	0.059	0.254	0	0	0.118	0.145	0.391	0.253
"c10849_g1_i1"	0	0.321	0	0	0	0	0	0	0	0	0	0	0	0	0	0.302	0.287	0	0	0	1.367	0	0.276	0	0	0	0	0	0	0	0	0.323	0.316	0	0	0	0
"c144146_g4_i1"	0.189	0.161	0.181	0.115	0.261	0.194	0.162	0.075	0.18	0.15	0.123	0.113	0.055	0.012	0.21	0	0.113	0.192	0.185	0.184	0.01	0.175	0.083	0	0.121	0.154	0.066	0.312	0.151	0.346	0.159	0.092	0.118	0.069	0.022	0.191	0.084
"c165691_g1_i1"	0.197	0	0	0.142	0	0	0.306	0.323	0	0.311	0	0	0	0.199	0.275	0	0	0	0	0	0	0.131	0	0.345	0.172	0	0	0	0.162	0.296	0	0.173	0	0.148	0	0	0
"c147556_g2_i1"	0.525	0.375	0.282	0	0.145	0.194	0	0.054	0.053	0.191	0.199	0.047	0	0.375	0.299	0.245	0.139	0.361	0.243	0.342	0.511	0.412	0.129	0.269	0.485	0.47	0.221	0.211	0	0.188	0.254	0.116	0.454	0.148	0.916	0.296	0
"c139253_g1_i3"	1.476	1.562	2.361	1.899	1.625	1.734	1.519	1.398	1.388	2.147	1.611	1.642	1.739	2.084	1.352	1.772	1.33	1.094	1.929	1.27	1.76	1.699	1.142	1.293	1.435	1.507	1.891	1.52	1.329	2.153	1.831	2.01	1.58	1.764	1.697	1.443	1.478
"c127628_g2_i2"	8.158	16.598	12.065	12.802	11.299	10.761	10.749	11.401	11.41	14.989	10.303	12.758	15.217	12.633	10.458	13.366	13.948	10.25	10.744	8.557	12.666	11.483	11.469	13.126	14.276	15.334	12.256	13.482	10.537	14.085	10.777	10.915	14.83	13.735	12.529	9.302	12.533
"c2856_g1_i1"	0	0	0	0	0	0	0	0	0	0	0	0	0	0	0	0	0	0	0	0	0	0	0	0	0	0	0	0	0	0	0	0	0	0	0	0	0
"c170292_g1_i1"	0.279	0	0	0.293	0	0	0.984	0.355	0	0	0	0	0	0.421	0	0	0	0	0.404	0.28	0.629	0	0	0	0	0	0	0.373	0	0	0	0	0	0.621	0	0	0
"c126751_g1_i2"	97.049	97.03	181.838	82.695	86.01	87.846	76.428	70.27	105.654	67.22	81.029	81.424	121.917	121.795	102.062	132.296	101.841	131.417	111.033	107.496	125.105	93.768	77.896	131.797	147.316	189.386	206.571	97.689	152.094	78.118	93.216	111.592	92.338	81.494	175.704	119.927	149.471
"c158030_g1_i1"	0	0	0	0	0.358	0	0	0	0	0	0.351	0	0	0	0	0	0	0	0	0	0	0.298	0	0	0	0.393	0	0	0	0	0	0	0	0	0	0	0
"c153495_g1_i1"	0	0	0	0	0	0	0	0	0	0	0	0	0	0	0	0	0	1.173	0	0	0	0.736	0	0	0	0	0	0	0	0	0	0	0	0	0	0	0
"c146433_g1_i1"	0.287	0.193	0.339	0.39	0.174	0.398	0.334	0.387	0.191	0.331	0.521	0.255	0.21	0.222	0.316	0.217	0.191	0.361	0.15	0.42	0.148	0.42	0.304	0.291	0.192	0.48	0.299	0.191	0.324	0.444	0.243	0.277	0.267	0.335	0.201	0.209	0.137
"c80821_g1_i1"	0	0	0	0	0	0	0	0	0.593	0	0	0	0.731	0	0	0	0	0.744	0.705	0	0	0.972	0	0	0	0	0	0	0	0	0.551	0	0	0	0.648	0	0
"c146620_g2_i6"	0.959	1.38	0.361	1.792	0.629	0.102	1.147	0.108	1.006	0.211	1.166	0.83	0.753	0.808	0.931	0.848	1.113	0.519	0.774	0.552	0.806	1.165	0.488	1.282	0.808	1.056	0	0.816	0.648	1.106	0	1.201	0.77	0.818	0.469	1.582	0.106
"c75039_g1_i1"	0	0	0.881	0	0	0.785	0	0	0.742	1.535	0	0	0	0	0.672	0.829	0	0	0	0	0	0	0.746	0	0	0	0	0	0	0	0	0	1.738	0.64	0	0	0
"c101026_g1_i1"	0	0	0	0.257	0.145	0.214	0.497	0	0	0.291	0	0.142	0	0	0.13	0.141	0	0	0	0.254	0.069	0.184	0.064	0.237	0.081	0.067	0.166	0	0.076	0	0	0.243	0.296	0.276	0	0	0.074
"c90193_g1_i1"	0.369	0.492	0	1.162	0.445	0	0	0	0	0	0	0.434	0	0.562	0	0	0	1.139	0	0.744	1.672	0	0	0.463	0	0.518	0.498	0	0	0	0.434	0.485	0	0	0	0.4	0
"c133502_g5_i4"	0.041	0.203	0.102	0.905	0.638	0.184	0.277	0	0.286	0.181	0.18	0.632	0.222	0	0.567	0.462	0.261	0.789	0.116	0.079	0.266	0.315	0.765	0.614	0.303	0.451	0.31	0.101	0.475	0.089	0.191	0.416	0.099	0.266	0.201	0.487	0.56
"c147060_g1_i5"	1.632	1.295	0.926	0.816	1.432	1.55	0.879	1.033	1.187	1.124	1.317	1.463	1.03	1.382	1.263	1.404	1.226	1.353	1.225	1.174	1.337	1.104	1.234	1.606	1.637	1.497	1.726	1.762	1.372	0.849	1.567	1.259	1.59	0.887	1.831	1.33	0.898
"c144320_g2_i1"	6.756	5.993	5.637	7.577	6.104	9.864	5.513	3.27	3.835	6.411	5.393	5.794	6.18	5.386	5.812	5.335	9.487	7.014	4.979	6.648	7.257	6.403	6.66	6.606	6.092	5.259	3.031	6.474	4.366	9.976	3.97	5.36	5.361	5.074	4.221	5.746	5.575
"c99875_g1_i2"	0.115	0	0	0.124	0.406	0.408	0.812	0	0.286	1.505	0.408	0	0.653	0.176	0	0.961	0.261	0.338	0	0.114	0.777	0.228	0.378	0	0.152	0	0	0	0	0.652	0.138	0.312	0.286	0.394	0	0	0
"c122300_g1_i2"	0.131	0.417	0.249	0	0.106	0.112	0.162	0.398	0.233	0	0.057	0	0.509	0.48	0.478	0.32	0.365	0.395	0.67	0.14	0.462	0.324	0.147	0.539	0.414	1.161	0.31	0.181	0.108	0	0	0.185	0.227	0.158	0.123	0.139	0.549
"c133137_g2_i1"	2.066	0.995	1.717	2.023	1.944	2.091	1.405	1.699	2.066	2.047	2.303	2.217	1.717	1.358	2.275	1.744	2.104	2.052	1.976	2.698	1.819	2.663	1.64	2.726	1.637	1.516	1.715	1.913	2.042	2.459	1.736	1.502	1.896	1.389	1.653	1.678	1.816
"c70022_g1_i1"	0	1.627	0	0	0	0	0	0	0	0	0	2.604	0	0	0	0	0	0	0	0	0	0	0	0	0	0	0	0	0	0	0	0	0	0	0	0	0
"c141056_g1_i5"	0.828	0.342	0.361	1.127	0.203	0.102	0.726	0.333	0.89	1.675	0	0	0.875	0.129	0.648	0	1.009	0.519	0.393	0.368	0.098	1.612	0.682	1.39	1.384	1.574	0.719	0.111	0.648	0.701	0.106	0.959	0.662	0.305	0.581	0.278	0.739
"c135637_g1_i2"	0	0.193	0	0.16	0.058	0.061	0.115	0.183	0	0.06	0.114	0.057	0	0.07	0.105	0	0	0.068	0	0.053	0	0.245	0.055	0	0.061	0.115	0	0.06	0.184	0.059	0.064	0.404	0	0.059	0.067	0.052	0.18
"c134713_g1_i2"	3.829	3.243	3.604	3.105	2.951	3.417	2.723	2.334	3.464	2.107	2.341	3.321	2.747	2.927	3.035	3.601	2.748	3	2.472	2.671	3.235	2.961	3.187	3.567	2.748	2.62	3.097	2.729	3.242	2.39	2.562	3.2	3.861	2.335	2.177	5.147	2.893
"c132746_g1_i1"	0.689	2.065	0.836	0.852	2.312	1.765	0.984	1.646	2.257	2.157	2.322	0.623	1.34	3.559	0.235	1.442	0.687	2.763	1.56	1.542	1.721	1.769	1.649	1.81	1.041	0.748	1.504	3.262	1.87	1.738	1.959	2.449	1.313	1.596	2.457	0.278	2.334
"c105824_g2_i1"	0	0	0	0	0	0.734	0	0	0	0	0	0	0	0	0.631	0	0	0	0	0	0	0	0	0	0	0.912	0	0	0	0	0	0	0	0	0	0	0
"c102293_g1_i1"	11.265	33.378	21.113	11.356	30.753	15.923	13.338	19.307	10.933	24.751	24.53	17.004	40.846	35.474	21.07	20.379	18.6	33.424	24.122	12.937	25.696	15.478	15.181	14.688	26.369	24.71	21.725	18.205	21.3	15.714	13.593	21.842	28.13	13.893	25.85	21.673	13.188
"c144294_g1_i3"	23.44	16.427	19.385	27.21	18.342	24.858	23.715	17.199	19.726	26.286	20.416	22.58	15.638	13.358	13.89	14.205	18.243	16.407	14.88	18.577	19.294	17.186	20.92	21.823	16.499	20.958	18.661	18.225	17.95	21.097	16.748	16.032	17.565	14.809	19.072	18.865	18.848
"c138559_g3_i1"	1.041	0.535	1.31	0.869	0.164	2.275	0	1.097	1.367	1.053	0.408	0.236	1.063	1.335	0.146	0.49	0.078	0	0.797	0.701	0.541	0.272	0.894	1.347	0.98	1.123	1.394	0.977	1.416	1.086	1.493	0.462	0.849	1.025	1.44	1	0.158
"c153431_g1_i1"	0	0	0	0	0	0	0	0	0	0	0	0	0	0	0	0	0	0	13.205	0	0	0	0	0	0	0	0	0	0	0	0	0	0	0	0	0	0
"c78064_g1_i1"	0	0	0	0	0	0	0	0	0	0	0	0	0	0	0	0.273	0	0	0	0	0	0	0	0	0	0	0	0	0	0	0	0	0	0	0	0	0
"c168805_g1_i1"	0	0.835	0	0	0.503	0	0.124	1.463	0	0	0	0.123	0	0.328	1.238	0	0	0.158	0	0.438	0	0	0	0.14	0.141	0	0	0.564	0	0	0	0	0.138	0.493	0	0	0
"c142292_g3_i1"	0.984	1.059	0.689	2.91	1.045	3.999	1.653	1.431	0.731	1.686	0.569	0.613	1.739	0.714	0.607	1.584	1.252	1.838	1.201	1.673	1.819	0.745	1.713	2.069	0.586	2.629	1.195	0.07	0.454	1.235	0	1.086	0	1.389	1.563	0.913	0.887
"c114731_g1_i1"	2.501	0.771	0.237	0.275	0.89	0.908	0.697	1.366	0.106	0.401	0.91	0.991	0.842	1.534	0.712	1.819	1.643	1.861	0.624	0.263	2.399	0.858	1.861	2.22	1.556	1.91	2.533	1.661	0.627	0.286	0.519	0.809	2.004	0.296	0.893	1.687	0.507
"c167529_g1_i1"	0	0	0	0	0	0	0	0	0	0	0	0	0	0	0	0	0	0	0	0	0	0	0	0	0	0	0	0	0	0.998	0.974	0	1.422	0	1.262	0	0
"c136184_g3_i1"	0.721	0.642	0	0.257	0.58	0.296	0.573	1.839	0.307	0.883	0.578	0.849	0.709	0.375	0.518	0	0.287	1.466	0.716	0.499	0.551	0.99	0.553	0.625	0.647	1.267	0.984	0	0.897	0	0.286	1.294	1.264	0.276	1.306	0.261	0
"c51094_g1_i1"	0	0	0	0	0	0	0	0	0	0	0	0	0	0	0	0	0	0	0	0	0	0	0	0	0	0	0	0	0	0	0	0	0	0	0	0	0
"c161460_g1_i1"	0	0	0	0	0.822	0	0	0	0	0	0	0	0	0	0	0	0	0	0	0	0	0.674	0	0	0.899	0	0	0	0	0	0	0	0	0	0	0	0
"c143861_g1_i1"	14.709	4.784	4.914	4.01	5.321	5.274	5.274	4.948	3.623	4.384	4.265	7.426	8.849	6.931	4.962	7.013	8.348	4.206	5.303	5.43	5.841	5.369	7.25	6.552	5.668	4.721	9.092	3.303	4.431	3.447	4.277	6.873	6.072	3.853	4.645	5.103	4.73
"c157074_g1_i1"	0.18	0	0	0	0	0	0	0	0	0.441	0	0	0	0	0	0	0	0	0	0	0	0	0	0.442	0	0	0	0	0	0	0.413	0	0	0	0.48	0	0
"c86521_g1_i1"	0	0	0	0	0	0	0	0	0	0	0	0	0	0	0	0	0	0	0	0	0	0	0	0	0	0	0	0	0	0.978	0	0	0	0	0	0	0
"c53889_g1_i1"	0.172	0	0.497	0	0.426	0.439	0	0	0	0	0.417	0	1.041	0	0.753	0.443	0.417	2.684	1.028	1.06	0	2.847	0.405	0.873	0	0	0.465	0	0	0.79	0.815	0.462	0.464	0	0.938	0.748	0
"c117128_g1_i4"	0	0	3.976	1.242	0	0	4.347	0	1.494	0	0	0	0	1.967	0	0	1.861	2.278	0	0	0	0	0	0	1.798	0	0	0	0	0	0	0	0	3.636	0	0	5.206
"c45099_g1_i1"	0	0	0	0	0	0	0	0	0	0	0	0	0	0	0	0	0	0	0	0	0	0	0	0	0	0	0	0	0	0	0	0	0	0	0	0	0
"c23013_g1_i2"	0.139	0	0	0.151	0	0	0.086	0.086	0.085	0	0.171	0	0.1	0	0.073	0	0	0	0	0.07	0	0.07	0.074	0	0	0	0	0.091	0.259	0	0	0	0.178	0	0	0	0.084
"c88489_g1_i1"	0.164	0	0.226	0	0.193	0.194	0	0	0	0	0	0	0	0	0.17	0	0.383	0	0.243	0	0.374	0	0	0.216	0.434	0	0	0.222	0	0.188	0	0	0	0	0.212	0	0
"c89500_g1_i1"	0.353	0.471	0	0.745	0	0	0	0.914	0	0	0	0	1.063	1.089	0.389	0	0.426	0	0.52	0.359	0	0	0.829	0	0	0	0.476	0.493	0.865	0	1.662	0.462	0.474	0.394	0.96	0.765	0.824
"c122046_g1_i3"	0.353	1.883	0	0	0	0	0	2.259	1.97	0	0	0	0	0	0	0	0.974	4.093	0	0	3.275	2.199	0	0	0.637	1.171	2.29	3.182	2.518	1.235	3.79	2.449	2.123	0	5.438	3.556	0
"c173406_g1_i1"	0	0	0	0	0	0	0	0	0	0	0	0	0	0	0	0	0	0	0	0.42	0	0	2.939	0	0	0	0	0	0	0	0	0	0	0	0	0	0
"c45304_g2_i1"	0	0	0	0	0	0	1.252	0.699	1.324	0	0.645	0	0	0	0.591	0	0	0	0	0	0	0	0	0	0	0	0	0.755	0	0	0	0	0	0	0	0	0
"c181212_g1_i1"	0.303	0.407	0	0	0	0	0.363	0	0	0	1.099	0.359	0.454	0	0.332	0	0	0.474	0	0	0	0.937	0	0	0.818	0	0	0	0	0	0	0	0.82	0	0	0	0
"c151369_g1_i1"	0	0.685	0	0	0	0	0	0.656	0	0	0	0	0	0	0	0.679	0	0	0.751	0.508	0	0	0	0	0	0	0	1.43	0	0	0	0	0	0	0	0	0
"c134666_g1_i1"	1.968	2.461	2.417	2.679	2.254	2.448	2.064	2.044	2.659	1.595	2.095	2.406	2.293	2.927	2.752	2.611	2.626	3.383	3.165	2.838	2.34	2.111	2.46	3.201	2.748	2.879	4.037	3.021	3.458	2.489	1.8	2.356	1.985	1.98	3.171	2.356	3.22
"c127959_g1_i2"	0.164	0	0.136	0.106	0.339	0.061	0.172	0.118	0.18	0.06	0.171	0.113	0.343	0.363	0.251	0.057	0.278	0.147	0.139	0.201	0.108	0.149	0.055	0.259	0.192	0.278	0.199	0.06	0.173	0.444	0.064	0.127	0.118	0.227	0.19	0.052	0.18
"c125405_g2_i1"	2.156	3.2	2.429	2.041	3.318	4.447	1.854	3.065	1.526	2.518	0.626	2.236	3.522	2.388	2.768	2.771	1.626	3.372	2.819	1.787	1.977	3.013	0.976	4.515	3.455	6.093	3.54	3.011	3.631	2.38	2.509	2.345	4.453	2.581	3.249	3.13	1.447
"c163727_g1_i1"	0	0	0	0	0	0	1.041	0	0	0	0	0	0	0	0	0	0	0	0.647	0	0	0	0.525	0	0	0	0.586	0	0	0	0	0	0	0	0	0.478	0
"c143985_g1_i1"	5.731	6.539	8.054	7.985	5.117	8.925	7.73	8.551	12.3	8.498	8.227	6.445	11.275	7.06	6.427	9.436	3.913	8.976	5.857	9.083	7.651	8.059	5.039	9.559	5.335	7.139	7.92	5.478	10.493	8.949	11.18	9.425	8.383	5.734	10.999	5.712	12.85
"c102463_g1_i1"	3.493	3.778	2.519	0.222	3.947	4.131	3.736	2.84	20.86	1.033	2.872	2.151	4.762	19.318	2.396	3.271	2.374	8.04	11.437	0.105	4.75	2.33	1.336	7.641	4.476	3.742	10.044	4.058	9.467	3.092	4.065	6.711	4.799	4.818	24.823	9.632	3.315
"c122766_g1_i1"	0.213	0.332	0.237	0.364	0	0.204	0.306	0.215	0.328	0.311	0.313	0.302	0.244	0.129	0.089	0	0	0.124	0	0.088	0.393	0.088	0	0.345	0.222	0	0.232	0	0.638	0.296	0.212	0.116	0	0.995	0	0	0.412
"c178084_g1_i1"	0	0	0	0	0	0	0	0	0	0	0	0	0	0	0	0	0	0	0	0	3.216	0	0	0	0	0	0	0	0	0	0	0	0	0	0	0	0
"c49652_g1_i1"	0	0	0	0	0	0	0	0	0	0	0	0	0	0	0	0	0	0	0	0.289	0	0	0	0	0	0	0	0	0.702	0	0	0	0	0	0	0	0
"c52230_g1_i1"	49.135	58.002	135.523	61.562	76.075	79.064	49.025	109.82	95.017	92.002	140.619	59.617	88.713	128.667	68.608	111.238	61.842	127.763	88.089	75.955	71.993	109.579	66.575	106.612	108.246	70.041	89.851	76.826	127.293	46.492	84.249	154.78	38.586	65.167	134.087	51.761	125.471
"c147212_g2_i1"	14.414	3.007	5.242	7.665	7.197	3.978	19.138	2.463	11.304	10.655	9.81	6.133	2.835	4.976	17.864	2.404	10.469	10.239	12.026	9.6	0.747	8.821	3.851	6.584	1.95	3.253	1.549	4.793	3.415	2.795	1.577	0.878	14.83	6.178	6.331	0.174	0
"c17267_g1_i1"	0	0	0	0	0	0	0	0	0	0.983	0.91	0	0	0	0	0	1	1.252	0	0	0	0	0	0	0	0	0	0	2.756	0	0	0.936	0	0	0	0	0
"c142825_g7_i1"	0.336	0.15	0.237	0.124	0.532	0.204	0.545	0.14	0.869	0.341	0.682	0.33	0.565	0.948	0.599	0.207	0.322	0.496	1.005	0.412	0.649	0.35	0.378	0.302	0.748	0.47	0.465	0.302	0.702	0.523	0.836	0.312	0.494	0.463	0.301	0.296	0.623
"c140748_g1_i3"	2.345	1.723	1.559	1.934	1.703	2.203	2.828	2.033	2.415	1.665	2.445	1.491	1.384	1.522	2.105	1.697	2.73	2.278	1.987	2.295	1.691	2.505	2.22	2.123	2.152	2.293	2.257	1.621	2.151	2.124	1.831	1.894	1.925	1.458	1.932	2	2.112
"c171658_g1_i1"	0	0	0	0	0	0	0	0	0	0	0	0	0	0	0	0	0	0	0	0	0	0	0	0	0	0	0	0	0	0	0	0	0	0	4.924	0	0
"c111130_g1_i1"	0.369	0	1.581	0	0.445	0	0	0	0	0	0.881	0.434	0	1.698	0	0	0	0.575	0.543	0.377	0.413	0.753	0.433	0	0	0	0.984	1.53	0	0	0	0	0.494	1.222	0.994	0.4	0
"c166454_g1_i1"	0	0	0	0	0	0	0	0	0	0	4.625	0	0	0	0	0	0	0	0	0	0	0	0	0	0	0	0	0	0.94	0	0	0	0	0	0	0	0
"c138472_g2_i1"	0	0	0	0	0	0	0	0.204	0	0.191	0	0	0	0	0	0	0.191	0	0.243	0.166	0	0	0	0	0	0	0	0	0	0	0	0.219	0.415	0.374	0	0	0
"c144630_g1_i1"	1.295	2.579	1.966	1.774	1.635	1.754	1.586	0.828	1.324	1.395	0.995	1.34	1.44	1.405	1.376	1.075	1.739	1.545	2.137	1.577	1.544	1.095	1.216	1.789	1.728	1.487	2.544	1.128	1.264	1.985	1.45	1.063	1.985	1.754	2.267	1.234	1.911
"c82810_g3_i1"	0	0.439	0	0	0.203	0	0.201	0	0	0	0.398	0	0	0	0	0	0	0.496	0	0	0	0	0	0	0	0.211	0.232	0	0	0	0.402	0	0	0	0.223	0	0
"c155809_g1_i1"	0	0	0	0.293	0.339	0.347	0	0	0	0	0	0	0	0	0	0	0	0	0	0	0	0	0.322	0.356	0	0	0	0	0	0	0	0	0	0	0	0	0
"c110483_g1_i3"	0.328	0	0.113	0	0.193	0.398	0.296	0.108	0.318	0.201	0.104	0	0.122	0.129	0.178	0.302	0.096	0.372	0	0.088	0.187	0.166	0.645	0	0	0.297	0.232	0	0.108	0.385	0.413	0.116	0.207	0.384	0	0.174	0.201
"c39282_g1_i1"	1.123	2.044	2.214	3.043	0	1.979	0.869	1	1.812	1.926	0.891	0.859	2.392	1.147	0.842	4.232	0	1.229	1.098	5.825	0	0.762	0	0.873	1.02	5.527	0	0	4.506	1.659	2.467	3.662	0	0.778	3.093	1.634	0
"c179849_g1_i1"	0.172	0.15	0	0	0.135	0	0.134	0	0	0	0	0	0.166	0.176	0	0	0	0.338	0.335	0.114	0	0	0	0.442	0	0	0.619	0.302	0.14	0.257	0.138	0	0	0.128	0	0	0
"c137016_g1_i3"	1.238	1.83	1.932	0.994	0.909	0.877	1.185	0.774	1.081	0.883	1.156	0.698	1.672	0.901	0.656	1.404	0.922	0.97	1.952	1.077	1.593	1.051	1.455	1.078	1.697	1.881	1.471	1.057	2.453	1.017	0.995	1.375	1.145	1.301	2.055	1.939	0.982
"c63389_g1_i1"	0	0.738	0	0	0.677	0	0	0	0	0	0	0	0	0.831	0.599	1.461	0	0	0	0.543	1.219	0	0	0	0.738	0	0	0.775	1.318	0	0.614	0	0.77	0	0	0	0.612
"c93028_g1_i1"	0.156	0.417	0	0	0.377	0.775	0	0	0	0.381	0	0	0	0.48	0	0.396	0	0	0	0	0	0	0	0	0	1.276	0	0.856	0	0	0	0.82	0	0	0	0	0
"c152513_g1_i1"	0	0	0	0	0	0	2.991	0	0	0	0	0	0	2.025	0	0	0	0	3.859	0	0	0	0	1.401	0	4.203	0	0	1.556	0	1.334	0	0	0	0	0	1.341
"c119364_g1_i2"	0.361	0.235	0.124	0.098	0.745	0.979	0.325	0.333	0.117	0.431	0.322	0.528	0.133	0.41	0.38	0.217	0.313	0	0.659	0.096	0.098	0.184	0.295	0.711	0.121	0.537	1.239	0.473	0.67	0	0.551	0.37	0.79	0.424	0.234	0.191	0.327
"c177512_g1_i1"	0	0	0	0	0	0	0	0	0	0	0	0	0	0	1.044	0	0	0	0	0	0	0	0	0	0	0	0	0	0	0.998	0	0	0	0	0	0	0
"c132528_g1_i1"	0	0.214	0	0	0.193	0	0	0.204	0.201	0.191	0	0.189	0	0	0	0	0	0	0	0.333	0	0	0	0	0	0.202	0	0.211	0	0	0	0	0	0	0.212	0	0.19
"c46762_g1_i1"	0	0	0	0.222	0.252	0.255	0.248	0	0	0	0	0.736	0.144	0	0	0.123	0	0.158	0.312	0.219	0.118	0	0	0.269	0	0	0.144	0.141	0.13	0	0.381	0.139	0.395	0	0.134	0	0
"c36003_g1_i1"	0	0	0	0	0	0.602	0	0	0	0	0	0	0	0	0.526	0	0	0	0	0	0	0	0	1.164	0	0	0	0	0	0	0	0	0	0	0	0	0
"c154586_g1_i1"	0	0	0	0	0	0	0	0	0	0	0	0	0	0	0.898	0.537	0	0	0	0.42	0	0	0	0	0	0	0	0	0	0	0	0	0	0	0	0	0
"c143874_g1_i1"	0	0	0	0	0	0	0	0	0	0	0	0	0	0	0	0	0	0	0	0	0	0	0	0	0	0	0	0	0	0	0	0	0	0	0	0	0
"c116304_g1_i2"	0	0	0	0	0	0	0	0	0	0	0	0	0	0	0	0	0	0	0	0	0	0	0	0	0	0	0	0	0	0	0	0	0	0	0	0	0
"c46524_g1_i1"	0.303	0	0	0	0	1.571	0	0.796	0	0	0	0	0	0.925	0	0	0	0	0.89	1.191	0	0	0	2.177	0	0	0	0.866	0	0	0.678	0	0.869	0	0	0	0
"c137784_g1_i3"	0.213	0.161	0.203	0.515	0.232	0.184	0.182	0.688	0.222	0.211	0.303	0.359	0.288	0.304	0.372	0.302	0.113	0.259	0.254	0.289	0.256	0.158	0.221	0.334	0.333	0.461	0.21	0.393	0.151	0.523	0.159	0.104	0.306	0.355	0.234	0.261	0.306
"c47669_g1_i1"	0.385	0	0.373	0	0	0	0	0	0	0	0	0	0	0	0	0	0	0	0	0	0	0.263	0	0	0	0	0	0	0	0	0	0	0.346	0	0	0.278	0.306
"c140840_g1_i1"	0.295	0	0	0.08	0.174	0.184	0.086	0.097	0.286	0.09	0.095	0.179	0	0.222	0.397	0.179	0.087	0.327	0.335	0.158	0.089	0	0.083	0.097	0.495	0.182	0	0.201	0.184	0.089	0.095	0	0.188	0.266	0.201	0.156	0
"c141002_g1_i2"	2.033	3.531	5.795	2.555	4.227	4.519	4.128	3.162	6.166	3.461	3.156	2.85	4.497	4.156	3.116	2.922	4.469	4.996	4.217	4.213	3.422	3.145	3.639	3.955	2.91	4.779	5.674	3.534	3.761	3.042	3.292	3.927	4.038	3.508	5.728	2.191	5.607
"c91172_g1_i1"	0.164	0.107	0.35	0.089	0.3	0.102	0.096	0.108	0	0	0.104	0.396	0	0	0.089	0.207	0	0	0.127	0.35	0	0.088	0	0	0	0.096	0.343	0.332	0.108	0	0.106	0.116	0.207	0.099	0.112	0	0.106
"c70018_g1_i1"	0	0	0	0	0	0	0	0	0	0	0	0	0.443	0	0	0	0	0	0	0	0	0	0.35	0	0	0	0.409	0	0	0	0	0	0	0	0	0	0
"c27972_g1_i1"	0.976	0	0	0	0	0	0	0	0	0	0	0	0	0	0	0	0	3.631	0	0	0	0	0	0	0	0	0	0	0	0	0	0	0	0	0	0	0
"c106817_g1_i1"	0	0	1.525	0	0	0	1.156	0	0	0	0	0	0	0	0	0	0	0	0	0	0	0	0	1.121	0	0	1.261	0	1.2	0	0	0	0	1.99	0	1.113	0
"c170970_g1_i1"	0	0	0	0	0	0	0	0	0	0	0	0	0	0	0	0	0	0	0	0	0	0	0	0	0	0	0	0	0	0	0	0	0	0	0	0	0
"c131461_g2_i1"	0.107	0	0.599	0.231	1.025	0	0	0.538	0.265	0.261	0.256	0.255	0.31	0.328	0	0.264	0.504	0.97	0.312	0.219	0.728	0.219	0	0	0.283	0	0.288	0.574	0.53	0	0.773	0	0.553	0.246	0.29	0.452	0
"c170234_g1_i1"	0	0	0	0	0.222	0	0	0	0	0	0	0	0	0	0	0	0	0	0	0	0	0	0	0	0	0	0.254	0	0	0.207	0.222	0	0.237	0	0	0	0
"c171133_g1_i1"	0	0	0	0	0	0	0	0	0	0	0	0	0.421	0	0	0	0	0	0	0	0	0	0	0.356	0	0	0	0	0	0	0	0	0	0	0	0	0
"c151263_g1_i1"	0	0	0	0	3.802	0	0	0	0	0	0	0	0	0	0	0	0	0	0	0	0	0	0	0	0	0	0	0	0	0	0	0	0	0	0	0	0
"c111876_g1_i1"	0.5	0.567	0.203	1.854	1.035	1.051	0.516	0.731	2.193	1.224	1.043	2.038	1.872	0.445	0.461	1.942	1.678	1.071	1.063	1.042	0.492	0.149	0	0.194	2.101	1.247	3.54	1.732	0.53	0	0.349	0	1.471	0.67	0.581	0.922	0.866
"c159078_g1_i1"	0	0	0	0	0	0	0	0	1.197	0	0	0	0	0	0	0	0	0	0	0	0	1.025	0	0	0	0	0	0	0	0	0	0	0	0	0	0	0
"c146565_g1_i2"	4.87	3.681	4.496	3.362	4.643	4.08	3.917	4.087	3.634	3.682	4.559	4.435	3.81	3.442	4.5	4.996	4.756	5.21	4.506	3.845	4.366	4.616	3.915	3.233	4.183	4.261	4.358	4.35	3.674	3.763	3.568	3.673	3.851	3.32	3.54	4.99	3.611
"c37210_g1_i1"	0	0	0	0	0	0	0	0	0	0	0.171	0	0	0	0	0	0	0	0	0.438	0	0	0	0	0	0	0	0	0	0	0	0.762	0	0.158	0	0	0
"c146553_g4_i6"	1.082	0.257	0.271	0.426	0.822	0.122	0.468	0.129	0.127	0	0.72	0.113	0.288	0	0.421	0.236	0.226	0.293	0	0.412	0.344	1.016	0.111	0.129	0.263	0.835	0.133	0.262	0.119	0	0.243	0.809	0.128	0.463	0.134	1.574	0.475
"c136839_g3_i2"	0.795	0.76	0.746	0.781	0.803	0.551	0.354	0.57	0.636	0.813	0.502	0.406	0.676	0.457	0.526	0.518	0.774	0.846	0.624	1.463	0.413	0.473	0.654	0.506	1.101	0.528	0.774	0.292	0.692	0.069	0.498	0.67	0.227	0.335	0.346	1.078	0.412
"c133361_g1_i3"	0	0	0.486	0	0.135	0.836	2.064	1.452	0.879	0.973	0.834	0.274	0.166	0.878	0.364	0.566	1.07	1.207	0.347	0.123	0.393	0.473	0.129	0.151	0.616	0.844	0	0	0.713	0.395	0.985	1.259	0.444	1.212	0.156	0	0.971
"c92944_g3_i1"	0	0	0	0.169	0	0.092	0	0	0	0.09	0.095	0.094	0	0	0	0	0	0	0.116	0	0	0	0.175	0.108	0.101	0	0.111	0	0	0	0	0.219	0	0	0	0	0
"c67358_g1_i2"	0	0	0	0	0	0	0	0	0	0	0	0	0	0	0	0	0	0	0	0	0	0	0	0	0	0	0	0	0	0	1.26	0	0	0	0	0	0
"c143575_g4_i2"	0.049	0.118	0.395	0.204	0.222	0.224	0.115	0.237	0.233	0.451	0.114	0.113	0	0.281	0	0.339	0.322	0	0	0.193	0.433	0.674	0.101	0.248	0.121	0.221	0.133	0.252	0.227	0	0.233	0.254	0.118	0.108	0	0	0.116
"c162204_g1_i1"	0	0	0.305	0	0	0	0	0	0	0	0	0	0	0	0	0	0	0	0	0	0	0	0	0	0	0	0	0	0.811	0	0	0.589	0	0.503	0	0	0
"c150806_g1_i1"	0	0	0	0	0	0	0	0	0	0	0	0	0	0	0	0	0	4.353	5.095	0	0	0	0	0	0	0	0	0	0	0	0	0	0	0	0	0	0
"c104498_g1_i1"	0.394	0.257	0.271	0.417	0.706	0.245	0.936	0.247	0.498	0.953	0.237	0.226	0.576	0.597	0.21	0.49	0.922	0.293	0.289	0.403	0.669	0.604	0.221	0.506	0	0	0.531	0.795	0.486	0.454	0.233	0.266	0.76	0.227	0.268	0.626	0.465
"c109947_g1_i3"	0.353	0	0	0.506	0.29	0	0	0.301	0	0.291	0.284	0.84	0.698	0	0.259	0.594	0	0	0.358	0.49	0	0	0	0.302	0	0	0.973	0.644	0.584	0.277	0	0.635	0	0.266	0.648	0.513	0
"c158802_g1_i1"	0	0	0	0	0	0	0	0	0	0	0	2.17	0	3.091	0	0	3.313	0	0	0	0	0	0	0	5.739	0	0	0	0	0	0	0	0	1.714	0	0	0
"c149775_g1_i1"	0.221	0	0	0	0.271	0.275	0	0	0.275	1.084	0	0	0	0	0.235	0	0	0	0	0	0.256	0	0	0	0	0	0	0.302	0	0	0	0	0	0.256	0.301	0	0
"c57762_g1_i1"	0	0	0	0	0.426	0	0	0	0	0	1.251	0	0	0	0	0	0	0	0	0	0	0.359	0	0	0	0	0	0	0	0	0	0	0	0	0	0	0
"c116559_g2_i1"	2.878	3.296	2.304	3.079	2.341	2.938	2.57	2.624	2.935	2.659	2.54	2.236	2.713	2.693	3.343	3.186	2.956	2.515	3.258	2.619	2.635	3.258	3.169	2.339	3.001	3.032	2.876	3.715	2.129	2.4	2.7	2.749	3.525	3.212	2.512	2.869	2.513
"c97947_g1_i2"	0	0	0	0.231	0.261	0	0	0	0	0	0	0.255	0	0	0	0	0	0	0.323	0	0	0	0	0	0	0	0.299	0	0	0	0	0.3	0	0	0	0	0
"c68023_g1_i1"	0	0	0	0	0	0	2.14	0	0	0	0	0	0	0	0	0	0	0	0	0	0	0	0	0	0	0	0	0	0	0	0	0	0	0	0	0	0
"c105067_g1_i2"	0	0	0	0	0	0	0	0	0	0	0	0	0	0	0	0	0	0	0	0	0	0	0	0	0	0	0	0	0	0	0	0	0	0	0	0	0
"c181705_g1_i1"	0.533	0	0	0	0	0	0	0	0	0.672	0.645	0	0	0.82	0	1.442	0	0	0	0.534	1.21	0	0.654	0	0.727	0.844	0	0	0	0	0	0	0	0	0	1.156	0
"c143061_g1_i5"	0	0	0.429	0	0	0	0	0	0	0	0	0	0	0	0	0	0	0	0	0	0.344	0	0	0	0	0	0	0	0.367	0	0	0	0	0	0	0	0
"c126441_g1_i1"	0.82	0.621	0.87	1.269	0.745	1.142	1.213	1.377	0.699	0.943	1.043	0.84	0.786	0.726	0.413	0.952	0.452	0.925	1.167	0.823	0.452	1.445	0.783	0.841	0.727	0.653	0.863	1.037	0.778	0.909	0.582	0.323	0.592	0.739	0.737	0.496	0.76
"c71084_g1_i1"	0	0	0	0	0	0	0	0	0	0	0	0	0	0	0	0	0	0	0	0	0	0	0	0	0	0	0	6.686	0	0	0	0	0	0	0	0	0
"c161838_g1_i1"	0	0	0	0.284	0	0	0	0	0	0	0	0	0	0	0	0.33	0.626	0	0	0	0	0	0	0	0	0	0	0	0	0	0	0	0	0	0	0	0
"c146293_g1_i2"	2.845	2.9	1.977	4.729	2.873	3.489	3.688	2.442	4.121	2.007	2.36	2.293	3.876	4.016	2.825	3.139	2.209	2.932	3.027	3.959	2.999	3.39	3.823	4.063	3.021	4.049	4.259	2.316	2.907	3.131	4.51	2.056	2.143	3.163	2.345	2.782	4.129
"c110830_g1_i2"	0	0	0	0	1.006	0	0	1.065	0	0	0	0.906	0	0	0	0	0	0	0	0	0	0	0	0	0	0	0	0	0	0	0	0	0	0	0	0	0.866
"c141503_g2_i2"	2.714	0.771	1.22	1.659	1.587	2.418	2.561	1	1.716	1.686	1.934	1.293	1.606	1.288	5.852	1.207	2.591	1.545	1.56	5.877	1.495	1.874	2.165	0.625	1.162	1.219	1.515	0.856	2.161	1.679	1.196	1.282	1.797	1.744	1.686	1.826	1.024
"c167732_g1_i1"	0	0	0	0	0	0	0	0	0	0	0	0	0	0	0	0	0	0	0	1.086	0	0	0	0	0	0	0	0	0	0	0	0	0	0	1.63	0	0
"c6288_g1_i1"	0	0	0	0	0	0	0	0	0	0	0	0	0	0.843	0	0	0	0	0	0	0	0	0	0	0	0	0	0	0	0	0	0	0.78	0	0	0	0
"c180089_g1_i1"	0	0	0	0	0	0	0	0	0	0.331	0.654	0	0	0	0	0	0	0	0	0	0	0	0	0	0	0	0	0	0.67	0	0	0	0	0	0	0	0
"c157858_g1_i1"	0	0	0	0	0	0	0	0	0	0	0	0	0	0	0	0	0	0	0	0	0	0.245	0	0	0	0	0	0	0	0	0	0	0	0	0	0	0
"c113871_g2_i3"	0	1.712	2.203	2.307	0	1.581	0	0.086	0	0.08	1.583	0	0	0.105	2.687	0	2.139	2.436	2.345	2.812	0.315	2.47	2.054	2.748	1.364	0	1.228	1.722	2.053	0	0.169	0	0.178	1.133	0	0.07	2.006
"c124959_g2_i1"	0.262	0.407	0	0.337	0	0.51	0.248	0	0.127	0.13	0.256	0.613	0	0	0.113	0.123	0.122	0.158	0	0.219	0.118	0.21	0.12	0.14	0	0.125	0	0.272	0	0.237	0.254	0.139	0.267	0.118	0.558	0.443	0.127
"c89818_g1_i1"	0	0	0	0	0	0	0	0.215	0	0.401	0	0	0	0	0	0	0	0.248	0	0	0.187	0	0.184	0	0	0	0	0	0	0	0	0.231	0.217	0.197	0	0	0
"c83448_g1_i1"	0	0	0	0	0	0	0.44	0	0.466	0.451	0	0	0	0	0	0	0.217	0.282	0	0	0	0.193	0	0	0	0	0	0	0	0	0	0	0.237	0	0	0	0
"c139148_g1_i1"	3.066	1.327	0.418	1.304	1.2	2.203	0.124	2.033	0.9	2.067	1.706	1.312	1.163	1.077	0.324	0.98	1.635	3.902	0.451	0.315	1.505	1.139	0.672	0.797	1.475	1.219	0.83	1.873	2.248	0.464	1.853	2.495	1.659	1.645	1.485	3.112	0.127
"c138138_g1_i2"	0.435	0.631	0.587	0.302	0.3	0.173	0.373	0.247	0.54	0.542	0.133	0.736	0.078	0.176	0.413	0.198	0.191	0.451	0.081	0.587	0	0.228	0.12	0.754	0.404	0.461	0.199	0.373	0.389	0.296	0.487	0.347	0.138	0.404	0.525	0.443	0.38
"c143710_g3_i1"	0.189	0	0	0	0	0.479	0	0.495	0	0	0	0	0	1.171	0.834	0.5	0	0	0	0	0	0.394	0	0.485	0	0.547	0.509	0	0.465	0	0	0	0	0.424	0	0	0
"c133768_g1_i5"	2.935	11.065	2.745	7.985	14.675	7.283	9.364	1.925	13.984	10.535	1.583	8.247	1.573	2.002	10.887	2.922	1.643	2.267	8.561	4.773	1.377	3.127	8.761	6.638	0.869	0.931	5.088	8.116	11.617	14.44	11.349	2.691	1.106	2.03	11.691	5.677	11.699
"c93845_g1_i1"	0	0	0	0	0	0	0	0	0	0.682	0	0	0	0	0	1.461	0	0	0	0	1.219	0	0	0	0	0	0	0	0	0	0	0	0	0	0	0	0
"c163246_g1_i1"	0	0	0	0	0	0	0	0	0	0	0	0	0	0	0	0.434	0	0	0	0	0	0	0	0	0.455	0	0	0.463	0	0	0	0	0	0	0	0	0
"c125868_g1_i3"	0.164	0.15	0	0	0.193	0.133	0	0.28	0	0.07	0.066	0.066	0	0.176	0	0.264	0.322	0.079	0	0	0.059	0	0.064	0	0	0.067	0.077	0.151	0.14	0.128	0.064	0.15	0.207	0.069	0	0.122	0
"c120576_g1_i1"	0.107	0.546	0	0.444	0	0.255	0.248	0	0	0	0.246	0	0.299	0	0	0.255	0	0.316	0	0	0.236	0.21	0.24	0	0.556	0.528	0	0.282	0	0	0	0	0.533	0	0	0	0.243
"c137404_g2_i4"	0.279	0.364	0.418	0.355	0.416	0.286	0.334	0.29	0.413	0.391	0.398	0.528	0.133	0.363	0.267	0.283	0.27	0.62	0.416	0.342	0.295	0.219	0.286	0.216	0.283	0.192	0.454	0.211	0.432	0.326	0.148	0.485	0.316	0.503	0.346	0.443	0.338
"c165937_g1_i1"	0.18	0	1.028	0.381	1.761	0.908	1.28	1.398	0	1.796	0	0	0	0.55	0	0	0	0.564	0	1.104	0.413	0	0.424	0.453	0	1.017	0	0	0.443	0.415	0	0	0	0	0	0.391	0
"c142688_g4_i3"	0.369	2.258	0.226	0.976	1.944	1.387	0.783	1.441	1.25	0.692	1.488	1.161	0.709	1.253	0.348	0.5	0.661	0.248	0.243	0.429	0.187	1.095	1.723	0.216	0.434	0.691	1.349	0.433	0.303	2.262	0.402	0.45	1.343	0.956	0.983	2.086	1.784
"c2612_g1_i1"	0	1.017	0	0.763	0.948	0.989	1.739	0	0	0	0	0	0	0	0	0	0	0	0	0	0	0	0	0.873	0	0	0	0	0	0	0	0	0	0	0	0	0
"c151848_g1_i1"	0	0	0	0	0.397	0	0.201	0	0	0	0	0	0	0	0	0	0	0	0	0	0	0.166	0	0.431	0	0	0	0	0	0.385	0.201	0	0	0	0	0	0
"c146321_g2_i2"	0.328	0.139	0.203	0.515	0.339	0.347	0.22	0.366	0.18	0.09	0.085	0.302	0.255	0.164	0.113	0.217	0.122	0.429	0.162	0.307	0.167	0.07	0.157	0.151	0.192	0	0.1	0.191	0.184	0.247	0.36	0.046	0.138	0.039	0.246	0.113	0.042
"c98761_g1_i1"	0.131	0	0.361	0.284	0.126	0.061	0.506	0.129	0.064	0.06	0.066	0.189	0	0	0	0	0	0	0	0.28	0.059	0.166	0	0.216	0.071	0.307	0	0.07	0.259	0.059	0	0.219	0.128	0.128	0.279	0.113	0.127
"c167968_g1_i1"	0.402	0	2.361	0.807	0	0	0	0	0	0	0	0.906	0	0	0	0	0	0	0	0	0.885	0	0	3.675	0	0	0	1.168	0	0	0.868	0	1.205	0	3.294	0.869	0
"c174546_g1_i1"	0	1.926	0	0	0	1.856	0	0	0.858	0	0	0	0	0	0	1.979	0	0	0	0	2.37	4.327	0	0	0	0	0	0	0	0	0	0	1.047	1.468	0	0	0.781
"c107302_g1_i1"	0	0	0.452	0	0.387	0	0.382	0	0	0	0.777	0.377	0	0	0	0	0	0.496	0	0.324	0	0	0	0	0.434	0	0	0.443	0	0.365	0.381	0	0	0	0	0.348	0
"c183338_g1_i1"	0	0	0	0	0	0	0	0	0	0	0	0	0	0	0	0	0	0	0	0	0	0	0	0	0	0	0.454	0	0	0.78	0	0	0	0	0.458	0	0
"c167942_g1_i1"	0	0	0	0	0	0	0	0	0	0.662	0	0	0	0	0	0	0	0	0	0	0	0	0	0	0	0	0	0	0.335	0	0	0	0	0.305	0.357	0	0
"c131272_g1_i3"	0.074	0	0.215	0	0	0.194	0.277	0.097	0	0	0.379	0.094	0.111	0.234	0	0	0	0	0	0.324	0.089	0	0	0.205	0.202	0	0.111	0	0	0.178	0	0	0	0	0.212	0.165	0.095
"c86553_g1_i1"	0.172	0.46	0	0	0.416	0	1.213	0	0.858	0	1.64	0.802	0	0	0	0	0	1.049	0	0	0	0	0	0	0	0	0	0	0	0	0	0.901	0	0	0	0	0
"c130659_g2_i2"	0.705	0.567	0.892	0.55	0.6	1.622	1.233	1.14	0.911	0.682	1.469	1.198	0.288	0.878	1.085	0.764	1.174	0.913	0.404	0.797	0.816	0.35	0.626	0.862	0.606	0.796	0.796	0.423	0.681	0.77	0.91	0.705	1.313	1.222	0.491	1.434	0.644
"c121751_g1_i1"	0.09	0	0.994	0.186	0	0.214	0.42	0	0	0	0.427	0.208	0	0	0	0.217	0	0.271	0.266	0.184	0	0	0	0	0	0	0.243	0.242	0	0.207	0	0	0	0.207	0	0.191	0.845
"c68811_g1_i1"	0.066	0.171	0.181	0	0.155	0.163	0	0.161	0	0	0	0.311	0	0.199	0	0	0	0	0.196	0	0	0	0	0	0	0.163	0.177	0	0.162	0	0	0	0.168	0	0.357	0	0
"c116923_g1_i1"	0.344	0	0	0	0	0	0	0	0	0	0	0	0	0	0	0	0.896	0	0	0	0	0	0	0	0	0	0	0	0	0	0	0	0	0.729	0	0.756	0
"c41296_g1_i1"	0	1.134	0	0	0	0	0	0	0	0	0	0	0	2.541	0	1.197	2.209	1.376	0	0	0.924	0.85	0	0.948	0	0	0	1.228	0	0	0	0	0	0	2.289	0	0.898
"c131372_g1_i3"	1.246	1.798	0.825	0.843	1.587	0.928	1.137	0.409	1.102	1.003	1.336	1.453	1.395	1.545	1.506	1.178	1.809	1.049	1.329	1.349	1.229	2.137	1.575	1.563	1.334	1.804	1.936	1.178	1.07	0.968	1.217	1.282	1.333	0.877	1.228	1.139	0.982
"c163045_g1_i1"	0	0	0	0	0	0	0	0	0.456	0	0	0	0	0	0	0	0	0	0	0	0	0.368	0	0	0	1.017	0	0	0	0	0	0	0	0.404	0	0	0.422
"c130257_g1_i1"	185.096	190.133	278.874	110.997	119.984	267.68	288.724	215.176	203.934	171.592	169.537	112.487	214.783	132.273	116.599	176.203	102.267	108.954	189.672	159.452	138.715	69.339	114.55	217.88	181.828	191.228	207.201	168.374	219.377	86.079	202.417	259.141	180.41	147.341	229.627	234.334	229.94
"c145751_g2_i1"	1.025	0.92	1.999	1.393	0	1.785	0.793	0.904	1.663	0.873	5.668	0.783	0	0	0.761	0	0	0	3.997	0.666	0	0	0	0	0	0	3.518	1.974	0	0	1.514	0.843	0	0	0.938	0	0
"c133036_g1_i2"	0.558	0.193	0.52	0.24	0	0.724	0.268	0.28	0.286	0.451	0.36	0.264	0.21	0.234	0.162	0.547	0.261	0	0.439	0.236	0.167	0.385	0.249	0.205	0.101	0.269	0	0.695	0.562	0.346	0.466	0.624	0.938	0.443	0.1	0.713	0.18
"c123462_g1_i1"	0.082	0	0	0	0	0	0	0	0	0	0	0.198	0	0.515	0	0	0.2	0	0.254	0	0	0	0	0	0	0	0	0	0	0	0	0.462	0	0.197	0	0	0
"c93403_g1_i1"	0.197	0.289	0	0.612	0.048	0	0	0	0	0	0.474	0	0.066	0	0.826	0	0	0	0.381	0.639	0.049	0.088	0.479	0	0.061	0.048	0	0.111	0	0.247	0.159	0	0.267	0	0	0.183	0
"c60606_g1_i1"	0	0	0	0	0	0	0	0	0.477	0.472	0	0.443	0	0	0	0	0	0.598	0	0	0	0.394	0	0	0	0	0	0	0	0	0	0	0	0.847	0	0	0
"c181207_g1_i1"	0	0	0	0	0	0	1.366	0	0	0	0	0	0	0	0	0	0	0	0	0	0	0	0	0	0	0	1.471	0	0	1.294	0	0	0	0	0	0	0
"c135039_g1_i2"	0.607	0	0.305	0.24	0	0	0	0	0.138	0.13	0.531	0	0	0.34	0.469	0.132	0.261	0.327	0.82	0.35	0.629	0.683	0.12	1.175	0.879	1.209	0.763	0.151	0	0.257	0	0	0.276	0.256	0.447	0.235	0.137
"c138076_g1_i5"	0.435	1.145	1.22	0	0.174	0.357	0	0.366	0.731	0	1.753	2.397	0	1.335	0	1.244	0	1.522	0	0	0	1.936	0	0	0	1.622	1.98	0	0	1.333	0	0	0.188	1.173	0	1.547	0.348
"c132482_g1_i2"	0.066	0	0.192	0.302	0.667	0.173	0.334	0	0.18	0.171	0	0.33	0	0.211	0	0.17	0	0.203	0.416	0.289	0.315	0	0	0.183	0	0	0.376	0.554	0.346	0	0.169	0.185	0.178	0.158	0	0.148	0.169
"c150476_g1_i1"	0.123	0	0	0.089	0	0.194	0.096	0	0.201	0.1	0	0	0.111	0.129	0.259	0.094	0	0	0	0.088	0	0	0.092	0.108	0	0	0	0.211	0	0	0.201	0	0.207	0	0	0	0
"c142261_g1_i1"	29.368	47.151	36.815	34.441	46.647	35.243	32.075	40.873	41.083	35.847	33.667	40.509	39.816	37.64	33.834	40.023	35.643	44.181	36.657	35.324	39.04	46.547	47.884	37.265	37.705	35.515	38.936	38.685	40.547	39.301	34.735	37.91	34.123	37.116	38.301	33.331	38.74
"c91370_g1_i1"	0	1.52	0.328	0	0	0.571	0	0.581	0	0	0	0	0.676	0	0.243	0	0.817	0.35	0.335	0	1.573	0.71	0.267	0	0.303	0.297	0.31	0.936	0.281	0.267	0	0.924	1.501	0	0	0	0
"c155920_g1_i1"	0	0	0	0	0.822	0	0	0	0	0	0	0	0	0	0	0	0	0	0	0	0	1.34	0	0	0	0	0	0	0	0	0.73	0	0	0	0	0	0
"c139534_g3_i1"	1.369	0.803	1.988	0.435	0.242	2.224	3.516	0.516	2.066	1.475	3.564	0.962	0.443	0.468	0.866	0.99	0.47	1.06	0.15	1.165	0.816	0.622	0	0.938	1.212	0.864	0.42	0.272	2.14	0.583	0.498	0.277	0.257	0.709	0.949	1.73	1.352
"c48267_g1_i1"	0.18	0	0	0	0	0	0	0	0	0	0.436	0	0	0	0	0	0	0	0	0	0	0	0	0	0	0	0	0.997	0	0	0	0	0	0	0	0	0
"c37683_g1_i1"	0	0	0	0	0	0	0	0.71	0	0	0	0	0	0	0	0.735	2.052	0.868	0	0.543	0	0	0	0	0	0	0	0	0	0	0	0	0.77	0	0	0	0
"c56942_g1_i1"	0	0	0	0	0	0	0	0	0	0	0	0	0	0	0	0	0	0	0	0	0	0	0	0	0	0	0	0	0	0	0	0	0	0	0	0	0
"c175616_g1_i1"	0.148	0	0	0	0	0	0.344	0	0	0	0.351	0	0	0	0	0	0	0	0	0	0	0	0	0.366	0	0	0	0	0	0	0	0	0	0	0	0	0
"c38317_g1_i1"	0	0	0.949	0	0	0	0	0	0	0	0	0	0	0	0	0	0	0	0	0	0	0	0	0	0.879	0	0	0	0.778	0	0	0	0	0	0	0	0
"c137461_g1_i1"	0.082	0	0.124	0.186	0.619	0.316	0.411	0.108	0	0.411	0.834	0.51	0.498	0.527	0.364	0.632	0.096	0.383	0.127	0.359	0	0.263	0	0.119	0.232	0.413	0.122	0.342	0	0.296	0.212	0.716	0.326	0.404	0.234	0.096	0.317
"c164392_g1_i1"	0	0	0	0.24	0	0	0	0	0	0	0	0	0	0	0	0	0	0	0	0	0	0	0	0	0	0.288	0	0	0	0	0.275	0	0.296	0	0.301	0.243	0
"c135881_g1_i8"	2.656	1.969	2.067	3.07	3.628	3.264	3.354	3.732	1.631	3.682	3.384	2.708	3.012	1.698	1.295	2.102	1.678	1.455	1.791	2.286	2.38	1.218	2.635	1.875	1.526	1.881	1.051	2.004	1.675	3.111	1.906	2.275	1.767	2.65	2.155	2.573	1.742
"c139703_g1_i1"	5.731	6.56	8.077	3.717	4.324	5.029	4.949	5.464	6.759	5.408	1.261	3.803	6.224	8.172	2.914	6.796	4.913	7.578	7.579	2.706	8.477	4.204	4.026	7.813	7.305	7.773	9.911	5.84	7.511	3.151	3.377	8.028	4.186	3.616	9.916	5.729	7.877
"c81427_g1_i1"	0.189	0	0	0	0	0	0	0	0.159	0	0.152	0	0	0	0	0	0	0	0	0	0	0.131	0	0	0	0.154	0.177	0	0	0.148	0	0	0	0	0	0	0
"c131837_g2_i2"	0.541	0.257	0.226	0.781	0.387	0.357	0.43	1.151	0.254	0.161	0.758	0.274	0.277	0.304	0.138	0.471	0.304	0.485	0.289	0.272	0.718	0.604	0.976	0.657	0.434	0.23	0.133	0.342	0.411	0.682	0.445	0.37	0.207	0.463	0.614	0.487	0.718
"c4068_g1_i1"	0.057	0	0	0	0	0.143	0	0.14	0	0	0.142	0	0	0.176	0	0.141	0	0	0.173	0	0	0.114	0	0.151	0	0	0	0	0	0	0	0	0.148	0	0.301	0	0
"c121907_g1_i1"	0.098	0.257	0	0	0	0.245	0	0.247	0.244	0	0	0.226	0	0.304	0.21	0	0.226	0.293	0.289	0.403	0	0.201	0.221	0.259	0.263	0.249	0	0	0	0	0	0	0.504	0	0.268	0.209	0
"c141094_g1_i2"	0.041	0.225	0.237	0.089	0	0.102	0.201	0.108	0	0.301	0.104	0.094	0.244	0.129	0.178	0	0.096	0.248	0.127	0	0	0.254	0.092	0.108	0.445	0.297	0.232	0.111	0.205	0.099	0.106	0.116	0.316	0.197	0	0	0.201
"c133575_g3_i1"	0.131	0	0	0	0	0	0.315	0	0.17	0	0.076	0.151	0	0	0.073	0	0.304	0.192	0	0	0.079	0.131	0.074	0	0.263	0.077	0	0	0.086	0.079	0	0.092	0.079	0	0.179	0.07	0
"c168653_g1_i1"	0	0	0	0	0	0	0	0	0	0	0	0	0	0	0	0	0	0	0	0	0	0	0	1.476	0	0	1.715	2.326	0	0	0	0	0	0	0	0	0
"c84326_g1_i1"	0.098	0	0.282	0	0	0.245	0	0	0	0	0	0.236	0.288	0.304	0.21	0	0	0	0	0	0.226	0.201	0	0	0.263	0	0.265	0	0	0	0	0.266	0	0	0	0.209	0.232
"c132315_g2_i4"	0.123	0	0.169	0.133	0.145	0	0.583	0.312	0	0	0	0.142	0	0.375	0	0	0.426	0.18	0	0	0.285	0.254	0.138	0	0.485	0.154	0	0	0.151	0.138	0.148	0	0.474	0	0.167	0.261	0
"c140484_g2_i2"	0.041	0.054	0.113	0.133	0.097	0.296	0.392	0.312	0.106	0.15	0.597	0	0.476	0.187	0.178	0.104	0.426	0.304	0	0.131	0.285	0.639	0.092	0.108	0.384	0.288	0	0	0.151	0.049	0.307	0.404	0.158	0.246	0.056	0.087	0.253
"c120737_g1_i1"	1.755	1.627	3.57	3.416	3.057	0	0	0	1.367	0	4.095	3.907	0	1.78	0	0	0	0	3.396	0	5.114	2.365	3.261	8.804	1.617	0	2.865	3.635	0	0	3.599	3.997	0	1.123	1.63	10.337	2.407
"c121422_g1_i1"	3.066	3.146	1.536	3.096	2.641	1.122	3.851	1.463	0.848	1.284	3.261	3.491	2.691	2.166	10.782	2.734	3.861	3.439	3.905	6.893	1.377	3.11	3.445	1.433	3.779	3.08	1.515	5.447	1.113	2.696	3.282	1.328	4.571	1.35	1.932	5.738	1.489
"c136490_g2_i1"	13.184	12.852	13.533	10.735	9.906	13.271	23.562	17.532	13.889	14.879	15.487	10.559	9.647	12.539	11.275	14.959	15.461	14.208	13.02	12.455	18.96	18.246	14.444	16.865	14.033	19.154	13.196	13.573	14.124	9.344	17.066	13.699	17.812	14.75	13.288	14.414	17.602
"c145077_g4_i2"	0.787	0.3	0	1.446	0	0.275	0.268	0.29	0.286	0	0.54	0.264	0	0	0	0.566	0.27	0.338	0	0.464	0.767	0.464	0	0.291	0	0	0.608	0	0.281	0	0.54	0	0	1.025	0	1.208	0.539
"c180891_g1_i1"	0	0.375	0	0.302	0	0	0	0.355	0	0	0	0	0	0	0.154	0	0.165	0	0	0	0.157	0	0	0.183	0	0	0	0	0.346	0	0.169	0	0	0	0	0	0
"c127236_g1_i1"	0	0	0	0	0	0	0	0	0	0	0	0	0	0	0	0	0.243	0	0	0	0	0	0	0	0	0	0	0	0	0	0	0	0	0	0.279	0	0
"c130689_g1_i2"	0	0	0.102	0.151	0	0	0	0.172	0	0.08	0.341	0	0	0.105	0.073	0.085	0.157	0	0	0.07	0	0.07	0.157	0.183	0	0.086	0	0.272	0.086	0	0	0	0	0	0	0	0
"c78118_g1_i1"	0.131	0	0	0	0.155	0	0	0.161	0.17	0	0	0.151	0	0.199	0.138	0.32	0.452	0.586	0	0	0.148	0.534	0	0.172	0.172	0.48	0.177	0	0.162	0.148	0	0	0	0	0.179	0	0
"c170563_g1_i1"	0	0	0.587	0	0	0	0	0	0	0	0	0	0	0	0	0.537	0	0	0	0	0.934	0	0	0	0	0	0	0	0	0	0.476	0	0	0	0	0	0.475
"c80933_g1_i1"	0	0	0	0	0	0	0	0	0	0.14	0	0.415	0	0	0	0	0	0	0	0.123	0	0	0	0	0	0.998	0	0	0	0	0	0	0	1.626	0	0	0
"c56632_g1_i1"	0	0	0	0	0	0	0	0	0	0	0	0	0	0	0	0	0	0	0	0	0	0	0	0	0	0	0	0	0	0	0	0	0	0	0	0	0
"c167623_g1_i1"	0	0	0	0	0	0	0	0	0	0	0	0	0	0	0	0	0	0	1.121	0	0	0	0.976	0	0	0	0	0	0	0	0	0	0	0	0	0	0
"c162107_g1_i1"	0	0	0	0	0	0	0	0	0	0	0	0	0	0	0	0	0	0	1.329	0	0	0	0	0	0	0	0	0	0	0	0	0	0	0	0	0	0
"c143194_g1_i2"	0	0	0	0.053	0	0	0	0.172	0.117	0.11	0	0	0	0	0.097	0.057	0	0	0	0	0.049	0.053	0.101	0	0	0	0	0	0.054	0	0	0	0.118	0	0	0	0.232
"c163165_g1_i1"	0	0	0	0	0	0	0	0	0	0	0	0	0	0	0	2.583	0	0.35	0	0	0	0	0	0	0	0	0	0	0	0	0	0	0	0	0	0	0
"c104945_g1_i1"	0.172	0	0	0	0	0	0	0	0	0	0	0.198	0	0	0	0	0	0	0.254	0	0	0	0	0	0	0.211	0	0	0	0	0	0	0	0.394	0	0	0
"c138839_g2_i2"	0	0	0	0	0	0	0	0	0	0	0	0	0	0	0	0	0	0	0	0	0	0	0	0	0	0	0	0	0	0	0	0	0	0	0	0	0
"c61909_g1_i1"	0	0	0	0	0.387	0	0	0.409	0.392	0	0	0	0	0	0	0	0	0.97	0.462	0	0	0	0	0	0.424	1.295	0	0.433	0.389	0	0.371	0	0.425	0	0	0.339	0
"c146461_g3_i1"	0.189	0	0	1.207	0.464	0	0	0	0.477	0	0	1.783	0	0.585	0	0	0.47	0	0	0.385	0.433	0.394	0	0	0	0.547	0	0.534	0.465	0	0	0	0	0	0	0	0
"c146885_g1_i4"	0	0	0	0.364	0.416	0	0	0.441	0	0	0.417	0	0	0	0	0	0	0	0	0	0	0	0	0.431	0	0	0	0	0	0	0	0	0	0	0	0	0
"c97189_g2_i1"	0.115	0	0.158	0.24	0	0	0	0.14	0.138	0.13	0.133	0	0	0	0	0	0	0.169	0	0	0.128	0	0	0	0	0	0	0	0	0	0	0	0	0.128	0	0	0
"c28007_g1_i1"	0	0	0	1.224	0	0	0	0	0	0	0	0	0	0	0.664	0	0	0	0	0	0	0	0	0	0	0	0	0	0	0	0	0	0	0	0.815	0	0
"c66988_g1_i1"	0.082	0.214	0	0	0	0.204	0	0	0.625	0.401	0.398	0	0	0	0	0	0	0.248	0	0.342	0	0	0	0.216	0	0	0	0	0.205	0	0	0	0	0.571	0	0	0
"c35034_g1_i1"	0	0	0	0.497	0	0	0	0.624	0.593	0	0	0.557	0	0	0	0	0	0	0	0.482	0	0	0	0	0	0	0	0	0	0	0	0	0	0	0	0	0
"c127260_g1_i1"	0.303	0.439	0.079	0.302	0	0.398	0.268	0.065	0.212	0.331	0	0	0.078	0.258	0.235	0	0.191	0.248	0	0.114	0.059	0.166	0.184	0.151	0.364	0.259	0.077	0.07	0	0.128	0.339	0.231	0.276	0.256	0.223	0.174	0.201
"c140705_g1_i1"	0.377	0.803	0	0.816	0.455	0.459	0.363	0.376	0.381	0.642	0.919	0.359	0.975	0.468	0.639	0.179	0.087	1.015	0.451	0.473	0.865	0.858	0.672	0.711	0.798	0.547	1.361	0.503	0.281	0.523	0.561	1.144	0.286	0	0.815	0.322	0.644
"c140339_g1_i1"	0.418	0.118	0.26	0.603	0.222	0	0	0.237	0.477	0.451	0.227	0.557	0.266	0.433	0.397	0.792	0.104	0	0	0	0.747	0.096	0.728	0.248	0.748	0	0	0	0.346	0	0	0	0.948	0.217	0.246	0.991	0.116
"c157127_g1_i1"	0	0	0	0	0	0	0	0	0	0.652	0	0	0	0	0	0.698	0	0	0	0	0	0	0	0.636	0	0	0	0	0.638	0	0	0.658	0	0	0	0	0
"c87986_g1_i1"	0	0	0	0	0	0	0	0	0	0	0	0	0	0	0	0	0	0	0	0	0	0	0	0	0	0	0	0	0	0	0	0	0	0	0	0	0
"c135096_g1_i1"	0.754	0.888	0.237	0.186	0.803	0.541	0.306	0.215	0.466	0.241	1.09	0.406	0.797	0.609	0.623	0.98	1.322	0.541	0.462	0.263	0.58	0.464	0.368	0.226	1.121	0.202	0.973	0.443	0.205	0.168	0.561	0.393	0.454	0.296	0.38	0.504	0.517
"c142999_g2_i5"	8.33	7.737	7.998	8.881	8.542	7.763	6.335	6.68	7.246	6.2	7.81	9.266	7.863	7.715	9.867	7.843	7.295	8.435	7.659	8.662	6.864	9.285	10.308	7.22	7.284	7.917	7.444	8.095	7.057	8.198	7.04	8.12	6.882	7.813	7.191	7.103	7.022
"c72728_g1_i1"	0	0	0	0	0	0.184	0	0	0	0	0.72	0	0	0	0	0	0	0	0.439	0	0	0	0	0	0	0	0	0	0	0	0	0	0	0	0	0	0.18
"c137743_g1_i1"	0.115	0.3	0.124	0.798	0.164	0.163	0.057	0.118	0.233	0.11	0.389	0.057	0.133	0.281	0.097	0.17	0.739	1.161	0.208	3.346	1.642	0.377	2.902	0.248	0.121	0.384	0.133	0	0	0	0.116	0.069	0.464	0	0.067	0	0.222
"c85406_g1_i1"	0	0	0	0	0	0	0	0	0	0	0	0	0	0	0	0	0	0	0	0	0	0	0	0	0	0	0	0	0	0	0	0	0	0	0	0	0
"c41428_g1_i1"	0	0	0	0	0	0	0	0	0	0	0	0	0	0	0	0	0	0	0	0.184	0	0	0	0	0.232	0	0	0	0	0	0	0.231	0	0	0.234	0	0
"c143889_g3_i1"	0.59	0.535	0.52	0.506	0.368	0.643	0.153	0.667	0.318	0.632	0.645	0.774	0.443	0.574	0.494	0.415	0.574	1.195	0.416	0.561	0.393	0.771	0.516	0.377	0.657	0.653	0.863	0.332	0.54	0.365	0.508	0.173	0.583	0.739	0.916	0.426	0.422
"c113766_g2_i1"	0.23	0	0	1.162	0	1.132	0.373	0.592	0.201	0.562	1.308	0.915	0.222	0.234	0.162	0.189	0.183	0.237	0.231	0.324	0	0.315	0	0.41	0.202	0	0.21	0	0	0.711	0	0.416	0	0	0	0.991	0.37
"c112580_g1_i1"	0	0	0.169	0.133	0.29	0.153	0	0	0.466	0	0	0.142	0	0.187	0.13	0	0	0	0	0	0	0.123	0.138	0.323	0	0	0	0	0.303	0.138	0.296	0.162	0	0.138	0	0	0
"c23776_g1_i1"	0.09	0	0	0	0	0	0	0.226	0	0.431	0	0.208	0	0.269	0	0	0.209	0	0	0	0	0.184	0	0	0.475	0.23	0	0	0	0	0	0	0	0	0	0	0
"c95180_g1_i1"	0	0	0	0	1.557	0	0.726	0	0.763	0	0	0	0	0.96	0.696	0	0	0	0.913	0	0	0	0	0	0	0	0	0	0	0.701	0	0.785	0	0	0	0	0
"c136369_g1_i2"	5.592	6.271	9.738	1.845	8.378	2.846	18.861	1.258	2.776	2.127	1.64	5.511	9.093	0.901	2.428	3.261	1.756	1.917	5.753	9.013	1.151	0.42	4.624	3.933	4.597	4.385	1.46	0.695	12.287	8.435	6.627	0.982	5.46	2.907	9.212	1.495	2.576
"c112825_g1_i2"	0	0	0	0	0	0	0	0	0	0	0	0.321	0	0.421	0.299	0	0.33	0	0	0.569	0	0	0.322	0	0.374	0	0	0	0	0	0	0	0	0	0	0	0
"c140595_g1_i1"	1.148	0.439	0.926	0.878	1.577	2.009	1.366	0.204	0	0	0.398	0.585	0.244	0.761	1.052	1.018	1.539	0.496	0.728	0.85	0.747	0.508	1.115	0.216	0.879	0.413	0	0.665	0	1.324	0.603	0.889	1.906	1.705	0	1.226	0.591
"c140997_g3_i1"	0.131	0.161	0.079	0.231	0.252	0.255	0.182	0.258	0.424	0.251	0.142	0.217	0.166	0	0.38	0.104	0.174	0.304	0	0.315	0.246	0.123	0.166	0.119	0.121	0.317	0.288	0	0.259	0.138	0.222	0.046	0	0.108	0.045	0.035	0.148
"c142038_g2_i2"	0.738	0.685	0.61	0.736	0.716	0.388	0.86	0.452	0.72	0.14	0.635	1.047	0.509	0.55	1.012	0.575	0.687	0.474	1.005	0.797	1.2	0.823	0.967	0.593	0.525	0.614	1.493	0.161	1.2	0.415	0.995	0.67	0.454	0.808	1.284	0.765	1.267
"c165808_g1_i1"	0.09	0	0	0.381	0.213	0	3.411	0.226	0	0	0.654	0.849	0	0.269	0.194	0	0	0	0.266	0.368	0	0	0	0.237	0	0.451	0	0.242	0	0	0.222	0	0.464	0.207	0	0.383	0
"c111603_g1_i1"	0.32	0	0.09	0.213	0.232	0	0	0	0.17	0	0.237	0.151	0.377	0.094	0.202	0.16	0	0.293	0.092	0.543	0	0.263	0	0.172	0.263	0.307	0.088	0.171	0.076	0.296	0.085	0.092	0.247	0.079	0	0	0.158
"c151241_g1_i1"	0	0	0	0	0	0	0	0	0	0	0	0	0	0	0	0	0	0	0	0	0	0	0	1.401	0	0	0	0	0	0	0	0	0	0	0	0	0
"c148498_g1_i1"	0	0	0	0	0	0	0	0	0.434	0	0	0	0	1.077	0	0	0	0.541	0	0	0	0.359	0	0	0	0	1.88	0	1.297	0.395	1.239	0	0	0.394	0	0	0.412
"c119979_g1_i3"	0.082	0	0	0	0	0	0.201	0	0	0	0.199	0.094	0	0	0	0	0.096	0.124	0.127	0.088	0.098	0	0.092	0	0	0	0	0	0.108	0	0	0	0.109	0	0	0	0
"c177419_g1_i1"	0	0	0	0	0	1.469	0	0	0	0	3.763	0	0	0	0	0	0	0	0	0	0	0	0	0	0	0	0	0	0	0	0	0	0	0	0	0	0
"c171069_g1_i1"	0	0	0	0	0	0	0	0	0	0	0	0	0	0	0	0	0	0.688	0.647	0	0	0	0	0	0	0	0	0.614	0	0	0	0	0	0	0	0	0
"c142850_g1_i1"	12.52	14.565	12.178	17.318	16.358	14.087	11.647	14.531	16.929	14.156	11.933	18.372	16.425	15.993	20.503	20.294	21.686	19.294	19.975	15.179	21.91	23.396	16.683	17.436	16.559	19.854	19.922	18.346	16.189	19.478	16.251	15.282	19.323	18.031	14.159	11.858	16.926
"c92243_g1_i1"	0.353	0.107	0	0.089	0	0.092	0.191	0.301	0	0.191	0	0.283	0	0	0.251	0.094	0.183	0.113	0.116	0	0	0.561	0	0	0	0.096	0	0.312	0	0	0	0.104	0	0	0	0	0
"c143825_g1_i5"	0.303	0.407	0.034	0.062	0.329	0.031	0.44	0.032	0.36	0	0.104	0.33	0.244	0.211	0	0	0.226	0.045	0.081	0.088	0.197	0.088	0.249	0.269	0.222	0	0	0.07	0.032	0.612	0.275	0.081	0.178	0.03	0.38	0.356	0
"c134783_g1_i4"	2.271	1.841	2.293	2.875	2.254	3.081	1.08	1.947	1.854	0.903	1.573	2.255	2.005	2.072	2.542	1.866	2.243	2.74	2.23	2.312	1.721	2.47	1.769	3.017	2.516	2.658	3.396	1.581	0.875	1.679	1.863	2.079	2.073	1.537	2.613	3.347	2.502
"c139062_g2_i1"	0	0	0	0	0	0	0	0	0	0	0	0.906	0	0	0	0	0	0	0	0	0	0.797	0	0.485	0	1.104	0	0	0	0	0	0.508	0	0	0	0	0
"c170199_g1_i1"	0	0	0	0	0	0	0	0	0	0.512	0.493	0	0	0	0	0	0	0	0	0.42	0	0	0	0	0	0	0	0	0	0	0	0	0	0	0	0	0
"c132607_g7_i1"	0	0	0	0	0	0	0	0	0	0	0	0	0	1.943	0	0	0	0	0	0	0.708	0	0	0	0	0	0.83	0	0	0	0.709	0	0	0	0	0	0
"c11767_g1_i1"	0.098	0.268	0	0	0.242	0.367	0.239	0	0	0.482	0.123	0	0.432	0.152	0.21	0.123	0	0.147	0.15	0.105	0	0	0.332	0.528	0.263	0.365	0	0	0.13	0.119	0.371	0.416	0	0	0.134	0	0.243
"c125235_g1_i1"	0.18	0.278	0	0.151	0.339	0.52	0.086	0.452	0.456	0	0.436	0.085	0.509	0.328	0.534	0.085	0.417	0	0.323	0.228	0.167	0.219	0.479	0.097	0.192	0.345	0.199	0.383	0.086	0.336	0.085	0.3	0.898	0.256	0.19	0.461	0.084
"c145502_g2_i1"	0	0	0	0	0	0	0	0	0	0	0	0	0	0	0	0	0	0	0	0	0	0	0.672	0	0	0	0	0	0	0	0	0	0	0	0	0	0
"c140760_g1_i4"	0.197	0.118	0.079	0.115	0.213	0.245	0.239	0.118	0.095	0.09	0.152	0.047	0.133	0.117	0.21	0.047	0.209	0.023	0.162	0.175	0.128	0.149	0.138	0.097	0.192	0.086	0.077	0.191	0.043	0.257	0.116	0.127	0.118	0.197	0.223	0.235	0.158
"c87819_g1_i1"	0	0	1.401	1.863	1.2	1.265	1.07	5.045	0	0	1.099	0	0	2.857	0	0	0	0	0	0	0	0	0	0	0	0	0	1.41	4.463	0	0	0	0	0	0	1.026	0
"c145519_g1_i4"	0.221	0.268	0.339	0.177	0.319	0.418	0.172	0.226	0.328	0.241	0.265	0.179	0.365	0.293	0.243	0.32	0.217	0.226	0.3	0.149	0.334	0.193	0.193	0.28	0.222	0.24	0.288	0.302	0.238	0.296	0.254	0.173	0.306	0.246	0.38	0.383	0.222
"c95668_g1_i1"	0.082	0.214	0.079	0.062	0.068	0	0.067	0.065	0.138	0	0	0	0	0.164	0.057	0.386	0.061	0	0	0.166	0.059	0	0.055	0.075	0.071	0	0	0.07	0.205	0.059	0	0.15	0.197	0.059	0.212	0.339	0
"c14494_g1_i1"	6.116	6.967	5.117	3.575	6.868	4.509	3.497	5.496	7.67	4.746	4.133	4.237	4.02	6.72	5.205	5.731	4.417	4.24	9.473	2.952	7.139	2.829	5.5	7.026	4.304	10.805	11.449	4.138	7.867	5.887	3.684	5.625	7.188	7.203	8.04	4.938	5.469
"c61569_g1_i1"	0	0	0	0	0	0	0	0	0	0	0	0	0	0	0	0	0	0	0	0	0	0	0	0	0	0	0	0	0	0	0	0	1.234	0	0	0	0
"c142081_g1_i2"	0.935	0.321	0.565	0.355	0.58	0.785	0.229	0.882	0.032	0.321	0.161	0.547	0.498	0.047	0.486	0.943	0.652	0.079	0.323	0.088	0.905	0.78	0.147	0.873	0.505	0.691	0.83	0.04	0.573	0.751	0.169	0.3	0.267	0.453	0.938	0.808	0.232
"c145736_g1_i3"	0.246	0.214	0.113	0.151	0.252	0.173	0.162	0.204	0.117	0.211	0.464	0.16	0.1	0.199	0.227	0.151	0.252	0.237	0.023	0.272	0.187	0.315	0.249	0.172	0.172	0.125	0.022	0.131	0.162	0.198	0.148	0.104	0.247	0.187	0.19	0.269	0.137
"c145520_g4_i1"	0	0	0	0	0.455	0	0	0	0	0	0	0.604	0	0.199	0.542	0	0	0	0	0	0	0.131	0	0	0.344	0	0.177	0	0	0	0	0	0	0	0	0	0
"c161886_g1_i1"	0	0	0	0	0	0	0	0	0	0.482	0	0	0	0.597	0	0	0	0	0	0.394	0	0	0	0	0	0	0	0	0	0	0	0	0	0	0	0	0
"c144832_g5_i5"	0.156	0.182	0	0.293	0.164	0.051	0.162	0.054	0.297	0.271	0.057	0.321	0.266	0.211	0.243	0.113	0.157	0.068	0.139	0.193	0.049	0.184	0.046	0.183	0.485	0.163	0	0.06	0.054	0.267	0.455	0.127	0.059	0.158	0.123	0.148	0.222
"c26546_g1_i1"	0	0	0	0	0	0	0	0	0	0	0	0	0	0	0	0	0	0	0	0	0	0	0	0	0	0	0	0	0	0	1.863	0	0	0	0	0	0
"c172974_g1_i1"	0	0	0	0	0	0	0	0	0	0	0	0	0	0	0	0	0	0	0	0	0	0	0	0	0	0	0	0	0	0	0	0	0	0	3.283	0	0
"c98431_g1_i1"	1.082	0	0	0	0	0	0	0	0	6.381	0	0	0	0	5.415	0	0	4.06	0	3.635	0	0	7.388	0	0	0	0	0	0	0	0	0	0	0	0	0	0
"c160931_g1_i1"	0	0	0	0	0	0	0	0	0	0	0	0	0	0	0	0	0	0	0	0.201	0	0	0	0	0	0	0	0	0.713	0	0	0.52	0	0	0	0	0
"c159704_g1_i1"	0	0	0	0	0	0	0	0	0	0	0.9	0	0	0	0	0	0	0	0	0	0	0	0	0	0	0	0	0	0.465	0	0.148	0.173	0	0	0.167	0	0
"c129590_g3_i1"	0.402	0	0.192	0.142	0.164	0.326	0.64	0	0.339	0.492	0.654	0.632	0.388	0.211	0.72	0	1.096	0.609	0.196	0.28	0.157	0.552	0.451	0.172	0.717	0.825	0	0.715	0.67	0.622	0.169	0.37	0.346	0.158	0.547	0.139	0.158
"c107251_g2_i1"	0.336	0	0	0.151	0.164	0.163	0.162	0	0.35	0.331	0.332	0.321	0	0.211	0	0.5	0.478	0	0.404	0.14	0.157	0.42	0.304	0.722	0	0.509	0.376	0.181	0.335	0	0	0.37	0.346	0.158	0.179	0.148	0.496
"c138127_g1_i11"	0.156	0	0	0	0	0	0.258	0	0.138	0.161	0.066	0.255	0.343	0.082	0	0.189	0.183	0	0.196	0.193	0.148	0	0	0.216	0.141	0.278	0.144	0	0.195	0	0.127	0.069	0.099	0.187	0.067	0.2	0
"c175043_g1_i1"	0	0	0	0	0	0.173	0	0	0.18	0.351	1.213	1.189	0	0	0.769	0	0	0.429	0	0	0	0	0	0.571	0	0	0	0	0	0.168	0	0.196	0	0	0.581	0	0.169
"c142690_g4_i1"	0.681	1.969	0.96	0.745	3.56	0.979	0.373	1.958	0.244	1.425	0.379	1.481	2.503	2.107	0.793	1.885	1.078	1.297	0.647	0.981	0.502	0.447	0.35	1.002	1.162	0.739	0.686	1.893	0.929	1.225	0.614	0.774	1.807	1.833	1.005	0.6	0.834
"c110261_g2_i2"	0.09	0	0	0.798	0	0	0	0.237	0.466	0	0.445	0.217	0.808	0	0.599	1.376	0.435	0.564	0	0.385	0.639	0.377	1.474	0	0	0	0.509	0.503	1.146	0.425	0	0.497	1.442	0.217	0	0.2	0.222
"c143980_g3_i12"	0.312	0.182	0.192	0.302	0.3	0.265	0.096	0.194	0.254	0.12	0.265	0.283	0.31	0.117	0.356	0.141	0.243	0.203	0.208	0.228	0.157	0.464	0.286	0.323	0.495	0.182	0.055	0.393	0.119	0.277	0.275	0.277	0.267	0.138	0.1	0.165	0.148
"c136636_g1_i1"	0.451	0.556	0.226	0.754	0.948	0.388	0.315	0.398	0.413	0.702	0.711	0.443	0.764	0.983	0.17	0.509	0.426	0.553	0.716	0.613	0.433	0.105	0.645	0.356	0.707	0.125	0.365	0.282	0.335	0.494	0.392	0.52	0.731	0.631	0.357	0.626	0.327
"c142499_g3_i1"	3.755	0.792	2.79	1.907	2.148	3.652	1.414	5.281	2.998	5.317	5.744	2.331	1.739	1.218	0.21	1.235	2.339	2.695	1.467	2.663	4.071	2.637	0.672	3.093	1.061	2.025	2.699	2.94	1.47	4.089	1.916	1.871	1.027	3.636	1.597	3.382	0
"c72781_g1_i1"	0	0.257	0	0.204	0	0	0	0	0	0.472	0.237	0	0	0	0	0	0	0	0	0	0	0	0	0	0	0	0	0	0	0	0	0	0	0	0	0	0
"c133679_g1_i1"	0.107	0	0.305	0	0	0	0	0	0.275	0.271	0.531	0	0	0	0	0	0	0	0	0	0	0.228	0	0.28	0.293	0	0	0	0.27	0	0	0.289	0	0.503	0	0	0
"c49604_g1_i1"	0	0	0	0	0	0	0	0	0	0	0	0	0	0	0	0	0	0	0	0	0	0	0.82	0	0	0	0	0	0	0	0	0	0	0	0	0	0
"c127887_g1_i1"	2.001	1.059	0.565	2.351	1.683	1.479	1.901	1.022	2.278	0.732	1.204	0.944	0.587	0	0.219	0.5	0.948	0.609	0.89	1.034	0.688	0.201	1.142	0	1.071	0.259	0.819	0.544	0.994	0.454	1.45	1.351	0.78	0.916	1.351	0.643	0.95
"c107666_g1_i1"	0.23	0	0	0.497	0.542	0.143	0.134	0.43	0.148	0	0.275	0.406	0.332	0.176	0.486	0.141	0.27	0.338	0.173	0.123	0	0.237	0.129	0.151	0	0	0	0.302	0	0.267	0	0	0.148	0.266	0.614	0.73	0
"c125141_g1_i1"	0.541	9.856	5.998	1.171	29.631	10.619	8.389	10.412	20.107	7.324	2.227	5.312	3.71	42.674	1.141	17.928	1.183	3.507	22.089	0.228	14.928	0.613	1.548	11.488	6.284	7.581	10.519	10.109	11.131	5.116	10.153	11.886	9.804	5.34	37.262	6.068	17.148
"c143537_g1_i2"	16.652	26.272	17.125	27.627	24.446	24.287	29.811	17.543	27.534	19.263	25.885	24.354	23.535	23.427	16.059	20.983	15.061	17.309	24.515	22.124	17.976	16.424	15.485	25.842	18.388	13.713	18.461	20.551	19.96	20.327	27.599	22.235	19.747	26.701	29.1	17.57	27.178
"c37082_g1_i1"	0.525	0	0	1.029	0	0	0	0	0	0	0	0	0	1.581	0	0	0	1.77	0	0	0	0	0	0	0	7.437	0	1.591	0	0	0	0	0	0	0	0	0
"c71041_g1_i1"	0	0	0	0	0	0	0	0	0	0	0	0	0	0	0	0	0	0	0	0	0	0	0	0	0	0	0	0	0.303	0	0	0.323	0	0	0.659	0	0
"c106866_g1_i1"	0	0	0	0	0.909	0	0	0	0	0	0	0	0	1.101	0	0	0	0	0	0	0.806	0.736	0	0	0	0	0.929	0	0	0	0	0	0	0	0	0	0
"c342_g1_i1"	0	0	0	0	0	0	0	0	0	0.873	0	0	0	0	0	0	0.426	0	0	0	0	0.359	0	0	0.475	0	0	0	0	0	0	0	0	0	0	0	0
"c64071_g1_i1"	0	0	0	0	0	0	0	0.247	0	0	0	0	0	0	0.21	0.245	0	0	0	0	0	0.201	0	0	0.263	0	0	0	0	0	0	0.266	0.257	0	0	0	0
"c166849_g1_i1"	0	0	0	0	0	0	0	0	0	0	0	0	0	0	0	0	0	0	0	0	0	0	0	0	0	0	0	0	0	0	0	0	0	0	0	0	0
"c135785_g2_i1"	0.787	0.653	2.09	1.943	0.851	1.765	1.156	3.722	2.108	1.415	1.479	1.321	1.174	2.798	1.586	1.584	1.026	3.011	2.703	3.39	1.731	1.174	2.091	2.306	0.091	2.092	3.573	1.41	4.409	0.701	1.196	2.841	1.876	2.246	2.725	0.496	3.579
"c171038_g1_i1"	0	0	0	0	0.726	0	0	0	0	0	0	0	0	0	0	0	0	0	0	0.578	0.659	0	0	0	0	0	0	0	0	0.652	0	0	0	0	0	0	0
"c143108_g1_i2"	2.074	1.669	2.948	2.236	2.351	2.244	2.465	2.84	2.076	2.438	1.886	2.557	1.606	1.979	1.87	1.942	2.052	2.255	1.848	1.489	1.406	1.936	1.759	2.608	2.243	1.919	1.825	1.913	1.426	1.501	1.906	2.229	1.55	3.005	1.34	2.486	3.273
"c109193_g1_i1"	0.172	0.193	0.271	0.106	0.348	0.173	0.057	0.065	0.064	0.12	0.057	0.113	0	0	0.105	0.057	0.174	0.214	0.069	0.21	0.393	0.254	0.111	0.065	0.192	0.058	0.199	0.06	0	0.286	0	0	0.375	0.118	0.201	0.104	0.116
"c136471_g5_i1"	0	0	0	0	0	0	0	0	0	0	0	0	0	0	0	0	0	0	0	0	0	0	0	0	0	0	0	0	0	0	0	0	0	0	0	0	0
"c157851_g1_i1"	1.287	0	0	0	0	0	0	0	0	0	0	0	0	0	0	0	0	0	0	0	0	0	0	0	0	0	0	0	0	0	0	0	0	0	0	0	0
"c83589_g1_i2"	0.213	0	0	0	0	0	0	0	0	0	0	0	0	0	0	0	0	0	0	0.438	0	0	0	0	0	0	0	0	0	0	0.498	0	0	0	0	0	0
"c156500_g1_i1"	0	0	0	0	1.528	0	0	0	0	0	0	0	0	0	0	0	0	0	0	0	0	0	0	0	0	0	0	0	0	0	0	2.668	0	0	0	0	0
"c141896_g2_i1"	0	0	0	0	0	0	0	0	0.392	0	2.284	0.368	0	0	0	0.405	0	0	0	0.324	0	0	0	0	0	0	0	0	0.389	0	0	0	0	0	0	0	0
"c143001_g1_i1"	21.776	22.602	21.316	20.53	22.153	18.779	17.915	18.038	20.415	17.216	19.241	22.854	23.413	21.694	23.595	23.735	24.747	23.139	23.094	19.909	24.368	25.621	19.244	21.402	20.914	21.092	21.359	25.344	19.549	16.811	21.374	23.61	22.462	17.203	18.726	18.665	19.46
"c39058_g1_i1"	0	0	0	0	0	0	0	0	0	0.241	0	0	0	0	0	0	0.113	0	0	0	0	0	0	0	0	0	0	0	0.249	0.119	0	0	0	0.345	0.402	0	0
"c122520_g2_i1"	0.262	0	0.373	0.435	0.319	0.49	0	0.172	0.339	0.321	0.322	0.793	0	0.41	0.567	0.16	0.939	0.598	0.797	0.42	0.462	0.272	0.746	0.7	1.425	0.163	0	0.181	0.162	0.306	0	0.185	0.681	0.305	0.536	0.139	0.317
"c90702_g1_i1"	0	0	0	0	0	0	0	0	0	0	0	0	0	0	0	0	0	0	0	0	0	0	0	0	0	0	0	0	0	0	0	0	0	0	0	0	0
"c105794_g1_i1"	0.279	0.503	0.531	0.204	0.455	0.928	0	0.237	0.233	0.462	0.682	0.443	0.554	0.293	0.202	0	0	0.564	0	0.587	0	0	0	0.248	0.253	0.48	0.254	0.503	0	0.217	0.455	0	0	0	0	0.2	0.222
"c85909_g1_i3"	0	0	0	0	0.426	0	0	0	0.434	0	0	0.406	0	0	0.38	0	0	0	0	0	0	0	0	0	0	0	0.465	0.957	0.432	0.395	0	0	0	0	0	0	0.401
"c169281_g1_i1"	0	0	0	0	0	0	0	1.56	0	0	0	0	0	0	0	0	1.513	0	0	0	0	0	0	0	0	0	0	0	0	0	0.667	0	0	1.261	0	0	0.665
"c126688_g1_i1"	0.107	0.086	0.169	0	0.222	0.337	0.076	0.226	0.117	0.371	0.37	0.368	0.266	0.047	0.227	0.255	0.104	0.361	0	0.193	0.108	0.061	0.304	0	0.162	0.288	0.133	0.081	0.227	0.178	0.307	0	0.118	0.365	0	0	0.19
"c137183_g1_i5"	2.419	2.312	1.807	2.014	2.583	2.703	2.886	2.194	2.85	1.716	2.663	2.689	2.182	2.248	2.372	2.394	2.713	2.582	3.189	2.041	2.242	2.058	1.981	2.155	2.415	1.871	2.234	2.91	1.848	2.321	2.276	2.206	2.755	1.931	2.222	2.608	2.017
"c130807_g2_i1"	1.804	3.21	3.852	5.731	2.554	4.498	2.14	0	0.381	5.187	9.052	1.057	0.443	0.457	3.578	2.3	0	1.838	0.89	3.687	0.344	2.461	2.791	4.214	3.627	2.86	0.807	3.705	3.696	0.682	6.066	0.797	1.205	1.35	2.847	2.582	1.404
"c129809_g1_i6"	0	0	0	0	0	0.857	0	0	0.805	0	0	0	1.03	0	0	0.905	0	2.12	0	0	0.738	0	0.82	0	0	1.132	0.852	0	0	0	0	0.82	0	1.379	0	0	0
"c131342_g1_i1"	52.202	118.562	141.973	62.938	94.503	90.978	78.616	101.505	185.755	82.691	65.959	87.793	131.043	155.443	94.906	111.351	73.746	156.755	145.645	99.017	156.849	99.786	87.633	186.628	144.84	151.117	181.583	110.87	154.266	101.408	124.721	143.299	101.421	106.934	157.715	80.293	120.138
"c112482_g1_i1"	0.525	0	0	0	1.287	1.336	1.835	0.678	0	1.314	3.734	0	0	0	0	0.698	0.652	1.646	0	1.042	1.76	0.534	0	0.636	0	0	1.372	0	1.902	2.341	0.593	1.987	0.731	0	2.133	0.565	0.591
"c127127_g1_i1"	0.328	0.064	0.282	0.106	0.542	0.428	0.363	0.323	0.191	0.301	0.246	0.123	0.078	0.152	0.267	0.245	0.235	0	0	0.482	0.236	0.105	0.332	0.065	0.202	0.24	0	0.07	0.313	0.296	0.381	0.069	0	0.296	0.402	0.165	0.243
"c141099_g5_i1"	0.361	0.021	0.282	0.319	0.222	0.408	0.583	0.366	0.095	0.532	0.246	0.283	0.122	0.023	0.235	0.302	0.252	0.327	0.127	0.377	0.423	0.105	0.322	0.377	0.131	0.086	0.332	0.101	0.032	0.326	0.148	0.323	0.316	0.276	0.022	0.174	0.106
"c118265_g1_i1"	0.336	0.439	0	0	0	0	0.401	0	0	0	0	0.198	0.244	0.515	0.178	0	0.591	0.248	0.497	0	0	0.342	0.193	0.216	0	0	0.232	0.222	0	1.156	0.201	0	0	0	0	0	0.201
"c123867_g1_i2"	0.361	0.385	0.61	0.16	0.174	0	0.344	0.742	1.483	1.063	1.412	0.519	0.631	0.667	0.623	0.179	0.852	1.748	0.22	0.762	0.502	0.902	1.151	0.194	0.192	0.729	1.195	0.584	1.081	0.672	0.36	0.993	0.938	1.015	0.592	0.156	1.056
"c118534_g1_i3"	0	0	0	0	0	0	0.096	0.097	0.201	0	0	0	0	0.117	0	0.292	0	0.113	0	0	0	0	0	0	0.101	0.288	0	0	0	0	0.095	0	0.099	0.089	0	0	0.095
"c138882_g1_i3"	1.394	0.803	0.621	1.322	0.861	0.979	1.309	0.764	0.678	0.732	1.128	0.962	1.041	0.679	1.457	1.414	1.539	1.556	1.028	0.815	0.561	1.918	1.115	1.584	1.344	0.71	0.619	1.44	0.508	0.938	0.402	0.393	1.827	0.906	0.759	0.948	0.591
"c176295_g1_i1"	0	0	0	0	0	0	0	0	0	0	1.355	0	0	0	0	0	0	0	0	0	0	0	0	0	0.505	0	0	0	0	0	0	0	0	0	0	0	0
"c127060_g1_i1"	0.705	0	0.203	0.603	0.339	0	0.841	0.183	0	0.682	0.171	0.17	0	0.644	0.299	0.518	0.165	0	0	0.587	0.482	0.578	0	0	0.748	0	1.161	0.755	0	0	0	0.196	0	0	0	0	0.338
"c89760_g1_i1"	0	0	0	0	0	0	0	0	0	0	0	0	0	0	0.575	0	0	0	0	0	0.59	0	0	0	0	0	0	0	0	0	0	0	0	0	0	0	0
"c37443_g1_i1"	0.721	0	0	0.381	0	0.449	0.43	0	0	0.451	0	0.84	0	0	0	0	0	0	0.531	0	0	0	0	0	0	0	0	0	0	0	0	0.474	0	0.404	0	0	0
"c94918_g1_i2"	0.098	0.128	0	0.106	0.116	0.112	0	0.355	0.117	0.11	0.692	0	0	0	0	0	0	0	0.139	0	0.108	0.193	0	0	0.131	0.576	0	0.383	0	0	0	0	0.118	0	0.123	0	0.116
"c158606_g1_i1"	0	0	0	0	0	0	0	0	0	0	0	0	0	0	0	0	0	0	0	0.254	0	0	0	0	0	0	0	0	0.605	0	0	0.323	0	0	0	0	0
"c100799_g1_i1"	0	0	0	0	0	0	0	0	0	0	0.739	0	0	0.468	0	0	0	0	0	0	0.344	0.315	0	0	0.414	0.413	0	0	0.378	0	0	0	0	0	0.413	0	0
"c120063_g1_i2"	0.418	0.182	0	0.151	0	0	0	0	0.36	0	0	0.17	0.41	0	0.453	0.349	0.165	0.417	0	0	0.157	0.578	0.157	0.366	0.192	0	0	0	0.173	0.158	0.169	0	0	0	0.38	0.452	0.338
"c109441_g1_i1"	90.154	53.069	54.562	55.255	40.611	55.031	43.311	45.746	49.739	55.562	55.476	48.303	58.455	49.418	45.814	58.499	54.581	51.872	59.392	53.481	46.966	60.019	55.447	41.673	52.284	64.629	58.271	62.831	43.648	53.514	45.311	57.488	56.151	40.18	47	71.113	43.08
"c19713_g1_i1"	1.213	0	0	0	0	0	0	0	0	3.652	0	0	0	0	0	0	0	0	0	0	0	0	0	0	0	0	0	4.31	0	0	0	0	0	0	0	0	0
"c131107_g1_i3"	0	0.235	0.124	0.24	0.532	0.214	0	0.506	0.233	0.431	0	0.217	0.188	0	0.235	0	0	0.395	0	0.236	0	0	0.249	0	0.121	0.048	0	0	0.108	0.257	0.498	0	0	0.207	0	0	0.38
"c154144_g1_i1"	0	0	0	0	0	0	0	0	0	0	0	0	0	0	0	0	0	0	0	2.452	0	0	6.144	0	0	0	0	0	0	0	0	2.795	0	0	0	0	0
"c126958_g2_i1"	141.413	339.879	270.097	177.829	260.631	254.134	160.92	254.07	251.067	207.54	231.61	233.099	369.46	323.623	194.03	293.049	221.491	225.215	353.051	147.006	258.363	255.85	253.484	290.87	328.002	373.139	291.389	339.043	240.115	219.114	231.435	271.743	291.339	229.367	275.287	217.173	226.761
"c177071_g1_i1"	0	0	0	0	0	0	0	0	0	0	0	0	0	0	0	0	0	0.812	2.276	0	0	0	0	0	0.697	0	0	0	0	0	0	0	0	0	0	0	0
"c131333_g1_i3"	0.385	0	0.305	0.24	0	0.541	0.134	0.14	1.547	0.532	0	0	0	0	0	0	0	0	0	1.156	0	0	0	0	0	0	0	0	1.232	1.274	0.953	2.125	0	0.256	0.447	0	1.204
"c143038_g1_i3"	0.951	0.653	1.084	0.781	0.919	0.969	1.596	0.764	0.424	0.863	1.517	1.085	1.185	0.644	0.761	1.131	0.478	0.53	0.947	1.401	0.826	1.165	1.041	0.787	0.808	0.614	0.575	0.624	0.865	0.869	0.826	0.924	0.691	1.084	0.849	1	0.781
"c130727_g2_i1"	0	0	0	0	0	0	0	0	0	0	0	0	0	0	0	0	0	0	0	0	0	0	0	0	0	0	0	0	0	0	0	0	0	0	0	0	0
"c104064_g3_i2"	0	0	0	0	0	0	0	0	0.148	0	0.142	0	0	0.187	0	0	0	0.18	0	0	0.138	0	0	0	0.162	0	0.166	0	0	0	0	0	0	0	0	0	0.148
"c2754_g1_i1"	0	0.407	0	0	0.368	0	0	0	0	0	0	0	0	0	0	0	0	0.474	0	0	0	0	0	0	0	0	0	0	0	0	0	0.404	0	0	0	0	0
"c3641_g2_i1"	0.09	0	0	0.559	0	0	0.21	0	0.879	0.211	0	0	0	0	0	0	0	0	0	0	0	0	0	0	0	0	0	0	0.216	0.395	0.836	1.409	0	0	0.703	0	0.834
"c142711_g3_i1"	0.361	0	0	0	0	0	0.43	0	0	0	0	0	0	0	0.397	0	0	0	0	0	0	0.745	0	0	0	0.518	0	0	0.443	0	0.858	0	0	0	0.491	0.391	0
"c138747_g3_i1"	3.566	4.976	5.535	6.556	4.837	3.407	4.72	5.324	4.852	4.394	5.526	4.539	4.452	3.922	2.671	3.855	3.722	2.83	2.449	4.826	3.934	3.162	4.44	4.149	3.092	3.407	3.551	4.209	3.836	4.968	5.209	4.805	3.861	4.789	4.835	6.92	7.497
"c126588_g2_i1"	0.435	0	0	1.748	0	0	0	0	1.049	1.134	2.057	0.991	2.835	0	0	0	1.165	0	0	0	0	0	0	0.991	1.192	0	0	0	1.037	0	0	1.04	2.686	0	0	0	0
"c141998_g3_i1"	0.016	0.342	0.633	0.923	0.01	0.01	0.019	0.452	0.011	0.03	0.872	0.028	0.011	0.328	0.024	0.405	0.357	0.316	0.462	0.578	0.02	0.631	0.562	0.043	0.404	0.029	0.033	0.534	0.573	0.03	0.54	0	0.346	0.611	0.022	0	0.729
"c141913_g1_i5"	3.624	6.367	8.246	1.34	5.195	4.641	3.143	4.356	7.225	5.428	2.009	2.199	6.479	6.732	1.918	6.155	2.296	6.033	5.996	2.365	6.559	2.777	3.501	6.455	5.314	6.045	7.356	3.695	7.37	3.664	4.266	7.531	4.739	5.518	8.051	4.938	6.219
"c117492_g1_i2"	0.066	0.674	0	0.275	0	0.153	0.306	0.161	0	0	0.152	0.151	0	0.386	0.267	0.151	0.148	0	0.185	0	0.433	0	0	0.172	0	0.307	0.343	0.171	0	0	0.159	0.173	0	0.148	0.167	0.678	0.148
"c29597_g1_i1"	0.09	0	0	0	0	0	0	0	0	0	0	0	0	0	0	0	0	0	0.254	0	0.197	0	0	0	0	0.221	0	0.232	0	0	0.212	0	0	0.197	0	0	0.211
"c118913_g2_i1"	0	0	0	0	0	0	0	0	0	0	0	0	0	0	0.526	0	0	0.744	0	0	0	0	0	0	0	0	0	0	0	0	0	0	0	0	0	0	0
"c55090_g1_i1"	0	0	0	0	0	0	0	0	0	0	0	0	0	0	0	0	0	0	0	0	0	0	0	3.028	0	0	0	0	0	0	0	0	0	5.35	0	0	0
"c128583_g1_i2"	0.057	0	0	0.248	0.542	0.143	0	0.29	0.434	0.281	0	0.274	0.166	0.527	0	0	0.13	0	0	0	0.521	0.114	0.129	0.151	0.152	0	0	0.151	0.421	0.267	0.286	0	0	0.138	0	0	0
"c143089_g2_i2"	29.483	24.25	22.785	26.962	29.495	28.327	28.578	26.976	34.261	25.935	29.316	28.214	28.674	27.138	28.8	27.562	26.112	27.075	33.896	28.299	28.361	26.322	27.977	24.409	26.178	23.232	25.784	28.787	30.605	30.333	28.108	28.022	28.91	28.505	28.597	30.158	25.457
"c143700_g1_i1"	2.927	3.232	2.406	3.158	3.067	3.009	2.618	2.743	2.596	2.538	3.147	3.859	5.05	3.255	2.768	3.375	2.965	3.417	2.992	2.777	2.065	4.196	2.681	2.662	2.869	3.08	2.942	2.648	1.88	1.966	2.795	2.021	3.248	3.527	1.373	2.738	2.661
"c138503_g2_i3"	21.866	23.03	23.53	25.95	23.749	23.532	25.435	20.576	22.205	21.139	36.074	26.411	25.229	30.557	26.809	19.663	20.086	23.241	26.918	26.74	22.687	22.362	18.138	24.107	26.076	14.797	29.844	24.035	30.302	20.604	18.294	26.393	20.715	19.282	27.726	20.56	27.485
"c147101_g3_i2"	1.336	0.803	0.779	0.027	0.029	2.53	1.844	0.032	0.678	1.274	1.934	1.614	1.096	1.428	1.967	0.858	2.165	2.312	1.109	1.147	1.288	1.147	0	0.679	0.99	0.96	0.077	0.282	1.459	0.059	0	0	0.197	0.059	1.206	1.634	0.781
"c146015_g3_i4"	0.902	0.835	1.762	2.209	1.828	1.153	2.819	1.818	1.271	2.609	1.213	1.293	0.975	0.691	1.004	0.924	0.47	1.477	0.069	0.955	1.455	1.673	1.649	0.183	0.364	0.748	0.874	0.957	0.616	2.252	0.222	0.312	0.681	0.325	0.603	0.626	1.214
"c147236_g1_i2"	0.279	0.246	0.124	0.284	0.319	0.245	0.277	0.194	0.18	0.311	0.294	0.236	0.155	0.222	0.21	0.141	0.287	0.192	0.162	0.473	0.236	0.201	0.368	0.269	0.212	0.115	0.232	0.262	0.281	0.138	0.233	0.15	0.286	0.236	0.223	0.235	0.211
"c117430_g1_i1"	0.221	0	0.316	0	0	0	0.793	0	0.561	0	0	0.783	0	0.34	0.243	0.283	0	0	0.335	0	0.256	0	0	0.291	0	0	0	0	0	0	0	0	0	0	0	0	0
"c76989_g1_i1"	0	0	0	0	0	0	0	0	0	0	0	0	0	0	0	0	0	0	0	0	0.275	0	0	0	0	0	0.653	0	0	0	0	0	0.642	0	0	0	0
"c127176_g2_i2"	0	0	0	0	0.658	0	0	0	0	0	0	0	0	0	0	0	0	0	0	0	0	0	0	0	0	0	0	0	0	0	0	0.67	0	0.571	0	0	0
"c120152_g1_i8"	0.189	0	0	0.204	0	0.112	0	0	0.487	0	0.227	0	0	0	0.105	0	0	0	0	0.201	0.108	0.096	0.212	0.506	0	0.115	0	0.131	0.357	0	0	0	0.118	0.108	0.123	0	0
"c10325_g1_i2"	0	0	0	0	0	0	0	0	0	0	0	0	0	0	0	0	0	0	0	0	0	0	0	0	0	0	0	0	0	0	0	0	0	0	0	0	0
"c86398_g1_i1"	0.59	0	0	0	0	0.367	0.344	0.376	0	0	0	0.34	0.432	0.445	0.316	0	0.357	0	0	0	0	0.298	0	1.121	0.394	0.393	0.398	0.403	0	0	0	0	1.175	0.66	0.793	0	0
"c154273_g1_i1"	0	0	0	0	0	0	0	0	0	0	0.483	0	0	0	0	0	0	0	0	0	0	0	0	0	0	0	0	0	0.249	0	0	0.554	0	0	0	0	0
"c115792_g1_i1"	0.148	0.128	0.136	0	0	0.122	0.239	0.247	0.254	0.241	0	0.472	0	0.152	0	0.123	0.235	0	0	0	0.226	0.105	0.221	0	0.404	0	0.409	0	0.13	0	0	0.139	0.128	0	0	0	0.116
"c145697_g1_i1"	2.173	3.35	3.457	1.934	2.796	2.999	3.325	3.238	3.676	3.612	1.962	2.378	3.19	3.419	3.189	3.365	2.191	3.608	3.362	2.382	3.57	2.374	3.335	3.901	2.91	3.263	2.998	2.386	4.215	2.677	3.271	2.622	3.436	3.498	4.969	2.286	3.506
"c19240_g1_i1"	0.197	0	0	0	0	0	0	0	0	0	0	0	0	0	0	0.5	0	0	0	0	1.76	0.394	0	0.485	0	0	0.52	0	0	0.435	0	0	0	0.424	0	0	0
"c147363_g1_i4"	0.246	0.064	0.136	0.053	0.232	0.235	0.354	0.742	0.254	0.472	0.474	0.236	0	0.07	0.21	0	0.287	0.654	0.15	0.359	0.285	0.105	0.166	0.269	0.263	0.518	0.199	0.393	0.065	0.119	0.18	0.347	0.118	0.118	0.067	0.209	0.063
"c91729_g2_i1"	0.107	0	0	0	0	0	0	0	0	0.261	0	0.255	0	0	0	0	0.252	0	0.312	0	0	0.219	0	0	0	0	0	0	0	0	0	0	0	0	0	0	0.253
"c72713_g1_i1"	0	0	0	0	0	0	0	0	0	0	0	0	0	0	0	0	0	0	0	0	0	0	0	0	0	0	0	0	0	0	0	0	0	0	0	0	0
"c140791_g1_i1"	2.87	7.812	7.749	0.594	4.102	7.151	1.271	3.399	7.988	1.966	0.597	2.869	6.656	3.969	2.809	7.136	4.365	2.447	5.984	0.885	6.195	5.755	3.989	7.619	7.941	8.742	12.223	2.346	8.278	2.608	10.079	11.943	4.927	4.404	10.251	4.338	4.984
"c121106_g1_i2"	0.107	0	0	0	0	0	0	0	0	0	0.246	0	0	0	0	0.255	0	0	0	0	0	0	0.24	0	0	0	0.288	0	0	0.474	0	0	0	0	0	0	0.243
"c171827_g1_i1"	0	0	0	0	0	0	0	0	0	0	0	0	0	0	0	0	0	0	0	0	0	0	0	0	0	0	0	0	0	0	0	0	0	0	0	0	0
"c144067_g1_i2"	0.894	1.605	0	0	0.745	0	0	0.785	0	0	0.711	0.689	0	0.913	1.319	0	0	0.947	1.756	1.174	2.675	0	2.202	0.711	0	0	1.549	0	0.724	0	0	0	0	0.631	0	0.643	0
"c102114_g1_i1"	0.057	0.161	0	0.062	0	0.071	0.363	0.376	0.148	0.431	0	0.142	0.177	0.094	0.13	0.075	0	0	0	0	0.069	0.061	0.064	0.075	0.242	0.067	0	0.081	0	0.069	0.074	0.081	0.306	0	0.324	0.13	0
"c87390_g1_i1"	0	0	0	0	0	0	0	0	0	0	0	0	0	0	0	0	0.461	0	0	0	0	0	0	0	0	0	0	0	0	0	0	0	0	0	0	0.4	0
"c181272_g1_i1"	0	0	0	0	0	0	0	0	0	0	0	0	0	0	0	0	0	0	0	0	0	0	0	0	0.566	0	0	0	0	0	0	0	0	0	0	0	0
"c102884_g1_i1"	0	0	0	0	0	0	1.003	0	0	0	0	0	0	0	0	0	0	0	0	0	0	0	0	0	0	0	0	0	0	0	0	0	0	0	0	0	0
"c145702_g1_i1"	1.525	0.76	0.61	1.109	0.745	1.295	1.213	0.86	0.805	0.732	0.863	0.594	0.764	0.679	2.064	0.961	0.878	1.522	1.56	2.058	1.79	1.2	1.75	1.185	0.889	1.228	0.642	1.289	0.832	1.264	1.101	1.363	0.839	1.044	1.251	1.278	0.824
"c137789_g1_i6"	0.41	0.203	0	0.08	0.271	0	0.086	0.194	0.477	0.181	0.455	0.538	0.321	0.351	0.081	0.094	0	0.226	0.116	0.315	0	0.228	0.415	0.097	0.697	0	0.1	0.201	0	0.523	0	0	0.099	0.089	0.1	0.4	0
"c128771_g1_i2"	0.139	0.128	0.26	0	0.222	0	0.229	0	0.604	0.231	0	0.113	0.133	0.574	0	0	0	0.135	0.139	0.201	0.108	0	0.212	0.248	0	0.115	0	0.121	0	0.109	0.233	0.254	0	0.335	0.257	0.104	0.232
"c100570_g1_i1"	0.697	0.31	0	0.497	0.281	0.581	0.554	0	0.297	1.144	0	1.095	0	1.077	0.251	0.292	0.557	0.71	0	0.718	0.266	0.237	0.267	0.603	1.566	0	0.63	0	0.573	0.267	0.836	0	0.918	1.064	0.625	0	0
"c151941_g1_i1"	0	0	0	0	0	0	0	0	0	0	0	0	0	0	0	0	0	0	0	0	0	0	0	0	0	0	0	0	0	0.711	0	0	0	0	0	0	0
"c171960_g1_i1"	0	0	0	0	0	0	0	0	0	0	0	0	0	0	0	0	0	0	0	1.296	0	0	0	0	0	0	0	0	5.004	0	0	0	0	0	0	0	0
"c33235_g1_i1"	0.221	0.15	0	0	0	0.265	0.268	0.14	0.286	0	0.133	0.519	0.321	0	0	0	0	0.169	0.162	0	0	0	0.249	0.291	0.152	0	0.454	0	0.14	0	0	0.3	0.138	0.256	0.447	0	0.264
"c28478_g1_i1"	0	0	0	0	0.329	0	0	0	0	0.502	0	0	0	0	0.445	0	0	0	0	0.718	0.157	0	0	0.183	0.182	0	0	0.181	0	0	0	0	0	0.483	0	0	0.169
"c147670_g1_i7"	1.189	0.771	0.926	0.639	1.025	0.816	1.242	0.85	0.816	0.722	0.768	0.991	0.687	0.738	0.737	1.037	1.113	0.801	0.555	1.226	1.151	0.648	1.17	1.132	1.222	0.72	0.664	1.057	0.843	0.919	0.963	0.728	1.422	0.749	1.05	1.426	0.644
"c167261_g1_i1"	0	0	0	0	0	0	0	0	0	0	0	0	0	0	0	0	0	0	0	0	0	0	0	0	0	0	0	0	0	0	0	0	0	0	0	0	0
"c146468_g2_i1"	0.713	0.856	0.689	0.63	0.755	0.581	0.411	0.645	1.155	0.612	0.616	0.774	0.753	0.574	0.656	0.914	0.696	0.902	0.866	0.596	0.974	0.517	0.488	0.722	0.677	0.892	0.918	0.675	0.659	0.464	0.498	0.612	0.563	0.581	0.826	0.461	0.56
"c146294_g6_i1"	0	0.482	0.52	0	0	0	0.43	0	0	0	0	0.425	0	0	0	0	0	0.564	0	0	0	0	0	0	0	0	0.487	0	0	0	0	0	0	0	0	0	0
"c140856_g4_i2"	0	0	0	0	0	0	0	0	0	0	0	0	0	0	0	0	0	0	0	0	0	0	0	0	0	0	0	0	1.059	0	0	0.554	0	0.946	0	0	0
"c143273_g2_i2"	0.049	0.032	0	0.213	0.058	0.031	0.182	0.032	0.032	0.211	0.028	0.085	0.21	0.117	0.024	0.151	0	0.147	0.069	0	0.059	0.026	0	0.097	0.131	0.086	0.033	0.131	0.032	0.059	0.064	0.035	0.03	0.059	0.201	0.026	0.148
"c156142_g1_i1"	0	0	1.988	2.484	0	0	0	0	0	0	0	0	0	0	0	0	0	0	0	0	0	0	1.842	1.358	0	0	0	0	0	0	0	0	0	0	0	0	0
"c133823_g1_i2"	1.254	1.894	2.214	1.792	2.312	2.968	2.589	2.538	2.394	1.385	3.933	1.538	1.96	1.99	1.756	2.96	2.409	1.928	1.282	2.873	1.16	2.146	2.082	1.056	2.869	2.322	1.195	1.43	2.323	2.331	2.763	2.391	2.182	2.375	3.093	1.226	2.798
"c111885_g1_i1"	0.853	0	0	0	0	0	0	0	0	0	0	0	0	0	0	0	0	0	0	0	0	0	0	0	0	0	0	0	0	0	0	0	0	0	0	0	0
"c183423_g1_i1"	0	0	0	0	0	0	0	0	0	0	2.218	0	0	0	0	0	0	0	0	0	2.065	0	0	0	0	0	0	0	0	0	0	0	0	0	0	0	0
"c109632_g1_i1"	0.066	0	0.09	0	0.077	0	0	0	0.074	0.07	0	0.151	0.354	0.094	0	0	0.07	0	0	0.193	0	0	0.064	0	0	0	0	0.081	0	0	0.148	0	0	0.217	0	0.07	0
"c144534_g4_i1"	1.492	0.171	0	0.976	0.155	0.479	0	0	0.17	0	1.099	0.151	0	0.398	0.138	0.481	0.304	0	0.381	0.946	1.19	4.529	0.58	0.172	0.859	0.96	0.354	0	0.162	0.444	0	0.173	0.168	0.601	0	0.965	0.158
"c127863_g2_i1"	0.082	0.225	0	0.373	0	0	0	0	0.222	0	0	0	0	0	0.55	0	0	0	0	1.244	0.59	0	0.58	0	0	0	0	0	0	0	0	0	0	0	0	0	0
"c142593_g1_i1"	0.435	0.161	0.169	0.151	0.222	0.316	0.535	0.237	0.148	0.371	0.085	0.425	0.299	0.363	0.202	0.283	0.409	0.248	0.381	0.228	0.246	0.385	0.258	0.226	0.566	0.278	0.365	0.403	0.411	0.109	0.116	0.358	0.148	0.394	0.156	0.148	0.053
"c160240_g1_i1"	0.18	0	0.09	0.266	0	0.224	0.296	0.312	0.551	0.15	0	0	0	0	0	0	0	0	0	0.193	0	0	0	0	0	0	0	0	0.843	0.356	0.307	0.936	0	0.148	0.246	0	0.222
"c156082_g1_i1"	0	0	0	0	0	0	0	0	0	0	0	0	0	0	0.178	0	0	0	0.243	0	0	0	0.184	0	0	0	0.221	0	0	0	0.805	0	0	0	0	0	0.201
"c165107_g1_i1"	0	0	0	0	0	0	0	0	0	0	0	0	0	0	0	0	0.722	0	0.439	0	0.344	0	0	0	0	0	0	0	0	0	0	0.393	0	0	0	0	0
"c127198_g1_i1"	0.336	0.332	0	0.452	0.203	0	0.497	0.215	0.212	0.201	0.303	0.594	0.122	0.129	0.089	0.104	0.487	0	0.254	0.263	0.384	0	0.184	0.108	0.667	0.499	0.343	0.111	0.519	0.484	0.413	0.347	0	0.296	0.223	0.443	0
"c147394_g1_i2"	4.329	4.377	3.457	4.196	2.351	3.591	3.679	3.313	4.047	3.702	2.834	3.171	3.312	3.665	4.25	3.186	3.217	3.936	3.489	3.547	3.442	3.434	4.136	3.998	3.385	3.128	4.557	3.695	4.204	3.862	3.61	4.747	4.473	4.237	3.596	3.938	3.379
"c97531_g1_i1"	0	0.3	0	0	0	0.571	0	0.29	0.286	0.843	0.275	0.274	1.008	0.702	0	0.575	0	1.049	0.335	0.236	0	0.473	0	0.884	0.303	1.497	0	1.238	0	0	0.275	0	0	0.266	0.313	0.243	0
"c35535_g1_i1"	0	9.867	0	0	0	0	0	5.378	0	0	0	0	0	0	4.395	0	0	0	0	0	0	0	0	0	0	0	0	0	0	0	0	0	0	0	0	0	0
"c33317_g2_i1"	19.398	5.265	5.953	2.901	9.267	5.508	20.552	11.993	12.776	6.07	4.474	4.359	5.106	6.451	9.058	7.154	12.669	12.415	5.129	8.908	4.229	2.794	7.959	7.964	2.647	7.159	2.013	7.058	14.341	8.484	14.514	10.257	9.103	11.518	9.346	12.449	0
"c135245_g2_i2"	0.262	0.685	0.294	0.115	0	0.255	0	0.527	0.53	0.762	1.014	0.245	0.908	0.96	0.89	0	0.122	0.936	0.15	0	0.6	0.324	0	1.11	0.839	0.758	0	0.282	0.778	0.484	0.127	0	0	0.118	1.262	0.443	0.253
"c143829_g2_i2"	6.411	5.276	7.218	6.113	6.984	7.487	9.383	5.615	7.193	7.113	5.99	5.756	7.587	6.826	6.168	7.371	7.904	5.931	6.262	5.719	5.576	5.475	6.2	5.884	4.93	5.786	7.809	3.997	8.354	6.924	5.738	9.275	7.672	7.784	6.845	7.633	8.183
"c89913_g1_i1"	0	0	0	0	0	0.326	0.315	0	0.667	0.321	0.635	0.934	0.388	0	0.283	0	0	0.406	0	0.272	0	0	0	0	0.354	0.355	0	0	0.324	0	0.635	0	0	0	0	0	0
"c135146_g1_i6"	0.426	0.321	0.26	0.905	0.445	0.612	0.936	0.979	0.413	0.321	0.616	0.67	0.155	0.293	1.02	0.358	1.261	0.631	0.52	1.787	0.649	0.797	1.299	0.506	0.253	0.566	0.785	0.957	0.4	0.316	0.741	0.185	1.175	0.571	0.581	0.652	0.465
"c86637_g1_i1"	1.197	1.712	0.26	0.79	0.445	0.683	1.758	1.409	1.165	0.903	0.445	1.953	1.074	0.281	0.194	0.226	0	0	0.82	1.147	0.629	0.193	0.212	1.207	0.738	1.171	0.752	0.493	0.681	0.207	1.345	0.751	0	0.424	0.748	1.382	0.876
"c97466_g1_i1"	0.279	0.182	0.486	0.381	0.252	0.173	0	0	0.265	0.171	0.085	0.17	0.199	0.211	0.073	0.255	0.165	0.203	0.208	0.149	0.079	0.219	0.074	0.377	0	0.086	0.1	0.181	0.086	0.326	0.169	0.485	0.089	0.246	0.19	0.296	0.253
"c55885_g1_i1"	0	0	0	0	0	0	0	0	0	0	0	0	0	0	0	0	0	0	0	0	0	0	0	0	0	0	1.084	0	0	0	0	0	0	0	0	0	0
"c105759_g1_i1"	10.429	11.311	9.647	7.568	11.212	7.069	4.481	5.141	9.99	4.425	7.876	9.88	8.273	12.785	9.551	9.803	9.835	13.374	12.119	10.475	14.731	8.47	8.714	12.436	9.295	11.506	13.218	11.277	11.909	8.573	4.722	8.039	6.951	6.749	10.731	9.658	8.595
"c181040_g1_i1"	0	0	0	0	0	0	0	0	0	0	0.588	0	0	0	0	0	0	0	0	0	0	0	0	1.196	0	0	0	0	0	0	0	0	0	0	0	0	0
"c143373_g1_i9"	0.238	0.214	0.09	0.106	0.3	0.194	0.42	0.204	0.127	0.08	0.626	0.302	0.233	0.094	0.308	0.189	0	0.192	0.196	0.578	0	0.263	0.212	0.043	0.253	0	0.221	0.131	0.162	0.148	0.243	0.219	0.079	0.227	0.134	0.174	0.074
"c107165_g1_i1"	0	0.203	0	0	0.184	0	0	0	0.191	0	0.19	0	0	0	0	0	0	0	0.231	0.158	0	0	0	0	0	0	0	0	0	0	0	0	0	0	0	0	0
"c110795_g1_i1"	2.993	4.612	5.038	2.351	3.125	3.713	1.691	2.754	6.113	4.093	2.777	3.623	4.253	4.859	3.254	3.327	4.817	5.041	6.481	2.163	5.379	5.159	4.514	4.483	5.658	5.316	6.902	3.927	6.506	4.03	4.817	4.643	6.24	4.207	6.153	4.069	3.294
"c128900_g1_i1"	14.299	12.97	8.201	6.902	16.426	14.189	9.736	10.444	11.95	11.347	10.578	10.115	10.809	10.607	12.368	11.34	14.304	13.115	14.129	11.272	10.424	12.666	16.766	12.436	9.659	9.107	11.028	15.557	7.748	11.675	10.587	11.701	17.012	8.887	8.23	11.832	7.096
"c76795_g1_i1"	0	0	0	0.674	0	0.857	0	0.871	0.805	0	0	0	0	1.007	0	0	0	0	0.97	0.648	0	0	0	0	0	0	0.852	0	0	0	0.73	0	0	0	0	0	0
"c124278_g1_i1"	2.369	2.665	4.812	2.147	3.928	2.989	2.666	2.538	14.154	2.849	2.218	2.642	3.755	3.571	2.299	2.564	3.296	3.146	3.085	2.032	5.625	2.286	3.003	3.977	5.112	4.078	5	2.286	3.08	2.173	2.88	5.556	3.219	3.675	4.768	2.991	3.252
"c143986_g7_i3"	1.295	0.685	0	0	0.967	1.979	2.752	1.301	0	0	1.981	0.878	0.964	0	1.805	0	0.174	0.992	0	2.102	0	1.218	1.234	0	0	0.624	0	0.886	0	1.284	1.186	0.82	0	0	1.496	0	0
"c55703_g1_i1"	0.057	0	0	0.133	0.145	0.143	0	0	0.148	0	0	0	0.177	0	0	0	0	0	0	0	0	0.123	0	0.162	0	0	0	0	0	0.138	0	0	0.148	0	0.48	0	0
"c132765_g1_i1"	3.55	2.986	2.689	3.38	2.206	4.07	2.905	2.657	1.939	2.96	2.711	3.104	2.27	3.372	2.404	2.319	2.609	4.308	3.489	2.671	2.183	2.917	2.091	1.886	2.708	2.668	2.887	4.048	2.269	2.983	1.98	2.056	2.705	2.513	2.077	3.382	2.735
"c109605_g2_i1"	0	0	0	0	0	0	0	0	0	0	0	0	0.72	0	0	0.622	1.165	0.733	0	0	0	0	0	0	0	0	0.619	0	0	0	0	0	0.652	0	0	0	0
"c66641_g1_i1"	0	0	3.75	0	0	0	0	0	0	0	0	0	0	0	0	0	0	0	0	1.901	0	0	0	0	3.193	0	0	0	0	0	0	0	0	0	3.283	0	0
"c114685_g2_i1"	0.336	0	0	0.142	0.329	0	0.325	0.516	0.17	0.161	0	0.321	0.199	0	0.583	0.17	0	0.203	0.196	0.14	0.315	0.28	0.304	0.183	1.263	0.163	0.929	0	0	0.158	0.169	0.37	0.178	0.788	0.179	0.435	0
"c128926_g1_i3"	0.238	0.214	0.339	0.701	0.097	0.102	0.096	0.301	0.106	0.482	0.787	0	0.465	0.246	0.429	0.292	0.096	0.237	0.116	0.254	0.374	0.412	0.267	0.216	0.424	0.288	0.111	0.211	0	0.84	0.201	0.335	0.306	0.473	0.324	0.261	0.201
"c146210_g2_i4"	0.328	0.193	0	0.16	0.261	0.092	0.172	0.097	0.191	0.09	0.445	0.085	0.111	0.117	0.308	0.264	0	0.113	0.104	0	0.167	0.674	0.166	0.097	0.394	0.173	0	0.292	0.184	0.089	0	0.104	0.188	0.256	0	0.078	0.084
"c149149_g1_i1"	0.828	2.365	0	2.821	0.996	1.163	1.137	0	1.515	1.736	2.019	0	1.728	0.363	1.141	2.036	0.974	0.53	0	0	1.092	0	1.336	0	0.475	0.729	2.456	0.957	1.037	2.608	2.043	2.61	0	0	1.284	0	0.285
"c95408_g1_i1"	0	0	0	0	0	0	0	0	0	0	0	0	0	0	0	0.339	0	0	0	0	0	0	0	0	0	0	0	0	0	0	0	0	0	0	0	0	0
"c141062_g1_i1"	7.207	6.571	7.038	6.184	8.842	6.712	6.478	6.647	7.511	5.779	7.232	6.454	6.811	5.69	7.083	8.003	7.226	7.003	8.283	7.103	6.825	6.324	7.6	6.39	7.527	6.41	6.825	7.28	5.76	6.242	8.056	7.196	8.165	6.493	5.885	7.398	6.019
"c97871_g1_i1"	0	0	0	0	0	0	0	0	0	0	0	0	0	0	0	0	0	0	0	0	0	0	0	0	0	0	0	0	0	0	0	0	0	0	0	0	0
"c130133_g2_i1"	4.837	4.548	1.209	6.042	5.175	3.897	3.707	4.378	2.151	2.458	1.374	5.681	0.421	1.744	1.538	1.084	5.122	3.924	3.373	4.082	2.921	2.628	0.332	6.541	4.577	3.445	3.075	4.279	3.858	0.978	3.388	7.185	4.157	0.325	4.232	10.997	2.671
"c168812_g1_i1"	0	0	0	0	0	0	0	0	0	0	0	0	0	0	0	0	0	0	0	0	0	0	0	0	0	0	0	0	0	0	0	0	0	0	4.567	0	0
"c6330_g1_i1"	0	0	0	0	0	0	0	0	0	0	0	1.415	0	0	0.437	2.102	0.496	2.515	1.19	0	0	0	1.437	1.509	1.091	4.664	0.542	2.809	4.452	1.827	1.408	1.571	0	0	0	0	1.858
"c142988_g1_i3"	3.189	2.814	2.802	2.573	2.36	2.275	3.831	2.872	3.962	3.261	2.076	1.378	2.913	1.662	1.141	2.319	1.356	0.778	1.421	2.102	2.203	1.139	1.244	1.185	0.929	1.027	1.195	1.158	3.199	1.58	2.7	2.911	2.419	2.542	3.674	4.625	6.853
"c69845_g1_i1"	0	0	0	0	0	0	0	0	1.335	0	0	0	0	0	0	0	0	0	0	0	0	0	0	0	0	0	0	0	0	0	0	0	0	0	0	0	0
"c137378_g1_i2"	0.623	0.856	0.768	0.648	0.648	0.663	0.774	1.56	0.445	0.903	0.967	1.01	0.576	0.913	0.583	0.481	0.8	0.665	0.37	0.526	0.403	0.561	0.276	1.002	0.788	0.47	0.343	0.916	1.059	0.869	0.741	0.832	0.81	0.65	0.938	0.426	1.098
"c141606_g1_i5"	0.918	0.963	1.672	1.615	1.683	1.54	1.07	1.097	1.483	0.823	0.663	1.321	1.506	1.37	1.765	1.197	0.861	1.398	0.994	0.692	1.17	0.981	1.078	1.541	1.091	1.516	1.261	1.581	1.048	1.827	1.419	0.832	1.205	0.887	0.86	1.487	1.288
"c134644_g2_i2"	0.336	0.3	0	0.08	0	0.092	0.086	0.097	0.095	0.09	0.54	0.179	0.321	0.234	0.081	0	0.261	0.113	0.116	0.315	0.433	0.385	0.083	0.205	0.303	0.086	0	0.201	0.097	0	0	0	0.286	0	0.1	0.4	0
"c138282_g2_i2"	8.519	4.998	6.315	2.529	4.189	3.642	3.564	5.658	6.886	5.849	1.659	2.831	17.676	4.39	1.837	6.25	3.217	1.973	3.373	4.686	7.11	1.104	6.006	7.005	6.951	9.702	9.623	2.467	8.235	1.867	5.071	8.698	4.739	2.345	8.844	4.121	5.406
"c136176_g6_i1"	0.59	0.289	0.452	0.701	0.648	0.133	0	0	0.413	0.13	0.133	0.51	0.155	0.164	1.263	0.528	0.252	0.327	0.635	1.016	0.128	0.333	0.599	0.711	0.141	0.259	0	1.007	0.27	0.375	0.265	0.15	0.553	0.128	0.29	1.035	0
"c90677_g2_i1"	0.287	0	0.271	0	0.464	0	0	0	0.244	0.231	0.237	0	0.277	0	0	0	0	0	0	0	0	0	0	0	0	0	0	0.524	0	0.444	0.233	0	0	0	0	0	0
"c158996_g1_i1"	0	0	0	0	0	0.51	0	0	0	0	0.967	0	0	0	0	0.528	0	0	0	0	0	0	0	0	0	0	0	0	0	0	0	0	0.553	0	0	0	0
"c142575_g2_i2"	0	0.235	0.508	0.586	0.435	0.224	0.43	0.463	0	0	0	0	0.532	0	0.194	0	0.209	1.094	0	0.377	0	0	0	0	0	0	0.243	0.242	0	1.245	0.222	0.982	0	0.414	0.246	0	0.866
"c138516_g1_i1"	9.051	6.143	4.903	4.188	7.052	6.202	3.707	4.733	6.95	5.528	5.118	8.068	4.474	5.62	14.699	6.334	10.356	5.266	8.745	12.709	7.306	9.863	6.706	4.946	4.486	3.435	10.53	4.642	6.452	5.235	2.657	2.876	9.222	3.803	5.36	12.154	5.301
"c131054_g1_i1"	1.131	1.637	1.356	1.198	1.325	1.122	1.118	1.215	1.79	1.094	0.976	0.981	1.695	1.37	1.052	1.47	0.852	1.15	0.693	1.095	1.534	0.999	1.069	1.627	1.121	1.161	1.737	0.866	1.426	1.007	1.323	1.571	1.185	1.508	1.586	0.991	1.373
"c124176_g1_i1"	0.049	0.139	0.102	0.115	0.087	0.082	0.038	0.043	0.138	0.08	0.133	0.17	0	0.105	0	0.038	0.043	0.203	0.058	0.858	0.325	0	0.424	0.043	0	0.038	0.044	0	0.043	0.326	0.265	0.347	0.217	0.039	0	0.078	0
"c47955_g1_i1"	0	0	0	0	0	0	0	0	0	0	0	0	0	0	0	0	0	0	0	0	0	0	0	0	0	0	0	0	0	0	0	0	0	0	0	0	0
"c90868_g1_i1"	0	0	0	0	0	0	0	0	0	0	0	0	0	0	0	0	4.782	0	0	0	0	0	0	0	0	0	0	0	0	0	0	0	0	0	0	0	0
"c63423_g1_i1"	0.066	0	0	0	0	0.337	0	0	0	0	0	0	0	0	0.146	0.339	0.643	0	0	0	0.315	0.14	0	0	0.182	0	0.188	0	0	0.158	0.169	0.185	0	0.158	0	0	0
"c177761_g1_i1"	0	0	0	0	0	0	0	0	0	0	0.389	0	0	0	0	0	0	0	0	0	0	0.333	0	0	0	0	0	0	0	0.731	0	0	0	0	0	0	0
"c157398_g1_i1"	0	0	0	0	0	0	0	0	0	0.582	0.559	0	0	0	0	0	0	0	0	0	0	0	0	0	0	0.701	0	0	0.562	0	0	0	0	0	0	0	0
"c137982_g1_i3"	3.78	4.345	3.344	3.753	3.337	4.029	3.65	3.248	4.089	3.2	3.962	4.822	3.599	3.629	4.768	3.563	4.183	4.432	4.24	2.654	4.406	4.783	3.602	3.998	4.183	2.601	5.11	3.665	3.177	3.743	2.985	3.662	4.463	3.025	3.272	4.025	3.579
"c78411_g1_i1"	0	0	0	0	0	0	0	0	0	0	0	0	0	0	0	0	0	0	0	0	0	0	0	0	0	0	0	0	0	0	0	0	0	0	0	0	0
"c132132_g3_i1"	0	0	0	0.337	0	0	0	0	0	0	0	0	0	0	0	0	0	0	0	0	0	0	0	0	0	0	0	0	0	0	0	0	0	0	0	0	0
"c85173_g3_i1"	0.057	0.139	0.452	0	0.126	0	0.258	0.957	0.138	0.261	0.265	0.387	0	0.164	0.113	0.132	0.13	0.327	0.162	0.114	0	0	0.24	0.291	0.141	0	0.155	0	0.411	0	0	0	0	0	0.29	0	0
"c40455_g1_i1"	0	0	0	0	0	0	0	0	0	0	0	0	0	0	0	0	0	0	0	0	0	0	1.511	0	0	0	0	0	0	0	0	1.271	0	0	0	0	0
"c145422_g1_i1"	15.176	38.611	30.715	20.485	34.255	27.531	20.533	35.463	29.621	29.467	24.302	34.206	40.945	38.6	23.797	30.022	29.747	56.304	45.633	16.843	35.47	33.093	31.367	37.718	36.705	37.367	36.547	43.448	28.044	31.261	29.78	35.253	29.868	35.52	27.347	24.646	25.204
"c134583_g1_i1"	5.042	0	0	0	0	4.141	1.605	0	1.653	0	6.644	4.727	0	2.178	0	4.76	0	2.582	0	6.473	0	5.781	4.247	5.906	6.022	4.952	0	4.642	0	1.521	0	1.571	0	0	0	3.199	0
"c80468_g1_i1"	0	0.31	0.328	0.124	0.135	0.286	0	0	0.148	0	0.142	0	0	0	0	0	0	0.169	0	0.123	0	0.359	0	0.313	0.313	0	0	0.151	0.14	0	0	0	0.296	0	0	0.122	0
"c168580_g1_i1"	0.049	0	0	0	0	0	0	0	0	0	0.36	0	0	0	0	0	0	0	0	0.42	0	0	0	0	0	0	0	0	0.497	0	0	0.139	0	0	0	0	0
"c144323_g3_i2"	0.607	1.059	1.073	1.198	1.432	1.816	2.503	0.828	1.504	1.455	0.531	0.566	0.886	2.143	0.971	1.103	0.339	0.925	2.01	0.963	0.974	0.604	1.253	1.724	1.606	2.102	1.98	1.067	2.01	1.067	2.276	2.044	0.691	1.823	1.373	1.4	1.214
"c143563_g1_i2"	0.246	0.128	0	0.426	0.116	0	0.583	0.129	0	0.241	0.237	0.113	0	0.901	0.105	0	0.113	0	0.15	0.105	0	0.105	0	0.259	0.131	0.595	0	0	0.119	0	0.847	0.266	0.247	0.227	0.268	0.104	0
"c14106_g1_i1"	0.271	0	0	0	0	0	0.325	0	0.339	0.331	0.322	0	0.399	0	0	0	0	1.24	0.404	0.28	0	0	0.313	0	0	0	0	0	0.335	0	0	0.358	0.711	0.305	0	0	0.317
"c120640_g2_i1"	0	0	0	0	0	0	0	0	0	0	0	0	0.421	0	0	0	0	0	0	0	0	0	0	0	0	0	0	0	0	0	0	0	0	0	0	0	0
"c135536_g1_i1"	0.476	0.182	0.136	0.053	0.164	0.286	0.229	0.118	0	0.231	0.114	0.51	0	0.07	0.097	0.226	0.33	0.564	0.277	0.499	0.059	0.193	0	0.442	0.061	0.115	0.133	0.755	0.054	0.168	0.349	0.196	0.178	0.059	0.447	0.4	0.116
"c107559_g1_i1"	0.033	0.161	0.339	0	0.213	0.224	0	0	0	0	0	0.075	0	0.094	0.13	0.075	0	0.18	0	0.061	0.069	0	0.064	0	0.162	0.077	0.929	0	0.151	0.356	0	0	0	0.069	0.078	0	0
"c85477_g1_i1"	0.377	0.246	0.531	0.204	0.909	0.235	1.127	0	0.72	0.462	2.512	1.557	0.831	1.452	0.607	0.707	0.226	0.857	0.843	1.174	0.433	1.165	0	0.744	0.505	0	0.52	1.53	0.94	0.217	0.688	0.254	0	0	0	0	0.454
"c74180_g1_i1"	0	0	0	0	0	0	0.975	0	0	0	0	0	0	0	0	0	0	0	0	0	0	0	0	0	0	0	0	0	0	0	0	0	0	0	0	0	0
"c52282_g1_i1"	0	0	0	0	0.416	0	0	0	0.424	0.421	0	0.396	0	0	0	0	0	0	0.497	0	0	0	0	0	0	0	0	0	0	0	0	0	0	0	0	0.365	0
"c105513_g1_i1"	0	0	0.271	0.204	0.232	0.235	0	0	0	0.712	0	0.226	0	0	0	0	0	0	0	0	0	0	0	0.248	0	0	0	0	0.238	0	0	0	0	0	0	0.209	0
"c85467_g1_i1"	1.361	0.738	1.581	0.559	2.022	1.397	3.182	0.71	0	2.057	0.654	1.255	0.842	0.831	1.805	0.735	1.365	1.725	2.403	0.543	0.61	0.552	0.663	0	0.738	0	0	0	0	0.612	2.477	1.375	1.54	0	0.737	0.591	0
"c129850_g1_i1"	0.459	0	0	0.106	0	0	0.124	0.129	0	0.12	0	0.359	0.144	0	0.542	0.245	0.235	0.147	0	0	0	0.21	0	0	0.131	0.125	0.144	0.131	0	0	0	0	0.128	0.709	0.134	0.652	0.37
"c144558_g1_i1"	0.049	0.011	0.023	0.062	0.029	0.02	0.067	0.022	0.021	0.11	0.085	0.019	0.044	0.059	0.016	0.057	0.026	0.011	0.069	0.018	0.03	0.061	0.028	0.119	0.051	0.067	0.022	0.01	0.054	0	0.053	0.104	0.069	0.069	0.056	0.07	0.032
"c136758_g2_i1"	0.287	0.289	0.339	0.177	0.261	0.133	0.258	0.312	0.381	0.161	0.161	0.321	0.233	0.293	0.429	0.264	0.191	0.203	0.162	0.342	0.344	0.254	0.212	0.366	0.111	0.701	0.232	0.111	0.443	0.158	0.106	0.416	0.405	0.384	0.514	0.174	0.496
"c99813_g1_i1"	0.189	0.161	0.35	0.541	0.155	0	0.602	0.161	0.318	0.15	0	0.594	0.177	0.187	0	0.311	0.148	0	0	0.131	0	0.254	0	0.162	0.333	0	0.177	0.171	0.151	0.148	0	0	0	0.296	0	0	0.148
"c133038_g3_i2"	4.108	6.367	3.829	2.537	3.463	3.519	3.363	4.012	2.5	3.582	3.602	3.425	4.308	5.421	4.581	4.562	3.487	4.657	5.73	3.381	3.924	3.399	3.418	4.58	5.425	4.385	5.409	4.692	3.966	3.457	2.657	5.464	5.381	2.946	4.344	4.025	5.174
"c143394_g3_i1"	0.435	0.706	1.31	0.869	0.638	0.734	2.092	1.097	0.858	0.321	1.299	0.557	2.215	1.241	0.567	0.726	1.009	1.59	0.497	0.561	0.157	0.762	0.746	1.347	0.889	0.796	0.465	1.249	0.756	1.007	0.91	1.305	0.504	1.182	1.083	0.217	1.066
"c44536_g1_i1"	0	0	0	0	0	0	0	0	0	0	0	0	0	0	0	5.26	0	0	0	0	0	0	5.113	0	0	0	0	0	0	0	0	0	0	0	0	0	0
"c145891_g1_i6"	15.84	9.781	11.059	18.046	13.456	12.404	12.603	11.208	10.52	10.354	19.923	19.75	12.98	8.664	17.46	12.556	26.234	17.332	12.627	19.655	15.852	28.012	20.911	10.863	17.448	13.396	11.791	15.043	6.538	12.139	10.502	12.267	11.562	7.961	7.035	9.789	7.117
"c125107_g2_i2"	55.047	314.881	36.668	247.066	230.933	296.323	126.237	116.93	348.849	113.953	255.941	135.7	149.671	308.837	145.609	119.985	240.916	189.874	627.601	1247.379	755.204	119.845	649.431	331.314	67.601	292.226	348.82	202.86	164.76	289.646	262.422	224.119	150.167	177.185	75.027	47.145	126.812
"c156316_g1_i1"	0	0	0	0	0	0	0.678	0	0	0	0	0	0	0.89	0	0	0	0	0.843	0	0	0	0	1.39	0	0	0	0	0	0	1.302	0.728	0	0	0	0.626	0
"c34923_g1_i1"	0.098	0.128	0.136	0.213	0	0.245	0	0	0.127	0	0	0	0	0	0	0	0	0	0.15	0	0	0	0	0.129	0	0.125	0	0	0	0	0.371	0	0	0	0	0.322	0
"c146801_g5_i1"	0	0	0	0	0	0	0	0	1.006	0	0	0	0	0	0	0	0	0	0	0	0	0	0	0	0	0	0	1.228	0	0	0	0	0	0	0	0	0
"c129186_g1_i1"	0.131	0.203	0.068	0.115	0.126	0.367	0.554	0.194	0.392	0.311	0.559	0.491	0.222	0.316	0.38	0.311	0.122	0.451	0.15	0.219	0.177	0.683	0.111	0.485	0.071	0.422	0	0.131	0.13	0.356	0.064	0	0.257	0.177	0.201	0.269	0
"c125991_g1_i1"	0	0.556	0	0	0	0	0	0	0	0	0	0	0	0	0	0	0	0	0	0	0	0	0	0.517	0	0	0	0	0	0	0	0	0	0.453	0	0	0
"c145588_g1_i2"	0.246	0	0	0	0	0.306	0.583	0	0	0	1.782	0.293	0	0.375	0	0.311	0.296	0	0	0	0	0	0	0.313	0.333	0	0	0.332	0.303	0	0	0	0.326	0.562	0.335	0	0
"c123614_g1_i1"	0.287	0.214	0.113	0.444	0.193	0	0	0.108	0	0.1	0.104	0.198	0	0	0.348	0	0.096	0.124	0	0.088	0.285	0.42	0.092	0.657	0.111	0.096	0.111	0.111	0.097	0.286	0	0.231	0.109	0.197	0	0.087	0.201
"c115598_g1_i1"	0.254	0	0	0	0.6	0	0	0	0	0.301	0.758	0	0	0.773	0.267	0.151	0	0.192	0.37	0.263	0	0.263	0.138	0	0.172	0	0.343	0	0.627	0	0.159	0.693	0.158	0	0.335	0	0.148
"c81140_g1_i2"	0	0	0	0	0.793	0	0	0	0.275	0	0	0	0	0	0	0	0	0	0	0	0	0	0	0	0	0	0.299	0	0	0	0.265	0	0	0.246	0	0	0.264
"c26488_g1_i1"	0.066	0	0	0	0	0	0	0	0	0.462	0	0	0	0.199	0	0	0	0	0	0	0	0	0.147	0	0	0	0	0	0.162	0.296	0.159	0.347	0	0.148	0	0	0
"c128137_g1_i1"	8.109	8.69	6.145	9.981	7.971	8.568	6.841	6.314	6.918	6.822	12.17	8.332	6.645	6.381	8.88	7.428	9.956	8.345	8.884	9.232	6.923	8.786	7.996	7.317	7.911	7.638	7.201	8.317	8.3	9.828	6.278	7.081	8.916	8.533	8.029	8.659	8.394
"c136521_g1_i3"	0	0	0	0	0	0	0	0	0	0	0	0	0	0	0	0	0	0	0	0	0	0	0	0	0	0	0	0.846	0	0	0	0	0	0	0	0	0
"c149091_g1_i1"	0	0	0	0	0	0	0	0	0.593	0	0	0.547	0	1.452	0	0.632	0	0	0	0.473	0	0	0	0	0	0	0	0	0	0	0	0	0	0	0	0	0
"c99300_g1_i1"	0	0.46	0.983	0.364	0.416	0.428	0	0.441	0	0	0	0.406	0.521	0	0.372	0	0.417	0	0	0	0.393	0	0	0.431	0	0	0	0	0.421	0	0	0.45	0	0	0	0	0.401
"c147161_g1_i4"	0.795	0.985	0.441	0.869	0.697	0.714	1.213	1.205	0.752	0.833	0.91	0.377	0.997	0.328	0.567	0.518	0.617	0.789	0.312	0.674	0.738	0.604	0.709	0.431	0.354	0.566	0.221	0.423	0.865	0.928	0.858	0.439	0.464	0.877	0.357	0.4	0.327
"c135816_g1_i1"	4.55	6.967	6.631	3.513	6.114	6.049	4.596	5.324	6.812	5.829	4.189	5.511	7.199	9.308	5.448	5.816	6.035	9.145	5.857	5.439	7.779	7.06	4.615	7.177	6.537	6.237	7.312	5.115	7.251	4.701	5.262	5.845	5.44	5.764	7.013	5.181	6.008
"c178528_g1_i1"	0	0	0	0	0	0	0	0	0	0	0	0	0	0	0	0.415	0	0.507	0.485	0	0	0	0	0	0	0	0	0.453	0	0	0	0	0	0	0	0	0
"c9337_g1_i1"	0	0	0	0	0	0	0	0	1.144	0	0	0	0	0	0	0	0	0	0	0	0	0	0	0	0	0	0	0	0	0	0	0	0	0	0	0	0
"c126762_g1_i1"	0.164	0	0.226	0.444	0	0	0.889	0.516	0	0.1	0.502	0	0.831	0.129	0	0.405	0.191	0.248	0	0.175	0.187	0.088	0.092	0.108	0.434	0.297	0.454	0.332	0.205	0	0.307	0.231	0.207	0.099	1.105	0.087	0.095
"c109734_g1_i1"	0.139	0	0	0.923	2.273	0	2.083	0.796	0.593	3.702	0.171	1.302	1.163	1.522	2.695	5.825	5.452	3.71	0.162	0.596	4.445	2.514	2.542	2.867	3.526	6.141	3.241	0.05	1.189	2.716	0	0.046	0	1.133	1.898	0.191	1.257
"c166448_g1_i1"	0	0	0	0	0	0	3.01	0	0	0	0	0	0	0	0	0	0	0	0	0	0	0	0	0	0	0	0	0	0	0	0	0	0	0	0	0	0
"c131667_g3_i1"	0	0	0	0	0	0	0	0	0	0	0	0	0	0	0	0	0	0	0	0	0	0	0	0	0	0	0	0	0	0	0	0	0	0	0	0	0
"c35658_g1_i1"	0.361	0	0	0.736	0	0	1.672	0.957	0	0.923	0.853	0	1.141	0	0	0	0	0	0	2.111	0	0	0	0	0	0	0	0	0	0	0	0	0	0	0	0	1.584
"c147657_g1_i3"	1.763	1.006	0	0.807	0.609	2.499	0.602	0.968	0.318	1.856	1.526	0.594	1.119	2.704	0.542	2.545	1.809	1.15	3.732	0.517	2.301	1.034	0.58	2.92	3.041	0.662	3.761	1.027	0.627	0.286	0.603	1.351	0.336	2	0.681	2.165	1.193
"c42858_g1_i1"	0	0	0.52	0	0	0	0	0	0	0	0	0	0	0	0	0	0	0	0	0	0	0	0	0	0	0.509	0	0	0	0.82	0	0	0	0	0	0	0
"c175696_g1_i1"	0	0	0	0	0	0	0	0	0	0	0	0	0	0	0	0	0	0	0	0	0	0	0	0	0	0	0	0	0	0	0	0	0	0	0	0	0
"c59876_g1_i1"	0	0	0	0.568	0	0.714	0	0	0	0.692	0	0.642	0	0	0	0.745	0.696	0	0	0	0	0	0	0	0	0.883	0	0	0	0	0	0	0	0	0	0	0.623
"c151614_g1_i1"	0.172	0.225	0	0.186	0.406	0	0	0	0	0	0.313	0	0	0	0.178	0.104	0	0	0	0	0	0	0	0	0.222	0.106	0	0.342	0	0	0	0	0.109	0.099	0	0	0
"c109544_g1_i1"	0.853	0.235	1.005	0.878	1.18	0	0.43	0.226	3.57	0	2.407	1.821	1.174	1.253	0.38	0.33	0.626	0.677	0.266	0	0.934	0.464	1.105	0.841	1.202	2.178	0	0.836	1.686	1.877	2.89	2.114	0.681	0.956	1.094	0.383	0.771
"c45849_g1_i1"	0	0	0	0	0	0	1.366	1.667	0	0	0	0	0	0	0	0	0	0	0	0	0	0	0	0	0	0	0	0	0	0	0	0	0	0	0	0	0
"c126039_g1_i1"	0.246	0.214	0.226	0	0	0.204	0.392	0	0.201	0.201	0	0.387	0	0	0.178	0.801	0	0	0	0	0.187	0.166	0	0.216	0.434	1.228	0.221	0	0.4	0.938	0	0.889	0.207	0.374	0	0	0
"c110618_g1_i1"	0	0	0	0	0	0	0	0	0	0	0	0	0	0	0	0	0	0	0	0.587	0	0	0	0	0	0	0	1.702	0	0	0	0	0	0	0	0.643	0
"c54755_g1_i1"	0	0	0.633	0	0	0	0	0	0	0	0	0	0	0	0	0.584	0	0	0	0	0	0	0	0	0	0	0	0	0	0	0	0	0	0	0	0.478	1.014
"c72947_g1_i1"	0	0	0	1.127	0	0	0	0	0	0	0.427	0	0	0	0	0	0	0	0	0.727	0	0	0	0	1.445	0	0	0.987	0	0	0	0	0	0	0	0	0
"c61659_g1_i1"	0	0	0	0	0	0	0	0	0	0	0	0	0	0	0	0	0	0	0	0	0	0	0	0	0	0	0	0	0	0	0	0	0	0	0	0	0
"c141956_g1_i1"	1.812	1.605	1.875	1.606	1.915	1.877	1.749	1.484	1.96	1.816	1.611	2.236	1.861	1.639	1.4	1.782	1.652	1.748	2.149	1.857	1.455	2.505	1.732	1.746	1.869	1.411	1.715	2.155	1.481	1.61	2.244	2.31	1.985	1.537	1.675	2.086	1.679
"c98334_g1_i1"	0	0	0	0	0	0.255	0	0.269	0	0	0.256	0	0	0	0	0	0	0.316	0	0	0	0.21	0	0	0	0	0.564	0.564	0	0	0	0	0.276	0	0	0	0
"c119205_g1_i1"	0	0	0	0	1.983	0	0.774	0	0	0	0	1.151	0.487	0	0.356	0	0	0	0	1.331	0	0	0	0	0	0	0	0	0	0	0	0	0.434	0	0	0	0
"c147046_g2_i4"	0.377	0	0.35	0.798	0.3	0.306	0.592	0	0.318	0	0.303	0	0.742	0	0	0.311	0.896	0.383	0.37	0	0	0	0	0	0.667	0	0	0	0	0	0	0.67	0.326	0	0.681	0	0.296
"c167674_g1_i1"	0.082	0.214	0	0.169	0.193	0	0	0	0.201	0.191	0	0	0	0.246	0	0	0	0.237	0	0	0	0	0.184	0	0	0	0	0	0.594	0	0	0.219	0	0	0	0	0
"c146054_g3_i1"	0	0.685	0.734	1.579	0	0.653	0.592	0	0	3.823	0	0	0	0	0	0	0	0	0	0.508	0	0	0	0	0	0	0	0	0.616	0	0	0	0.711	0.552	0	0	0
"c112231_g1_i1"	0	0	0	2.502	4.082	0	0	0	0	0	0	0	0	0	0	0	0	0	0	2.321	0	0	0	2.468	0	0	0	0	0	0	0	0	0	0	0	0	0
"c35581_g1_i2"	0	0	0	0	0	0	0	0	0	0	0	0	0	0	0	0	0	0.902	0	0.561	0	0	0	0	0	0	0	0	0	0	0	0	0	0	0	0	0
"c42078_g1_i1"	0	0	0	0	0	0	0	0	0	0	0	0	0	0	0.542	0	0	0	0	0.517	0	0	0	0	0	0	0	0	0	0	0	0	0	0	0	0	0
"c149289_g1_i1"	0	0	0	0	0.397	0	0	0	0	0	0	0.377	0	0	0	0	0.391	0	0	0	0	0.333	0	0	0	0	0.431	0	0.4	0	0	0	0	0	0	0	0
"c119813_g2_i1"	0.049	0.064	0.124	0	0	0.173	0.057	0	0.064	0.11	0	0.113	0.532	0.07	0.049	0.283	0	0.135	0.277	0	0.216	0.044	0.101	0.065	0	0.163	0.133	0	0.292	0	0	0.52	0	0.276	0.067	0	0
"c125710_g1_i1"	0.82	2.183	0.926	0	0.397	2.04	1.156	2.097	3.274	0.401	3.535	2.293	1.462	0.503	1.417	4.6	1.183	1.004	1.444	0.666	0.747	0.666	1.142	0.83	0.879	0	0.874	2.698	3.609	0.741	1.546	0.866	1.313	2.562	3.54	1.4	2.291
"c155763_g1_i1"	0	0	0	0	0	0	0	0	0	0	0	0	0	0	0	0	0	0	0	0.631	0	0	0	0	0	0	0	0	0.378	0	0	0.404	0	0	1.251	0	0
"c147450_g1_i1"	2.164	4.152	3.129	3.016	2.554	3.274	3.392	2.001	3.56	3.471	3.194	3.623	3.123	3.032	3.246	4.147	4.017	2.966	3.142	2.671	3.284	3.311	2.883	4.192	2.991	3.541	3.042	2.89	3.404	2.963	2.011	2.414	2.932	2.266	4.076	3.877	4.255
"c129253_g2_i2"	0	0	0	0	0	0	1.844	0	1.928	0	0	0	0	0	0	0	0	0	0	0	0	0	0	0	0	0	0	0	0	0	0	0	0	0	0	0	0
"c104532_g1_i1"	0	0.257	0	0	0	0	0	0	0	0	0	0.226	0	0	0.202	0	0	0.293	0.289	0	0.216	0	0	0	0	0	0	0.262	0	0	0	0	0	0	0	0.209	0
"c93326_g1_i1"	0	0	0	0	0	0	0	0	0	0	0	0	0	0	0	0	0	0	0	0.272	0	0	0	0	0	0	0	0	0.324	0	0	0.705	0	0.591	0.715	0	0
"c7577_g1_i1"	0	0	0	0	2.535	0	0	0	0	0	0	0	0	0	0	0	0	0	0	0	0	0	0	0	0	0	0	0	0	0	0	0	0	0	0	0	0
"c3255_g1_i1"	0	0	0	0	0	0	0	0	0	0	0	0	0	0	0	0	0	0	0	0.245	0	0	0	0	0	0	0	0	0.292	0	0	0.323	0	0	0	0	0
"c114908_g1_i2"	4.288	3.863	4.293	1.783	5.437	4.356	2.217	4.582	4.672	2.97	3.497	3.114	4.785	4.742	3.594	4.336	5.209	4.184	3.974	5.465	3.963	4.231	3.639	3.933	3.344	5.594	4.491	4.42	4.55	3.101	3.187	3.789	6.457	5.587	3.864	3.99	2.819
"c61225_g1_i1"	0.295	0.396	0	0	0	0	0	0	0	0	0.36	0	0	0	0.639	0	0	0	0	0	0	0	0	0	0	0	0	0	0.367	0	0	0	0	0	0	0	0
"c162144_g1_i1"	4.419	9.674	0.802	0.568	0.687	0.714	0	2.162	2.034	0.692	1.971	2.548	5.97	9.296	0.607	5.203	0	4.387	7.301	0.552	1.859	2.251	0.672	9.343	6.729	0.883	8.672	1.571	1.34	0.622	1.249	4.193	3.91	1.182	3.763	4.781	0
"c157495_g1_i1"	0.18	0	0.508	0	0.213	0	0	0	0	0	0	0	0	0	0	0	0	0	0.266	0.184	0.207	0.184	0	0.237	0	0.23	0	0	0	0	0	0	0	0	0	0	0.211
"c137544_g1_i1"	0.32	0	0	0.665	0	0	0.755	0	0.795	0.823	0.768	0.745	0	0.995	0	0	0	0	0	1.27	0.728	0.657	0	0	0	2.207	0.841	0.926	0	0.721	0	1.606	0.938	0	0	0	1.436
"c69417_g1_i1"	0	0	0	0	0	0	0	0	0	0	0	0	0	3.255	0	0	0	0	0	0	0	0	0	0	0	0	0	0	0	0	0	0	0	1.783	0	0	0
"c142071_g3_i2"	0.148	0.032	0.09	0.275	0.222	0.051	0.201	0.054	0.212	0.171	0.104	0.198	0.033	0.258	0.259	0.104	0.191	0.18	0.15	0.088	0.167	0.21	0.064	0.086	0.141	0.125	0.199	0.111	0.108	0.119	0.074	0.035	0.286	0.148	0.022	0.348	0.127
"c179997_g1_i1"	0.107	0	0	0	0	0	0.258	0.28	0	0	0	0	0	0	0	0.273	0.522	0	0	0	0	0	0	0.28	0	0	0	0	0	0.247	0	0.589	0	0	0	0.235	0
"c137910_g1_i1"	2.574	1.37	0.994	0.648	1.703	1.153	1.395	1.043	0.922	0.933	1.346	1.67	1.539	1.463	1.676	0.971	1.339	1.5	1.017	2.05	1.377	2.426	1.944	1.53	1.778	1.535	1.117	1.571	0.702	1.728	0.815	1.247	1.718	0.995	1.239	1.365	0.993
"c110721_g2_i1"	0	0	0	0	0	0	0	0	0	0	0	0	0	0	0	0	0.461	0	0	0	0.856	0	0	0.474	0.505	0	0	0	0	0	0	0	0	0	0	0	0
"c113685_g1_i1"	0.205	0	0	0	0.513	0	0	0	0	0	0	0	0	0	0	0	0	0	0	0	0	0	0	0	0	0	0	0	0	0	0	0	0	0	0	0	0
"c120889_g1_i1"	0.23	0	0	0	0.368	0	0.373	0	0	0.191	1.687	0	0.897	0.234	0	0	0	0	0	0	0	0	0.175	0.808	0.414	0.384	0	0.624	0	0.178	0.191	0.416	0	1.074	1.038	0.165	0.19
"c119684_g2_i1"	12.938	0.556	25.168	0.435	2.041	0	10.806	24.287	19.196	0	13.516	0	25.894	22.385	0	0.547	11.261	12.359	19.085	16.834	0.472	9.39	0.497	12.964	1.121	0.605	0	12.194	0.508	0.474	0	0.543	23.44	17.43	0	16.187	1.436
"c122980_g2_i1"	0.115	0	0	0	0	0.286	0.277	0.592	0.583	0	0.284	0	0.687	0	0.251	0	0	0.35	0	0	0.266	0.473	0	1.196	0.616	1.516	0	0	0	0	0	0.624	0.306	0.532	0.313	0.252	0
"c151405_g1_i1"	0.057	0	0	0	0	0	0.44	0.312	0.307	0.291	0	0.293	0.177	0.187	0	0	0	0	0.185	0.508	0.138	0.254	0	0.162	0	0.154	0	0.322	0.151	0.138	0	0	0.306	0	0.167	0	0
"c89506_g1_i1"	0.172	0	0	0	0	0	0.21	0	0	0	0	0	0	0.269	0	0.217	0	0	0	0.184	0	0	0.193	0	0	0	0	0	0.216	0	0	0	0	0	0.234	0	0
"c146070_g3_i1"	0.582	0.193	0.576	1.198	0.474	1	0.745	1.506	0.456	0.421	0.057	0.557	0.066	0.55	0.024	0.16	0.235	0.789	0.381	0.298	0.718	0.377	0.295	0.927	0.192	1.516	0.984	0.383	0.367	0.622	0.868	0.566	0.671	0.187	0.871	0.391	0.707
"c157803_g1_i1"	0	0	0.61	0	0	1.081	0.506	0	1.059	0	0	0	0	0	0.469	0	0	0	0	0	0	0	0.507	0	0	0	0	0	0	0	0	0	0.583	0	0.581	0	0
"c141391_g1_i1"	0.681	0.61	0.35	0.479	0.667	0.785	0.726	0.656	0.593	0.602	0.512	0.727	0.598	0.386	0.461	0.603	0.765	0.462	0.347	0.867	0.482	0.736	0.967	0.453	0.475	0.365	0.465	0.524	0.421	0.563	0.73	0.554	0.395	0.621	0.502	0.487	0.644
"c92495_g1_i1"	0	3.467	0	0	1.635	0	0	0	1.451	0	2.9	1.378	2.149	0	0	1.979	0	0	0	0	0	2.514	0	0	3.465	7.235	1.515	1.963	0	0	0	0	2.133	0	0	2.765	0
"c162813_g1_i1"	0	0.985	0	0.736	0	0	0	0	0	0	0	0	0	0	0	1.009	0	0	2.114	0	0	0	0	0	0	0	0	0	0	0	0	0	0	0.749	0	0	0
"c181421_g1_i1"	0	0	0	0	0	0	0	0	0	0	0	0	0	0	0	0	0	0	0	0	0	0.228	0	0	0	0	0	0	0.27	0	0	0	0	0	0	0	0
"c147361_g1_i3"	2.517	0.118	0.226	0.098	0.077	0.082	0.162	0.118	0.35	0.11	0.142	0.113	0.521	0.281	0	0.057	0.157	0.135	0.104	0.193	0.187	0.166	0.23	0.345	0.303	0.058	0.442	0.151	0.119	0.079	0.318	0.162	0.197	0.168	0.279	4.964	0.222
"c107543_g2_i1"	0.066	0	0	0.444	0	0	0	0	0	0.171	0	0.33	0	0	0	0	0.643	0.417	0	0	0	0	0	0.183	0	0	0	0	0	0	0	0.185	0.355	0	0	0	0
"c93244_g2_i1"	0	0	0	0	0	0	0	0	0	0	0	0	0	0	0	0	0	0	0	1.182	0	0	0	0	0	0	1.56	0	0	0	0	0	0	0	0	0	0
"c93811_g1_i1"	0	0	0	0	0	0	0	0	0	0	0	0.538	0	0	0	0	0	0.722	0.682	0	0	0.473	0	0	0	0	0.608	0	0	0	0	0	0	0	0	0	0
"c108708_g1_i1"	0	19.648	0	0	17.374	4.325	10.472	0	2.754	13.444	2.009	0	12.127	0	1.238	7.56	3.522	22.271	0	12.227	5.664	3.434	0.682	6.089	12.144	9.865	8.794	3.182	8.159	2.509	6.352	7.785	0	10.779	5.349	0	6.304
"c89948_g1_i1"	0	0.439	0	0	0.397	0	0	0	0	0.411	0	0	0	0.503	0	0	0.8	1.015	1.467	0	0	1.016	0.774	0	0.889	0	0	0	0	0	0.392	0	0.444	0.739	0	0	0
"c56973_g1_i1"	0	0	0	2.653	0	0	0	0	0	0	0	0	0	0	0	0	0	0	0	0	0	0	0	0	0	0	3.285	0	0	0	0	0	0	0	0	0	0
"c132365_g1_i1"	5.28	7.427	6.71	7.479	6.646	12.088	12.001	10.487	19.451	5.749	9.507	5.831	5.947	5.503	4.533	7.626	4.643	5.176	8.63	5.947	5.969	5.124	7.185	9.591	8.194	8.521	11.548	7.34	15.302	6.637	9.623	4.99	5.776	10.099	14.628	11.728	10.474
"c17666_g1_i1"	0.098	0	0	0.639	0	0	0	0.247	0	0	0	0	0.288	0	0.421	0	0.235	0	0	0	0.452	0	0	0	0.263	0	0	0.272	0	0	0	0	0.257	0.227	0.536	0	0.232
"c145094_g1_i2"	3.017	2.761	2.192	3.15	2.341	3.774	3.468	2.377	2.744	2.749	4.426	2.029	3.688	2.306	1.57	4.374	2.478	2.346	3.362	2.006	1.318	2.934	2.183	2.673	3.849	3.205	3.053	4.108	2.075	2.153	2.827	2.841	2.241	2.355	3.741	1.826	2.545
"c128216_g1_i1"	0.312	1.027	0.441	1.668	1.296	1.132	0.554	0.979	0.784	1.505	1.308	0.915	0.676	0.48	0.494	0.377	1.087	0.462	0.693	0.806	0.531	0.955	0.525	0.808	0	0.384	0.852	0.624	1.156	0.711	0.752	1.478	0.197	0.355	1.038	0.496	0.56
"c109627_g1_i2"	0.115	0.107	0.113	0	0.281	0	0	0.097	0.106	0	0.578	0.094	0	0.117	0	0	0.096	0.113	0	0	0	0.166	0.092	0.108	0.101	0.096	0	0.312	0	0.089	0.296	0	0.405	0.089	0	0	0
"c93356_g1_i1"	2.378	4.291	4.869	2.333	6.365	3.876	4.042	5.991	9.598	4.695	3.886	2.491	5.172	6.428	1.36	2.602	2.148	4.736	5.88	2.198	4.75	3.766	2.902	6.078	3.395	3.934	5.155	3.313	5.792	3.773	2.816	5.325	4.68	7.005	6.867	3.034	9.155
"c110496_g1_i1"	0.271	0.182	0.384	0.151	0.493	0	0.325	0	0.35	0.331	0.502	0	0.199	0	0	0.509	0.322	0.203	0	0.289	0.157	0.42	0	0.183	0.182	0	0.376	0.554	0	0	0.169	0.37	0	0	0	0	0
"c106888_g1_i1"	0	0	0	0	0	0	0	0	0	0	0	0.481	0	0	0	0	0	0	0	0	0	0	0	0	0	0	0	0	0	0	0	0	0	0	0	0	0
"c108888_g1_i1"	1.517	2.483	0.994	0.745	1.973	1.153	0.277	0.592	1.473	0.572	1.971	0.821	1.373	1.077	1.255	0.584	0.278	1.421	0	0.236	1.062	1.437	1.87	2.112	2.182	1.219	1.582	4.118	0.292	1.6	1.959	1.883	0.612	2.66	1.887	2.252	0
"c142064_g1_i1"	1.558	2.365	1.706	1.801	1.528	1.918	1.72	1.538	1.684	1.385	1.393	1.708	1.606	1.768	2.024	1.47	2.243	2.65	2.218	2.724	2.134	2.637	2.063	2.069	1.526	2.063	1.538	1.933	1.535	1.57	1.239	1.606	2.291	1.705	1.921	1.608	1.183
"c121485_g1_i1"	0.098	0.182	0	0.151	0.319	0	0.076	0.086	0	0	0.085	0.245	0	0.211	0.146	0.33	0.391	0	0.3	0.28	0.236	0.07	0.074	0.086	0.182	0.077	0.088	0.091	0	0	0.085	0.277	0.089	0.158	0.089	0	0
"c103586_g1_i1"	0	0	0	0	0	0	0	0	0	0	0	0	0	0	0	0	0	0	0	0.955	0	0	0	0	0	2.351	0	1.541	0	0	0	0	0	0	0	0	0
"c29670_g2_i1"	0	1.113	0	0.825	1.035	0	0	0	0	1.053	1.924	0	1.307	0	0	0	2.148	0	0	0.788	0	0	0	0	0	0	0	0	0	0	0.889	0	0	0	0	0	0
"c121957_g2_i1"	0	0	5.659	0	0	2.662	9.727	0	1.992	0	0	0	0	5.362	2.169	0	0	0	2.53	0	0	0	0	1.724	0	0	6.128	0	2.021	1.827	6.659	3.685	10.15	1.547	0	1.982	0
"c86882_g1_i1"	0	0	0	0	0	0	0	0	0	0.502	0.246	0	0	0	0	0	0	0	0	0	0	0	0	0	0.273	0	0	0	0	0	0	0.277	0.533	0	0	0	0
"c65908_g2_i1"	0	0	0	0	0	2.275	0	0	0	2.167	0	0	0	0	0	0	0	0	0	0	0	0	0	0	0	0	0	0	0	0	0	0	0	0	0	0	0
"c136792_g1_i2"	7.469	5.575	6.258	6.885	5.872	5.651	5.714	5.464	4.333	5.669	5.185	6.869	6.479	5.058	5.504	6.645	6.748	6.664	5.846	5.956	6.067	5.842	5.721	6.056	6.506	7.36	5.586	6.233	6.138	5.916	5.357	5.383	5.5	6.454	5.349	6.624	5.533
"c162284_g1_i1"	0	0	0	0	0	0	0	0	0	0	0	0.311	0	0	0	0.339	0	0	0	0	0	0.272	0	0	0	0	0	0	0.324	0.306	0	0	0	0	0	0	0
"c132362_g1_i3"	0.492	0.439	0.926	0.692	0	4.498	3.478	3.356	2.458	1.214	2.36	1.529	0	1.499	2.485	0.839	0	1.004	0.485	1.331	2.232	2.006	1.529	3.718	0	0.451	0	0	0	1.491	2.318	1.721	0.879	2.197	0.882	0.704	1.14
"c27938_g2_i1"	0	0	0	0.586	0	0	0	0	0.699	0	0	0	0	0	0	0	0	0	0	0.561	0	0	0	0	0	0	0	0	0	0	0	0	0	0.611	0	0	0
"c175686_g1_i1"	0	0.578	0	0	0	0	0	0	0	0	0	0	0	0	0	0	0	0	0	0	0	0	0	0	0	0	0	0	0	0.484	0	0	0	0	0	0	0
"c173533_g1_i1"	0	0	0	0	0	0	0	0	0	0	0	0	0	0	0	0	0	0	0	0	0	0	0	0	0	0	0	0	0	0	0	0	0	0	0	0	0
"c146816_g1_i4"	0.664	1.102	1.389	0.94	0.638	0.928	0.793	0.979	1.102	1.214	0.739	0.745	0.997	1.019	0.607	1.075	0.887	0.846	0.924	0.578	0.62	1.042	0.866	1.013	1.142	0.94	1.029	1.148	0.886	0.869	0.73	1.201	0.652	0.729	1.005	0.843	1.193
"c170883_g1_i1"	0	0	0	0	0.532	0	0	0	0	0	0	0.5	0	0	0.469	0	0	0.677	0	0	0	0	0	0.539	0	0	0	0	0	0	0	0	0	0	0	0	0
"c136441_g1_i1"	0.558	0.353	0.294	0.541	0.551	0.235	0.277	0.355	0.254	0.15	0.284	0.953	0.277	0.492	0.85	0.556	0.53	0.496	0.659	0.604	0.374	0.517	0.193	0.291	0.637	0.307	0.277	0.775	0.227	0.128	0.201	0.173	0.622	0.148	0.212	0.452	0.264
"c78659_g1_i1"	0	0	0	0	0	0	0	0	0	0	0.635	0	0	0	0	0	0	0	0.774	0	0	0	0	0	0	0	0	0	0	0	0	0	0	0	0	0	0
"c38035_g1_i1"	0	1.477	0	0	0	0	0	1.463	0	0	0	0	1.794	0	0	0	0	0	0	0	0	0	0	0	0	0	0	0	0	0	0	0	0	0	0	0	0
"c91307_g1_i1"	0.213	0	0	0	0	0	0	0	0	0	0	0	0.21	0	0.299	0.17	0	0.214	0	0.149	0.325	0	0.792	0	0	0	0.199	0.191	0	0	0	0.196	0	0	0	0.148	0
"c144920_g2_i2"	2.222	1.359	1.197	1.836	2.254	1.051	3.058	1.732	1.081	1.665	1.45	1.415	0.498	1.054	0.915	4.016	1.409	2.83	1.525	0.534	3.717	1.577	6.587	4.246	2.051	1.295	1.173	1.379	2.756	3.536	1.863	3.015	2.429	1.379	0.916	2.373	1.225
"c68296_g1_i1"	0	0	0	0	0	0	0.153	0.645	0	0	0	0	0.188	0.199	0.138	0	0	0.192	0	0	0.148	0	0	0.841	0	0	0	0	0.162	0	0.159	0	0	0	0.167	0	0
"c130216_g2_i1"	0.402	0.075	0.192	0.55	0.135	0.031	0.134	0.108	0	0.07	0.066	0.302	0.244	0.34	2.631	0	0.035	0.203	0.578	1.06	0.708	0.088	0.59	0.194	0.071	0.134	0.155	0.443	0.173	0.296	0.106	0.196	0.454	0.03	0.112	0.504	0.106
"c75505_g1_i1"	0	0	0	0	0	0.592	0	0	0.572	0.582	0	0	0	0	0	0	0.574	0	0	0	0	0	0	0	0	0	0	0	0	0	1.069	0	0	0	0	0	0
"c145319_g2_i4"	0.926	1.252	0.847	1.109	0.726	1.52	1.71	1.301	0.9	1.385	2.142	1.019	0.642	0.901	1.408	0.65	1.113	1.996	1.675	1.524	1.613	1.226	1.041	1.132	1.677	1.343	1.416	0.534	0.929	0.998	1.355	1.328	0.504	0.296	1.63	0.722	1.056
"c152047_g1_i1"	0	0	0	0	0	0	0	0	0	0	0.322	0	0	0	0	0	0	0	0	0	0	0	0	0	0	0	0	0	0	0	0	1.063	0	0	0	0	0
"c114404_g1_i1"	0.049	0.139	0.294	0.231	0.126	0	0.124	0.129	0	0	0	0.5	0	0	0.34	0	0.374	0.158	0	0.219	0.118	0.219	0.12	0	0.566	0	0.144	0.141	0.13	0.247	0	0	0	0.128	0.145	0.113	0.127
"c159908_g1_i1"	0	0	0	0	0	0	0	0	0	0	0	0	0	0	0	0	0	0	0	0	0	0	0	0	0	0	0	0	0.367	0.346	0	0	0	0.335	0.402	0	0
"c166402_g1_i1"	0	0	0	0	0	0	0	0	0	0	0.199	0	0	0	0	0	0	0	0	0	0	0	0	0	0	0.202	0	0	0.205	0	0	0.45	0	0.187	0	0	0
"c174093_g1_i1"	0	0	0	0	0	0	0	0	0	0	0	0	0	0	0	0	0	0.496	1.225	0	0	0	0	0	0	0	0	0	0	0	0	0	0	0	0	0	0
"c158093_g1_i1"	0	0	0	0	0.145	0	0.143	0	0	0.14	0	0.142	0	0	0	0	0	0	0	0.123	0	0	0	0	0	0	0	0	0	0	0	0	0	0	0.156	0.122	0.137
"c145922_g4_i4"	0.541	0.289	0.328	0.834	0.281	0.551	0.411	0.387	0.35	0.281	0.701	0.434	0.332	0.222	0.364	0.698	0.374	0.35	0.3	0.482	0.502	0.858	0.415	0.366	0.596	0.864	0.752	0.262	0.929	0.484	0.434	0.381	0.454	0.522	0.223	0.695	0.222
"c135927_g2_i2"	0.566	0.054	0.407	0.364	0.3	0.102	0.497	0.204	0.424	0.201	0.351	0.5	0.354	0.187	0.615	0.198	0.435	0.496	0.751	0.394	0.049	0.683	0.507	0.453	0.495	0.393	0.177	0.604	0.151	0.286	0.159	0.173	0.415	0.345	0.112	0.356	0.612
"c161448_g1_i1"	0	0	0	0	2.951	0	0	0	0	0	0	0	0	0	0	0	0	0	0	0	0	0	0	0	0	0	0	0	0	0	0	0	0	0	0	0	0
"c138029_g1_i1"	0	0	0	0	0	0	0	0	0	0	0	0	0	0	0	0	0	0	0	0	0	0	1.17	0	0	0	0	0	0	0	0	0.439	0	0	0	0	0
"c112026_g1_i1"	0	0	0	0	0.851	0	0	0	0	0	0	0	0	0	0	0	0	0	0	0	0	0	0	0	0	0	0	0	0	0	0	0	0	0	0	0	0
"c62008_g1_i1"	0	0.342	0	0.275	0	0	0	0	0.328	0	0.313	0.613	0	0	0	0	0	0	0.381	0.272	0	0	0	0	0	0	0.354	0	0	0	0	0	0	0	0	0	0
"c138530_g3_i6"	0.254	0	0.045	0.319	0.068	0.102	0.143	0.108	0.117	0.181	0.18	0.142	0.044	0.14	0.032	0.038	0.035	0.045	0.173	0.254	0.167	0.026	0.129	0.162	0.04	0.307	0.044	0.121	0.076	0.138	0.18	0.243	0.257	0.069	0.201	0.035	0.074
"c85684_g1_i1"	0.131	0	0	0	0	0	0.64	0	0	0	0	0	0	0	0	0	0	0	0	0.272	0	0	0	0	0	0	0	0	0.335	0	0	0	0.355	0	0	0	0.317
"c117618_g3_i1"	0	0	0	0	0	0	0	0	0	0	0	0	0	0	0	0	0	0	0	0	0	0	0	0	0	0	0	0	0	0	0	0	0	0	0	0	0
"c34654_g1_i1"	0	0	0	0	0	0	1.529	0	0	0	0	0	0	0	0	0	0	0	0	0	0	0	0	0	0	0	0	0.946	0	0	0	0	0	0	0	0	0
"c175215_g1_i1"	0	0	0	0	0	0	1.882	0	0	0	1.924	0	0	0	0	0	0	0	0	0	0	0	0	0	0	0	0	0	0	0	0	0	0	0	0	0	0
"c154201_g1_i1"	0.074	0	0.215	0.497	0	0.571	0	0.387	0	0.381	0	0	0	0	0	0	0	0	0.231	0.158	0.177	0	0.175	0.41	0	0	0.21	0	0	1.245	0	0.208	0	0.355	0	0.165	0.19
"c15619_g1_i1"	0	0	0	0	3.366	0	2.599	0	0	0	0	0	0	0	0	0	0	0	0	0	0	0	0	0	0	0	0	0	0	0	0	0	0	0	0	0	0
"c142707_g1_i1"	0	0	0	0	0	0	0	0	0	0	0	0	0	0	0	0	0	0	0	0	0	0	0	0	0	0	0	0	0	0	0	0	0	0	0	0	0
"c104850_g1_i1"	0.779	0	0	2.928	0	0	0	0	0	0	0	0	0	0	0	0	0	0	2.23	1.384	0	0	0	1.563	0	0	0	0	0	3.259	4.521	1.663	0	0	0	0	0
"c13918_g1_i1"	0	0	0	0	0	0	0.268	0	0	0	0	0	0	0	0	0	0	0	0.335	0.464	0	0	0.258	0	0	0	0	0	0.281	0	0	0	0	0	0	0	0
"c123059_g2_i1"	0.451	0	0	0.47	0	0.571	0.535	0	1.123	0	0	0	0	0	1.489	1.188	0	0	0.67	0	0	0.928	0	0	0	0	0	0	0	0	0.519	0	0.622	0	0.614	0.487	0
"c132334_g1_i3"	4.788	4.537	3.502	8.863	5.059	4.162	5.867	5.163	4.651	3.471	10.303	8.596	2.226	3.7	11.996	8.644	6.939	5.368	4.517	5.746	3.324	6.175	4.376	3.987	7.022	3.042	1.029	8.649	3.048	5.027	5.209	3.662	4.078	7.469	1.485	6.381	4.942
"c158829_g1_i1"	0	0	0	0	0.348	0	0.344	0	0	0	0	0.34	0	0	0	0	0	0	0	0	0	0	1.004	0	0	0	0	0	0	0	0	0	0	0	0	0	0
"c12609_g1_i2"	0	0	0	0	0	0	0	0	0	0	0	0	0	0	0	0	0	0	0	0	0	0	0	0	0	0	0	0	0	0	0	0	0	0	0	0	0
"c141940_g1_i5"	0.91	1.241	0.361	1.171	1.122	0.785	1.013	0.452	0.254	0.702	1.583	0.5	0.321	0.351	0.38	0.349	0.409	0.147	0.289	1.06	0.374	0.272	0.359	1.315	1.425	0.835	1.349	0.342	0.324	0.83	0.487	0.866	0.533	0.463	0.826	1	0.517
"c142441_g3_i1"	0.459	0.161	0.102	0.257	0.455	0.286	0.325	0.764	0.689	0.181	1.071	1.029	1.163	0.34	0.364	0.32	0.304	0.237	0.751	0.674	0.207	0.412	0.525	0.237	0.97	0.278	0.973	0.292	0.184	0.79	0.222	0.289	0.612	0.286	0.916	0.582	0.95
"c59433_g1_i1"	0	0	0	0.497	0	0	0	0	0	0	1.137	0	0	0	0	0	0	0	0	0	0	0	0	0	0	0	0	0	0.584	0	0	0	0	0	0	0	0
"c115737_g1_i3"	0.033	0.086	0	0.204	0.232	0.306	0	0.161	0.159	0.15	0.237	0.226	0	0	0.267	0.151	0	0	0.185	0	0	0	0.074	0.259	0.172	0.154	0.354	0	0	0.069	0	0.173	0	0	0.089	0.07	0.074
"c87507_g1_i2"	1.049	1.295	0.587	1.357	0.503	1.54	1.672	0.527	0.89	0.853	0.341	0	0	0.644	0.599	1.546	1.304	0.631	1.248	0	0.325	0.858	0.949	0.916	2.051	1.382	2.113	3.182	0.519	0.484	0.508	0.762	0.721	0.325	0.569	0	1.51
"c108104_g2_i1"	0	0	0	0	0	0	0	0	0	0	0	0	0.377	0	0	0	0	0	0	0	0	0	0.295	0	0	0	0	0	0	0.286	0	0	0	0	0	0	0
"c132480_g1_i4"	0.189	0.096	0.102	0.169	0.271	0.275	0.554	0	0	0.09	0.749	0.368	0	0.117	0.243	0	0.443	0.575	0	0	0.177	0.158	0.341	0.108	0.202	0.182	0.21	0.101	0.292	0.356	0.191	0.635	0	0.177	0.313	0.243	0.095
"c34005_g1_i1"	0	0	0	0	0	0	0	0	0	0	0.389	0	0	0.492	0	0.415	0	0	0	0	0	0	0	0	0	0	0.431	0	0.4	0	0	0	0.434	0	0	0	0
"c37173_g1_i1"	0	0	0	0	0	0	0	0	0	0	0	0	0	0	0	0	0	2.188	0	0	0	0	0	0	0	0	1.515	0	0	0	0	0	0	0	0	0	0
"c138150_g1_i1"	4.313	7.866	4.778	3.46	5.978	4.713	3.421	5.668	5.488	3.812	3.933	4.812	5.936	7.118	4.031	6.598	4.652	6.247	5.915	4.16	7.031	7.761	5.26	5.841	5.921	6.823	5.763	6.041	5.241	3.427	4.965	6.734	5.44	4.237	5.706	4.242	4.53
"c141425_g1_i3"	0.607	0	0.203	0.151	0.339	0.173	0	0.538	0.36	0.943	0.436	0.34	0.509	0.105	0	0.349	0.33	0	0	0	0.167	0	0.396	0.474	0.091	0.173	0	0.282	0.173	0.494	0	0.3	0.267	0.591	0.38	0.687	0
"c158351_g1_i1"	0	0	0	0	0	0	0	0	0	0	0	0	0	0	0	0	0	0	0	0	0	0	0	1.078	0	0	0	0	1.146	0	0	0	0	0	0	0	0
"c136216_g1_i2"	12.848	19.145	13.126	9.218	14.056	10.619	11.733	11.563	10.753	10.394	12.796	13.503	16.469	18.931	8.531	14.95	13.687	13.047	9.716	11.159	23.827	12.85	9.783	20.562	13.619	14.845	24.512	13.351	23.807	8.672	11.709	22.339	13.112	12.444	24.075	10.763	20.833
"c70923_g1_i1"	0.484	0	0	0	0.6	0	0	0	0	0	0	0	0	0.749	0	0	0	0	0	0	0	0	0.59	0	0	0	0	0	0	1.096	0	0.624	0.681	0	0	0	0
"c78222_g2_i1"	0	0	0	0	0	0.449	0.42	0	0	0	0	0	0	0	0	0.462	0.435	0	0	0	0	0	0	0	0	0	0.476	0	0	0	0	0	0.484	0.394	0	0	0
"c142585_g1_i3"	0.197	0.31	0.294	0.373	0.281	0.286	0.315	0.495	0.339	0.161	0.095	0.189	0.266	0.164	0.081	0.226	0.304	0.586	0.312	0.447	0.58	0.298	0.433	0.323	0.141	0.278	0.509	0.211	0.324	0.336	0.233	0.404	0.365	0.187	0.179	0.565	0.454
"c167618_g1_i1"	0	0	0	0	0	0	0	0	0	0	0.654	0	0	0	0	0	0	0	0	0	0	0	0	0	0	0	0	0	0	0	0	0.358	0	0	0	0	0.317
"c140279_g1_i1"	10.56	18.738	20.085	17.912	18.961	17.708	16.568	22.491	19.546	15.34	18.397	19.674	20.999	21.296	17.152	20.031	20.026	22.824	18.958	14.207	20.041	21.986	18.332	22.318	21.833	21.226	19.037	21.205	19.636	18.302	19.966	21.646	21.268	20.445	21.562	15.144	20.748
"c42901_g1_i1"	0	0	0	0	0	0	0	0	0	0	0.36	0	0	0	0	0	0	0	0	0	0	0	0	0	0.404	0	0	0	0	0	0.349	0.393	0	0	0	0	0
"c134299_g5_i1"	2.033	1.359	1.446	2.502	2.061	2.122	2.398	1.742	0.848	2.097	2.445	1.189	0	1.557	2.202	0	0.409	0.519	0.497	3.101	1.534	1.734	0.792	2.134	0.455	0	2.721	1.863	3.328	2.311	1.99	1.779	0.454	2.266	0.458	1.817	0.792
"c97698_g1_i1"	0.082	0.214	0.452	0	0	0	0	0	0.403	0.191	0	0.189	0	0.246	0.51	0.98	0	0	0	0.166	0.187	0	0	0	0	0.202	0.221	0	0.195	0	0	0	0.612	0	0	0	0.57
"c131689_g1_i1"	0.025	0.075	0.079	0.169	0.068	0.061	0.124	0	0.138	0.06	0	0	0	0	0.227	0	0	0	0	0.219	0.059	0.105	0.23	0.216	0.071	0	0	0.141	0	0.119	0	0.15	0	0.059	0.145	0.113	0.127
"c137043_g1_i1"	0.369	0.193	1.254	0.479	0.358	0.734	0.535	0.57	0.943	0.542	0.18	0.528	0.653	0	0.162	0	0	0.451	0.67	0.78	0.167	0.307	0.672	0.388	0.394	0.739	0.819	0.795	0	0	0.36	0.208	0.385	0.522	0.402	0.635	0.18
"c107814_g1_i1"	0.066	0.364	0.192	0.586	0	0	0.162	0	0.17	0	0.161	0	0	0.211	0	0.17	0	0	0	0	0	0.14	0.157	0	0.182	0.681	0	0.362	0.173	0.632	0.169	0.566	0	0	0	0.296	0.327
"c116769_g1_i1"	0.189	0.278	0.147	0.231	0.571	0.194	0.191	0.473	0.275	0.191	0.133	0.321	0.543	0.164	0.453	0.32	0.122	0.316	0.404	0.166	0.059	0.114	0.175	0.216	0.212	0.067	0	0.493	0.205	0.128	0.064	0.15	0.069	0.256	0.067	0.113	0.201
"c61224_g1_i1"	0	0	0.429	0	0.368	0	0.717	0.387	0	0	0	0	0	0.468	0.656	0	0	0	0	0	0	0	0	0	0	0	0	0	0.378	0	0	0	0	0	0	0	0
"c89100_g1_i1"	0.312	0	0	0	0	0	0	0	0	0	0	0	0	0	0.696	0	0	0	0	0.613	0	0	0	0	0.849	0	0.807	0	0	0	0	0	0	0	0	0	0
"c178302_g1_i1"	0	0	0	0	0	0	0	0	0	0	0	0	0	0	0	2.828	0	0	0	0	0	0	0	0	0	0	0	0	0	0	0	0	0	0	0	0	0
"c160278_g1_i1"	0.23	0	0	0	0	0	0.22	0	0.117	0	0	0.217	0.266	0.14	0.486	0.226	0.209	0.271	0.139	0.096	0.108	0.096	0	0.366	0	0	0	0	0	0	0	0	0	0	0.368	0.096	0
"c141630_g2_i1"	0.156	0	0	0	0	0	0.182	0	0	0	0	0	0.222	0	0	0.377	0	0	0.451	0.631	0.344	0	0	0.603	0	0.566	0	0	0	0	0.371	0.208	0	0.177	0	0.165	0
"c116270_g1_i1"	0.041	0	0.124	0	0.532	0	0	0	0.117	0	0	0.208	0.255	0.14	0	0	0	0	0	0	0	0	0.101	0.119	0	0.106	0	0.121	0	0.099	0	0	0	0	0.123	0	0
"c181969_g1_i1"	0	0	0	0	5.64	0	0	3.022	0	0	0	2.17	0	0	0	3.723	0	0	0	0	0	0	0	0	0	0	0	0	2.313	0	0	0	0	0	0	0	0
"c169329_g1_i1"	0	0	0	0	0	0	0	0	0	0.411	0.398	0	0	0	0	0	0	0	0	0	0	0	0	0	0	0	0	0	0.411	0	0	0	0	0	0	0	0
"c105317_g1_i4"	0.066	0	0	0	0	0	0.487	0	0	0	0	0	0	0.211	0	0.17	0	0	0	0	0	0	0	0	0	0	0.188	0	0.162	0	0	0	0.168	0	0.179	0	0
"c139993_g1_i2"	1.295	1.166	1.412	1.384	1.654	0.806	0.917	1.312	1.631	1.184	0.967	1.397	1.772	1.709	1.473	1.527	1.53	1.691	2.449	1.436	1.387	1.401	0.912	1.67	1.475	0.969	1.416	1.883	1.189	1.067	0.985	1.19	1.629	1.921	1.407	1.452	1.204
"c136939_g3_i1"	0.599	0	1.672	0.728	3.473	1.04	1.825	1.721	1.515	1.866	0.209	0	0.498	0	1.643	0	0.2	1.286	1.005	0	0.777	0.175	0.58	0.442	0.909	0.643	1.394	3.202	0.216	0.198	0.413	0.462	0	0	0.458	1.087	0.412
"c41544_g1_i1"	0	0	0	0	0	0	0	0	0	0	0.692	0	0	0	0	0	0	0	0	0.201	0	0	0	0	0	0	0	0	0.238	0.217	0	0.52	0	0.217	0	0	0
"c141803_g4_i6"	0	0	0	0	0	0.133	0.086	0.269	0.275	0.171	0.085	0	0.199	0.164	0.259	0.217	0.078	0.214	0	0	0.207	0.289	0	0	0.091	0.086	0	0	0.13	0	0.042	0.046	0.267	0.168	0	0.035	0.222
"c136789_g3_i7"	0.205	0.15	0	0.381	0.068	0.143	0.143	0.151	0	0	0.36	0.066	0	0.094	0.065	0.141	0	0	0.266	0	0.266	0	0	0	0	0	0	0	0	0.069	0	0	0.296	0.207	0	0.061	0
"c91060_g1_i2"	0	0	0	0.399	0	0	0	0	0	0	0	0	0	0	0	0	0	0	0	0	0	0	0	0	0	0	0	0	0	0	0	0	0	0	0	0	0
"c42425_g1_i1"	0.508	0	0.361	0.55	0.155	0	0	0	0	0	0	0	0	0	0.405	0.16	0.296	0	0	0.131	0	0	0.147	0.172	0.172	0	0	0.171	0	0	0	0	0.168	0.148	0.167	0.956	0.158
"c119896_g1_i1"	0.435	0.663	0	0.541	0	0.153	0	0	0	0	0.303	0	0	0.386	0.405	0.764	0.148	0.192	0.555	0	0.148	0.902	0.286	0.162	0	0.154	0	0.171	0	0.148	0	0.173	0	0.148	0	0.669	0
"c101897_g1_i2"	0.09	0	0	0	0.213	0.214	0	0	0.434	0	0	0.208	0.255	0	0	0	0	0.259	0	0	0	0	0	0	0	0	0	0	0	0	0	0.231	0	0	0	0	0
"c80833_g1_i1"	0	0	0.203	0	0	0	0	0	0	0	0	0	0	0	0	0	0	0	0	0	0	0	0	0	0	0	0	0	0.357	0.168	0	0	0	0.168	0	0	0
"c68647_g1_i1"	0	0	0	0	0	0	0	0	0	0	1.867	0	0	0	3.926	0	0	0	0	1.436	0	1.629	0	0	2.273	0	0	0	0	0	0	0	0	0	0	0	0
"c13535_g2_i1"	0	0	0	0	0	0	0	0	0	0	0	0	0	0	0	0	0	0	0	0	0	0.307	0	0	0	0	0	0	0.367	0	0	0	0.8	0	0	0	0
"c97155_g1_i1"	0	0	0	0	0	0	0	0	0	0	0	0	0	0	0	0	0	0	0	0	0	0	0	0	0	0	0	0	0	0	0	0	0	0	0	0	0
"c138530_g2_i1"	0.164	0	0.158	0.594	0	0.133	0.659	0	0	0.401	0.265	0.387	0	0	0	0	0	0.327	0	0.342	0	0.561	0.368	0	0.293	0.134	0	0	0	0	0	0.3	0	0	0	0.582	0.264
"c116133_g1_i1"	0.066	0.353	0	0	0	0	0	0.172	0	0	0	0	0	0	0	0	0	0	0.196	0	0.157	0.14	0	0.172	0	0	0	0	0	0	0	0	0.513	0	0	0	0
"c86201_g1_i1"	0	0	0	0.426	0	0.52	0.478	0	0.509	0	0	0	0	0	0.89	0	0	0	0	0	0	0	0	0	0	0	0	0.564	0	0	0	0	0	0.453	0	0	0
"c147110_g1_i1"	13.134	10.081	9.218	10.3	12.576	10.027	11.265	10.229	10.043	12.17	12.578	13.041	9.879	8.956	11.081	11.293	12.295	12.212	10.189	9.74	9.824	13.244	11.119	9.149	8.103	10.306	8.196	9.112	9.726	12.129	9.687	10.592	11.118	10.158	9.324	11.136	10.284
"c139946_g1_i1"	3.657	5.458	5.772	2.617	4.779	6.559	3.182	5.873	3.454	4.485	2.967	2.963	3.079	2.868	4.08	6.184	6.052	5.582	6.227	3.626	6.058	6.605	2.791	3.621	4.779	7.456	5.641	3.011	5.944	3.171	4.849	6.399	3.061	4.513	3.998	2.686	2.735
"c114470_g1_i2"	0.607	0.813	0	0	0.755	0	0	0	0	0	2.161	0.698	0	0	0	0.829	0	0	0	0	0	0	0.746	0	0	0	0	0.866	0	0	0	0	0	1.921	0	0.652	0.676
"c77303_g1_i1"	0	0.342	0.373	0.834	0	0	0	0	0.328	0	1.261	0	0	0	0	0	0.313	0.395	0	0	0	0	0	0	0	0	0	0	0	0	0.307	0.347	0.691	0.591	0.703	0	0
"c169366_g1_i1"	0.107	0.289	0	0	0.522	0.265	0	1.108	0.551	1.074	0	0	0.321	0.34	0.235	0	0	0	0	0	0	0	0	0.28	0.293	0.278	0	0.292	0.27	0.247	0	0	0.573	0	0.29	0.704	0
"c146202_g2_i4"	1.14	0.428	0.113	1.233	1.354	0.989	0.879	1.022	2.278	1.966	2.066	2.312	1.407	0.503	0.866	1.48	0.191	0.97	1.329	0.683	2.803	1.585	1.087	0.981	0.647	1.852	1.914	1.722	0.4	1.412	1.302	2.241	1.027	1.241	0.759	0	0.686
"c182635_g1_i1"	0	0	0	0	0	0	0	0	0	0	0	0	0	0	0	0	0	0	0	0	0	0	0	1.013	0	0	1.128	0	0	0	0	0	0	0	0	0	0
"c144090_g1_i2"	1.049	1.113	1.028	1.242	1.393	0.979	1.108	1.162	1.377	1.284	1.469	1.359	1.296	1.253	1.773	1.367	1.626	2.526	1.375	1.577	1.514	1.314	2.017	1.487	1.849	1.286	1.228	1.249	1.308	1.343	0.741	0.993	1.866	1.192	1.128	1.408	1.183
"c157006_g1_i1"	0	0	0	0	0	0	0	0	0	0	0	0	0	0	0	0	0	0	0	0	0	0	0	0.7	0	0	0	0.836	0	0	0	0	0.839	0	0	0	0
"c123976_g1_i2"	0.074	0.064	0.136	0	0.174	0.061	0.057	0.129	0.127	0.06	0.057	0.359	0.066	0.082	0.162	0	0	0	0.069	0.158	0.118	0	0.055	0	0	0.058	0.343	0	0.119	0	0	0.139	0.059	0.059	0	0	0
"c106216_g1_i2"	0	0	0.531	0	0	0	0.229	0	0	0	0	0	0.277	0	0.202	0	0	0	0	0	0	0	0	0	0	0	0	0	0	0	0	0	0	0	0	0	0
"c141997_g3_i3"	1.312	2.782	1.762	1.269	2.148	1.867	1.166	2.797	2.437	1.645	1.602	1.576	3.068	3.676	1.789	2.338	2.096	3.349	3.269	1.506	3.324	1.253	1.935	2.597	3.243	2.639	2.821	2.437	1.934	1.679	1.63	2.957	1.935	1.99	2.501	1.687	2.006
"c57021_g1_i1"	0	0	0	0	0	0	0	0.688	0	1.997	0	0	0	0	0	0	0	0.834	0.774	0	0.6	0	0.645	0	0	0	0	0	0	0	0	0.67	0.741	0	0	0	0
"c139685_g2_i3"	0.533	1.38	1.841	0.266	0.658	0.969	0.554	0.882	1.695	0.632	0.303	0.623	0.665	0.901	0.291	0.481	0.67	1.274	1.421	0.359	2.016	0.158	0.746	0.744	1.061	1.833	2.909	0.282	2.107	0.247	1.186	1.455	0.425	0.985	3.171	0.748	1.014
"c82732_g2_i1"	0.279	0	0	0	0.339	0	0.659	0.355	0	0	0	0	0	0.421	0.299	0	0	1.263	0.404	0	0.315	0.28	0	0	0	0	0.376	0	0.681	0.316	0	0	0.731	0.315	0	0.591	0.327
"c181811_g1_i2"	0	0	0	0	0	0	0	0	0	0	0.654	0	0	0	0	0	0	0	0	0	0.62	0	0	0	0	0	0	0	0	0	0	0	0	0	0	0	0
"c126742_g1_i1"	0.672	2.151	1.243	0.515	1.432	1.867	1.691	1.323	2.935	1.344	1.251	0.745	1.152	1.311	0.429	0.829	0.896	2.278	1.271	0.359	1.318	0.482	0.737	0.851	0.859	0.47	1.283	1.148	2.237	1.195	0.836	1.79	1.343	1.389	1.53	1	2.745
"c107293_g1_i1"	0.599	1.059	0.565	0.142	0.319	0.49	0.793	2.022	0.509	0.321	0.645	0.472	0.775	1.229	0.567	0.65	0.157	0.203	0.589	0.42	0	0.272	0.304	0.528	0.889	0.825	1.283	0.534	0.994	1.077	1.63	0.37	0.168	1.862	0.536	0.287	0.486
"c120871_g1_i1"	1.23	0	0	0	0	0	0.717	0.807	0	0.783	0	0	0	0.937	0.688	0	1.565	0	0	0	0	0.631	0	0	0	0	0	1.762	0	0	0	0	0	0	0	0	0
"c105560_g1_i1"	0.221	0	0	0	0.261	0	0	0	0	0	0	0	0	0.164	0.235	0.132	0	0.158	0.162	0	0	0.228	0	0	0	0	0	0	0	0	0	0	0	0	0	0	0
"c165810_g1_i1"	0	0	0	0	0	0	0	0	0	0	0	0	0	0	0	0	0	0	0	0	0	0	0	0	0	0	0	0	1.459	0	0	0	0	0	1.742	0	0
"c156791_g1_i1"	0	0	0	0	0.126	0	0	0	0	0.13	0.133	0	0	0	0	0	0	0	0	0	0	0	0	0	0	0	0	0	0.13	0	0	0.289	0	0.128	0	0	0
"c143762_g2_i1"	0.713	0	0	0.204	0	0.112	0.564	0.237	0.244	0.572	0.227	0.679	0.41	0	0.299	0.462	0.443	0	0	0.701	0.108	0.096	0.212	0.506	0.131	0.806	0.133	0.383	0.238	0.326	0.349	0.658	0	0.227	0.514	0.304	0
"c28969_g1_i2"	0	0	0	0	0	0	0	0	0	0.843	0	0	0	0	0	0	0	0	0	0	0	0	1.64	0	0	0	0	0	0	0	0	0	0	0	0	0	0
"c157580_g1_i1"	0	0	0	0	0	0	0	2.743	0	1.334	0	0	0	0	0	0	0	0	0	0	1.111	0	0	0	0	0	0	0	1.2	0	0	0	0	0	0	0	0
"c134001_g1_i1"	0.041	0	0.068	0.027	0.087	0	0	0.194	0.032	0.03	0.123	0.028	0.033	0.082	0.024	0.028	0	0.113	0.035	0.026	0.059	0.079	0.028	0	0	0.115	0	0.03	0.195	0.059	0.032	0.173	0.059	0.148	0.033	0.052	0
"c133195_g1_i1"	0.689	0.61	0.192	0.346	0.329	0.663	0.115	0.29	0.35	0.221	0.332	0.434	0.532	0.562	0.437	0.17	0.583	0.474	0.612	0.193	0.266	0.096	0.304	0.366	0.182	0.106	0.387	0.362	0.454	0.375	0.339	0.196	0.405	0.276	0.491	0.443	0.56
"c84065_g1_i1"	0.09	0.246	0.26	0.807	0	0	0	0.237	0.477	0	0.227	0	0.277	0	0	0	0	0	0.277	0	0.216	0	0.212	0	0	0.24	0	0.252	0.238	0	0.233	0	0	0.217	0	0	0.454
"c137600_g1_i2"	1.271	0.867	0.463	1.074	0.977	0.643	0.296	0.624	0.371	1.686	1.45	1.859	0.653	2.213	1.959	1.188	1.565	0.913	1.779	2.085	0.806	1.866	0.59	1.778	1.475	0.729	1.195	0.654	1.081	1.383	0.508	0.52	1.649	1.222	1.105	0.661	0.802
"c140767_g1_i1"	9.256	8.957	9.421	10.309	7.488	9.15	12.937	9.724	7.532	10.043	10.284	9.304	6.8	7.399	9.527	8.785	10.269	9.314	8.214	10.861	8.28	9.153	9.212	8.74	7.719	7.686	7.455	8.035	9.402	9.61	9.877	8.998	9.518	8.917	9.011	9.632	9.841
"c114294_g1_i2"	0	0	0	0.479	0	0	0	0	0	0	0	0	0	0	0	0	0	0	0	0	0	0	0	0	0	0	0	0	0	0	0	0	0	0	0	0	0
"c94576_g1_i1"	0	0	0	0	0	0	0	0	0	0	0	0	0	0	0	0	0	0	0	0	0	0	0	0	0	0	0	0	0	0	0	0	0	0	0	0	0
"c29420_g1_i1"	0	0	0	0	0	0	0	0	0	0	0.512	0	0	0	0	0	0	0	0	0	0	0	0	0	0	0	0	0	0.519	0	0	0	0	0	0	0	0
"c157300_g1_i1"	0	0	0	0	0	0	0	0	0	0	1.081	0	0	0	0	0	0	0	0	0	0	0	0	0	0	0	0	0	0.551	0	0	0	0	0	0	0	0
"c93268_g1_i1"	25.539	28.851	20.65	26.74	24.504	21.992	21.766	19.447	21.591	21.912	17.544	26.279	25.385	23.216	34.328	25.762	32.217	39.299	37.789	38.328	29.039	32.155	34.222	30.336	25.662	24.22	22.864	25.555	18.836	24.189	19.363	22.397	24.98	28.78	18.224	24.403	16.546
"c139178_g1_i1"	0.057	0	0.102	0.124	0.087	0.092	0	0	0	0.09	0	0	0.111	0	0.081	0.094	0.087	0.056	0.058	0.044	0	0.035	0.046	0.054	0.202	0.182	0.111	0	0.097	0	0	0.104	0	0	0.056	0.043	0.042
"c83928_g1_i1"	0	0	0	0	0	0.245	0	0	0	0	0	0	0	0	0	0	0	0	0	0	0	0	0	0	0	0	0	0	0	0	0	0	0	0	0	0	0
"c135612_g3_i1"	0.115	0	0.124	0.098	0.329	0	0.057	0.463	0.466	0.161	0	0.057	0.133	0.14	0.194	0.217	0.052	0.338	0.277	0.333	0.738	0.096	0.304	0.366	0.061	0.432	0.122	0	0.454	0.267	0.169	0.312	0.118	0.049	0.246	0.052	0.053
"c75852_g1_i1"	0	0	0	0	0	0	0	0	0	0	0	0	0	0	0	0.32	0	0	0.751	0	0	0.263	0	0.323	0	0	0	0	0	0.286	0	0.335	0.336	0	0	0	0
"c126952_g1_i1"	0.221	0.663	0.35	0.479	0.977	0.153	0.382	0.323	0.731	0.231	0.844	0.453	0.277	0.094	0.202	0.075	0.296	0.09	0.185	0.201	0.148	0.193	0.424	0.334	0.172	0.297	0.265	0.332	0.076	0.069	0.318	0.092	0.158	0.296	0	0.2	0.158
"c134873_g2_i3"	1.049	2.226	0	2.466	1.016	1.295	1.749	0	2.384	3.08	1.014	0.991	0.31	0.644	0.453	0.782	0	0.631	0	1.953	1.682	0	2.156	0	0.283	2.169	1.139	3.121	0.259	1.442	2.784	1.987	2.192	0.236	0	0.452	1.003
"c114595_g1_i2"	0.271	0	0	0	0.106	0	0	0	0.117	0.11	0.114	0.104	0	0	0.194	0	0.209	0	0	0.569	0	0	0.101	0.119	0.121	0	0	0	0	0.207	0	0	0	0	0	0	0
"c114439_g1_i2"	0	0	0	0	0	0	0	0	0	0	0	0.387	0	0.503	0	0	0	0	0	0	0	0	0	0.42	0	0	0.885	0	0	0	0	0	0.444	0	0	0	0
"c69961_g1_i1"	0	0	0	0	0	0.989	0	1	0	0	0	0	0	0	0	0	0	0	0	0.727	0.836	0.762	0	0.873	0	1.382	0	0	0	0	0	0	0	0	0	0.817	0
"c158295_g1_i1"	0	0	0	0	0	0	0	0	0	0.722	0	0	0	0	0	0	0	0	0	0	0	0	0	0	0	0	0	0	0.692	0	0	0.716	0	0	0	0	0
"c158411_g1_i1"	0	0	0	0	0	0	0	0	0	0	1.099	0	0	0	0	0	0	0	0	0.893	0	0	0	1.056	0	0	0	0	0	0	2.996	0	0	0	0	0	0
"c7607_g1_i1"	0.049	0	0	0	0	0	0	0	0	0.13	0	0.123	0	0.164	0	0	0	0	0	0.219	0	0	0	0	0	0	0	0.141	0	0	0	0	0.138	0	0	0	0
"c121993_g1_i2"	0.172	0	0.124	0.186	0.31	0.418	0.21	0.215	0.222	0.421	0	0.311	0.122	0	0.186	0.207	0.2	0.383	0.127	0.368	0.197	0	0.295	0.345	0	0.106	0	0.111	0.324	0.405	0.106	0.116	0	0.099	0.112	0.278	0.106
"c144790_g1_i6"	2.05	1.894	2.463	2.085	1.432	1.132	2.331	1.334	1.462	1.184	1.469	1.434	2.414	1.124	0.567	0.999	2.4	0.789	2.022	0.946	2.026	2.067	1.198	0.959	1.041	1.219	1.062	2.467	1.081	1.264	0.783	1.247	0.721	0.956	2.3	1.095	1.563
"c137958_g1_i1"	0.18	0.096	0.294	0.195	0.126	0	0.172	0.312	0	0.171	0	0.038	0.155	0.059	0.113	0.132	0	0.214	0.474	0	0	0.149	0.396	0.237	0.475	0.038	0.299	0.191	0	0.326	0.402	0.3	0.227	0.335	0	0	0.18
"c921_g1_i1"	0	0	0	0	0	0	0	1.226	0	0	0	0	0	0	0	0	0	0	0	0	0	0	0	0	0	0	0	0	0	1.995	0	0	0	0	0	0	0
"c172028_g1_i1"	0	0	2.451	0	0	0	0	0	0	0	1.791	0	0	0	0	0	0	0	0	0	0	0	0	0	0	0	0	0	0	0	0	0	0	0	0	0	0
"c51369_g1_i1"	0	0	0	0	0	0	0	0	0	0	0.787	0	0	0	0	0	0	0	0	0	0	0	0	0	0	0	0	0	0	0	0	0.427	0	0	0	0	0
"c159102_g1_i1"	0	0	0	0	0	0	0	0	0	0	0	0	0	0	0	0	0	0	0	0.499	0	0	0	0	0	0	0	0	0.605	0	0	0	0	0.542	0	0	0
"c136854_g6_i1"	0	0	0	0	0	0	0	0	0	0	0	0	0	0	0	0	0	0	0	0	0	0	0	0	0	0	0	0	0	0	0	0	0	0	0	0	0
